mapid	source	spanX	spanY	scrollX_800x600	scrollY_800x600	scrollX_1280x720	scrollY_1280x720	pinned_1280x720
551030006	none							?
550000300	VR	1890	1820	1090	1220	610	1100	0
540020100	VR	2360	1520	1560	920	1080	800	0
540000300	VR	2640	1175	1840	575	1360	455	0
541010020	VR	800	600	0	0	0	0	1
551030016	none							?
541010030	VR	800	600	0	0	0	0	1
540010100	VR	1300	630	500	30	20	0	1
551030011	none							?
551030100	VR	2270	2095	1470	1495	990	1375	0
540000200	VR	2730	1510	1930	910	1450	790	0
551030200	VR	1475	1800	675	1200	195	1080	0
540000000	VR	5515	1436	4715	836	4235	716	0
541000000	VR	5550	950	4750	350	4270	230	0
551030010	none							?
541010000	VR	1600	600	800	0	320	0	1
540010101	VR	800	600	0	0	0	0	1
551030007	none							?
551000000	VR	2255	2010	1455	1410	975	1290	0
551020000	VR	1550	1800	750	1200	270	1080	0
540010002	VR	810	580	10	0	0	0	1
541000200	VR	4080	600	3280	0	2800	0	1
551030003	none							?
540010001	VR	1110	620	310	20	0	0	1
551030002	none							?
551000200	VR	2085	2210	1285	1610	805	1490	0
551030015	none							?
551000100	VR	2080	1830	1280	1230	800	1110	0
551030000	VR	2085	2200	1285	1600	805	1480	0
550000400	VR	1980	1780	1180	1180	700	1060	0
551030009	none							?
541000300	VR	4100	1335	3300	735	2820	615	0
541000100	VR	5060	1100	4260	500	3780	380	0
540000100	VR	3810	1020	3010	420	2530	300	0
541010050	VR	1600	600	800	0	320	0	1
551030001	foothold-est	1622	966	822	366	342	246	0
551030004	none							?
541010010	VR	1595	600	795	0	315	0	1
551010000	VR	2180	2210	1380	1610	900	1490	0
541010110	VR	1805	1025	1005	425	525	305	0
550000100	VR	2150	2210	1350	1610	870	1490	0
550000000	VR	4780	2090	3980	1490	3500	1370	0
540020000	VR	3440	1620	2640	1020	2160	900	0
551030019	none							?
551030018	none							?
551030020	none							?
551030012	none							?
551030013	none							?
551030014	none							?
551030005	none							?
541010060	VR	800	600	0	0	0	0	1
551030008	none							?
541010040	VR	1590	610	790	10	310	0	1
551030017	none							?
541010100	VR	1060	600	260	0	0	0	1
550000200	VR	2210	1940	1410	1340	930	1220	0
540010000	VR	1200	615	400	15	0	0	1
683000117	VR	1385	2077	585	1477	105	1357	0
683000109	VR	1385	2077	585	1477	105	1357	0
682010101	VR	1062	709	262	109	0	0	1
680000003	VR	800	600	0	0	0	0	1
610020000	foothold-est	4160	2045	3360	1445	2880	1325	0
677000012	VR	1710	1475	910	875	430	755	0
682000504	VR	1050	767	250	167	0	47	1
682000404	foothold-est	1102	160	302	0	0	0	1
610030600	VR	3532	1179	2732	579	2252	459	0
677000002	foothold-est	1108	940	308	340	0	220	1
683000118	VR	1385	2077	585	1477	105	1357	0
600010400	foothold-est	6674	1221	5874	621	5394	501	0
610030200	VR	3158	827	2358	227	1878	107	0
682000402	foothold-est	1096	160	296	0	0	0	1
682010203	foothold-est	2322	884	1522	284	1042	164	0
610030011	VR	1770	1000	970	400	490	280	0
680000500	foothold-est	1286	704	486	104	6	0	1
682000303	foothold-est	1098	160	298	0	0	0	1
600020400	foothold-est	2900	2464	2100	1864	1620	1744	0
683000103	VR	1385	2077	585	1477	105	1357	0
674030200	foothold-est	1182	905	382	305	0	185	1
600000000	foothold-est	6215	2578	5415	1978	4935	1858	0
682000606	VR	1053	770	253	170	0	50	1
610010002	foothold-est	3896	954	3096	354	2616	234	0
610030700	VR	2566	890	1766	290	1286	170	0
610010004	foothold-est	2636	792	1836	192	1356	72	0
682010102	VR	1062	709	262	109	0	0	1
680000400	foothold-est	2276	1866	1476	1266	996	1146	0
610010202	foothold-est	2456	912	1656	312	1176	192	0
677000009	foothold-est	1100	340	300	0	0	0	1
670000100	foothold-est	2006	1206	1206	606	726	486	0
683000105	VR	1385	2077	585	1477	105	1357	0
683000113	VR	1385	2077	585	1477	105	1357	0
680000000	foothold-est	6776	2531	5976	1931	5496	1811	0
610030010	VR	3110	1800	2310	1200	1830	1080	0
677000010	foothold-est	1288	160	488	0	8	0	1
682010202	foothold-est	2322	884	1522	284	1042	164	0
610010201	foothold-est	2456	912	1656	312	1176	192	0
682000501	VR	1054	845	254	245	0	125	1
682010201	foothold-est	2322	884	1522	284	1042	164	0
610010003	foothold-est	3356	1092	2556	492	2076	372	0
610020002	foothold-est	2720	2225	1920	1625	1440	1505	0
683010000	foothold-est	842	855	42	255	0	135	1
610020005	foothold-est	2180	1625	1380	1025	900	905	0
610010101	foothold-est	3986	372	3186	0	2706	0	1
683000112	VR	1385	2077	585	1477	105	1357	0
680000200	foothold-est	840	669	40	69	0	0	1
600010600	VR	3349	2053	2549	1453	2069	1333	0
600020500	foothold-est	2900	1984	2100	1384	1620	1264	0
683000116	VR	1385	2077	585	1477	105	1357	0
670010100	foothold-est	1900	485	1100	0	620	0	1
682010100	VR	1062	709	262	109	0	0	1
610030000	VR	2453	991	1653	391	1173	271	0
600020200	foothold-est	2540	2320	1740	1720	1260	1600	0
610030522	VR	4385	1130	3585	530	3105	410	0
610010000	foothold-est	3176	1032	2376	432	1896	312	0
677000006	foothold-est	1047	1162	247	562	0	442	1
610030014	VR	1770	1000	970	400	490	280	0
610030015	VR	1770	1000	970	400	490	280	0
683070401	VR	1618	1560	818	960	338	840	0
600020100	foothold-est	2542	1895	1742	1295	1262	1175	0
610020010	foothold-est	2450	785	1650	185	1170	65	0
610030300	VR	2750	3450	1950	2850	1470	2730	0
600020600	foothold-est	2900	754	2100	154	1620	34	0
610030500	foothold-est	3260	2104	2460	1504	1980	1384	0
610020014	foothold-est	2270	965	1470	365	990	245	0
600010300	foothold-est	2894	1337	2094	737	1614	617	0
670011000	foothold-est	926	640	126	40	0	0	1
682000305	foothold-est	1098	200	298	0	0	0	1
670010200	foothold-est	5500	2590	4700	1990	4220	1870	0
610030540	VR	3310	1350	2510	750	2030	630	0
682000602	VR	1052	765	252	165	0	45	1
674030100	foothold-est	1092	485	292	0	0	0	1
683000114	VR	1385	2077	585	1477	105	1357	0
610030800	VR	2400	1170	1600	570	1120	450	0
681000000	VR	793	594	0	0	0	0	1
683000120	VR	1385	2077	585	1477	105	1357	0
600010005	VR	1960	594	1160	0	680	0	1
600010001	VR	1197	471	397	0	0	0	1
610030020	foothold-est	2810	1024	2010	424	1530	304	0
677000008	foothold-est	1100	1120	300	520	0	400	1
683000123	VR	1385	2077	585	1477	105	1357	0
610030013	VR	1770	1000	970	400	490	280	0
682010002	foothold-est	1624	160	824	0	344	0	1
600010004	VR	1047	600	247	0	0	0	1
610020006	VR	1916	1603	1116	1003	636	883	0
670010700	foothold-est	2440	1150	1640	550	1160	430	0
670010750	foothold-est	1900	2620	1100	2020	620	1900	0
682000502	VR	1055	790	255	190	0	70	1
680000110	VR	800	600	0	0	0	0	1
670010300	foothold-est	1810	2315	1010	1715	530	1595	0
610010005	foothold-est	3536	1212	2736	612	2256	492	0
680100000	foothold-est	1016	897	216	297	0	177	1
600000001	VR	931	572	131	0	0	0	1
683000111	VR	1385	2077	585	1477	105	1357	0
683000107	VR	1385	2077	585	1477	105	1357	0
683000127	VR	1385	2077	585	1477	105	1357	0
677000003	foothold-est	1288	340	488	0	8	0	1
682000600	foothold-est	2130	478	1330	0	850	0	1
610020012	foothold-est	2270	965	1470	365	990	245	0
610010100	foothold-est	3986	372	3186	0	2706	0	1
670010000	foothold-est	2906	426	2106	0	1626	0	1
610030550	VR	1583	1854	783	1254	303	1134	0
610020003	foothold-est	2225	1685	1425	1085	945	965	0
682000001	foothold-est	2096	335	1296	0	816	0	1
677000011	foothold-est	1558	2140	758	1540	278	1420	0
683000121	VR	1385	2077	585	1477	105	1357	0
683070402	VR	2158	1560	1358	960	878	840	0
682000500	foothold-est	2126	483	1326	0	846	0	1
682000405	foothold-est	1098	198	298	0	0	0	1
610030400	VR	2520	2051	1720	1451	1240	1331	0
610010200	foothold-est	2456	912	1656	312	1176	192	0
610020015	foothold-est	2450	785	1650	185	1170	65	0
680000100	VR	800	600	0	0	0	0	1
610030521	VR	4395	1120	3595	520	3115	400	0
610020013	foothold-est	2270	965	1470	365	990	245	0
683000100	VR	1385	2077	585	1477	105	1357	0
680000300	VR	800	592	0	0	0	0	1
677000007	VR	1035	594	235	0	0	0	1
680000401	VR	800	600	0	0	0	0	1
682000302	foothold-est	1098	160	298	0	0	0	1
680010000	foothold-est	2276	1351	1476	751	996	631	0
682010001	foothold-est	1624	160	824	0	344	0	1
683000101	VR	1385	2077	585	1477	105	1357	0
683000106	VR	1385	2077	585	1477	105	1357	0
600010100	foothold-est	2354	1412	1554	812	1074	692	0
670010600	foothold-est	19090	1450	18290	850	17810	730	0
670010302	foothold-est	1810	2315	1010	1715	530	1595	0
682000000	foothold-est	2096	622	1296	22	816	0	1
610010010	foothold-est	2096	335	1296	0	816	0	1
682000300	foothold-est	2126	529	1326	0	846	0	1
683000110	VR	1385	2077	585	1477	105	1357	0
600020000	foothold-est	1730	4534	930	3934	450	3814	0
682000100	foothold-est	3690	1165	2890	565	2410	445	0
677000013	VR	1710	1475	910	875	430	755	0
600020300	foothold-est	3170	1817	2370	1217	1890	1097	0
682000304	foothold-est	1096	160	296	0	0	0	1
670010301	foothold-est	1810	2315	1010	1715	530	1595	0
610020011	foothold-est	2450	785	1650	185	1170	65	0
682000400	foothold-est	2126	530	1326	0	846	0	1
680000002	VR	799	534	0	0	0	0	1
682000503	VR	1055	783	255	183	0	63	1
680000001	VR	800	600	0	0	0	0	1
677000005	VR	998	599	198	0	0	0	1
683000128	VR	1385	2077	585	1477	105	1357	0
682000505	VR	1053	773	253	173	0	53	1
610030100	foothold-est	3260	964	2460	364	1980	244	0
610010013	foothold-est	2096	335	1296	0	816	0	1
600010500	foothold-est	4064	1908	3264	1308	2784	1188	0
682000401	foothold-est	1103	160	303	0	0	0	1
670000200	foothold-est	2096	1206	1296	606	816	486	0
610010012	foothold-est	2096	335	1296	0	816	0	1
682000506	VR	1053	770	253	170	0	50	1
670010400	foothold-est	2440	501	1640	0	1160	0	1
682000601	VR	1045	828	245	228	0	108	1
677000004	foothold-est	1256	1165	456	565	0	445	1
682000603	VR	1052	765	252	165	0	45	1
682000604	VR	1047	762	247	162	0	42	1
674030000	foothold-est	3072	2765	2272	2165	1792	2045	0
600010002	VR	1047	600	247	0	0	0	1
682000700	foothold-est	3338	2429	2538	1829	2058	1709	0
682000800	foothold-est	3690	1107	2890	507	2410	387	0
683000129	VR	1385	2077	585	1477	105	1357	0
683000000	VR	1024	1662	224	1062	0	942	1
680010100	foothold-est	2276	1236	1476	636	996	516	0
682010000	foothold-est	1624	160	824	0	344	0	1
600010003	VR	1960	594	1160	0	680	0	1
610010104	foothold-est	3986	372	3186	0	2706	0	1
680000004	VR	848	611	48	11	0	0	1
674030300	VR	1660	2473	860	1873	380	1753	0
680100002	VR	1565	1240	765	640	285	520	0
610010001	foothold-est	2546	1332	1746	732	1266	612	0
682000403	foothold-est	1099	160	299	0	0	0	1
683000124	VR	1385	2077	585	1477	105	1357	0
683000108	VR	1385	2077	585	1477	105	1357	0
683000122	VR	1385	2077	585	1477	105	1357	0
683000102	VR	1385	2077	585	1477	105	1357	0
610020004	foothold-est	2998	2832	2198	2232	1718	2112	0
683000104	VR	1385	2077	585	1477	105	1357	0
683000119	VR	1385	2077	585	1477	105	1357	0
610030012	VR	1770	1000	970	400	490	280	0
600010200	foothold-est	2354	2331	1554	1731	1074	1611	0
682000301	foothold-est	1100	160	300	0	0	0	1
680000210	VR	1204	609	404	9	0	0	1
682000200	foothold-est	1076	4191	276	3591	0	3471	1
610010103	foothold-est	3986	372	3186	0	2706	0	1
682010200	foothold-est	986	3891	186	3291	0	3171	1
680100001	foothold-est	1198	725	398	125	0	5	1
610010102	foothold-est	3986	372	3186	0	2706	0	1
670010800	foothold-est	1990	1420	1190	820	710	700	0
683070400	VR	2428	1460	1628	860	1148	740	0
610030530	VR	2300	1548	1500	948	1020	828	0
610010011	foothold-est	2096	335	1296	0	816	0	1
680100003	foothold-est	1200	1460	400	860	0	740	1
610030520	VR	6010	1330	5210	730	4730	610	0
610030510	VR	2048	2867	1248	2267	768	2147	0
682000306	foothold-est	1100	160	300	0	0	0	1
683000115	VR	1385	2077	585	1477	105	1357	0
682000406	foothold-est	1100	160	300	0	0	0	1
670010500	foothold-est	1810	910	1010	310	530	190	0
683000126	VR	1385	2077	585	1477	105	1357	0
682000605	VR	1049	778	249	178	0	58	1
677000001	foothold-est	1288	340	488	0	8	0	1
682000900	foothold-est	2696	2061	1896	1461	1416	1341	0
600010000	foothold-est	3074	1287	2274	687	1794	567	0
683000125	VR	1385	2077	585	1477	105	1357	0
677000000	foothold-est	1018	1150	218	550	0	430	1
610020001	foothold-est	4430	2465	3630	1865	3150	1745	0
709000604	VR	2467	1990	1667	1390	1187	1270	0
709000605	VR	1137	1230	337	630	0	510	1
390000125	VR	2418	1180	1618	580	1138	460	0
390000319	VR	1876	1198	1076	598	596	478	0
300000002	VR	798	634	0	34	0	0	1
390000204	VR	2056	1208	1256	608	776	488	0
390000013	VR	1880	1180	1080	580	600	460	0
300000012	VR	798	596	0	0	0	0	1
390000041	VR	1880	1180	1080	580	600	460	0
300010000	VR	2158	970	1358	370	878	250	0
300000010	VR	800	895	0	295	0	175	1
300010200	VR	2063	970	1263	370	783	250	0
390000202	VR	2056	1208	1256	608	776	488	0
390000600	VR	1158	1708	358	1108	0	988	1
390000036	VR	1880	1180	1080	580	600	460	0
390000208	VR	2056	1208	1256	608	776	488	0
390000035	VR	1880	1180	1080	580	600	460	0
390000300	VR	1876	1198	1076	598	596	478	0
390000042	VR	1880	1180	1080	580	600	460	0
390000145	VR	2418	1180	1618	580	1138	460	0
390000001	VR	1880	1180	1080	580	600	460	0
390000100	VR	2239	1180	1439	580	959	460	0
390000003	VR	1880	1180	1080	580	600	460	0
390000044	VR	1880	1180	1080	580	600	460	0
390000700	VR	2236	1180	1436	580	956	460	0
390000404	VR	2417	1180	1617	580	1137	460	0
390000139	VR	2418	1180	1618	580	1138	460	0
390000144	VR	2418	1180	1618	580	1138	460	0
390000134	VR	2418	1180	1618	580	1138	460	0
390000141	VR	2418	1180	1618	580	1138	460	0
390000029	VR	1880	1180	1080	580	600	460	0
390000312	VR	1876	1198	1076	598	596	478	0
300000011	VR	793	596	0	0	0	0	1
390000309	VR	1876	1198	1076	598	596	478	0
390000500	VR	2236	1180	1436	580	956	460	0
390000704	VR	2236	1180	1436	580	956	460	0
390000017	VR	1880	1180	1080	580	600	460	0
390000218	VR	2056	1208	1256	608	776	488	0
300010300	VR	2153	970	1353	370	873	250	0
390000027	VR	1880	1180	1080	580	600	460	0
390000021	VR	1880	1180	1080	580	600	460	0
390000032	VR	1880	1180	1080	580	600	460	0
390000407	VR	2417	1180	1617	580	1137	460	0
390000137	VR	2418	1180	1618	580	1138	460	0
390000142	VR	2418	1180	1618	580	1138	460	0
390000148	VR	2418	1180	1618	580	1138	460	0
390000603	VR	1158	1708	358	1108	0	988	1
390000304	VR	1876	1198	1076	598	596	478	0
390000011	VR	1880	1180	1080	580	600	460	0
390000014	VR	1880	1180	1080	580	600	460	0
390000015	VR	1880	1180	1080	580	600	460	0
390000803	VR	1878	1180	1078	580	598	460	0
390000101	VR	2418	1180	1618	580	1138	460	0
390000401	VR	2417	1180	1617	580	1137	460	0
390000703	VR	2236	1180	1436	580	956	460	0
390000149	VR	2418	1180	1618	580	1138	460	0
390001001	VR	2055	1180	1255	580	775	460	0
390000702	VR	2236	1180	1436	580	956	460	0
390000409	VR	2417	1180	1617	580	1137	460	0
390000210	VR	2056	1208	1256	608	776	488	0
390000028	VR	1880	1180	1080	580	600	460	0
390000038	VR	1880	1180	1080	580	600	460	0
300010100	VR	1978	960	1178	360	698	240	0
390000008	VR	1880	1180	1080	580	600	460	0
390000143	VR	2418	1180	1618	580	1138	460	0
390000214	VR	2056	1208	1256	608	776	488	0
390000109	VR	2418	1180	1618	580	1138	460	0
390000203	VR	2056	1208	1256	608	776	488	0
390000006	VR	1880	1180	1080	580	600	460	0
390000307	VR	1876	1198	1076	598	596	478	0
390001003	VR	2055	1180	1255	580	775	460	0
390000303	VR	1876	1198	1076	598	596	478	0
390000105	VR	2418	1180	1618	580	1138	460	0
390000406	VR	2417	1180	1617	580	1137	460	0
390000026	VR	1880	1180	1080	580	600	460	0
390000022	VR	1880	1180	1080	580	600	460	0
390000503	VR	2236	1180	1436	580	956	460	0
390000045	VR	1880	1180	1080	580	600	460	0
300020100	VR	2068	960	1268	360	788	240	0
390000211	VR	2056	1208	1256	608	776	488	0
390000111	VR	2418	1180	1618	580	1138	460	0
390000131	VR	2418	1180	1618	580	1138	460	0
390000047	VR	1880	1180	1080	580	600	460	0
390000005	VR	1880	1180	1080	580	600	460	0
390000302	VR	1876	1198	1076	598	596	478	0
390000900	VR	1697	1180	897	580	417	460	0
300020200	VR	1978	970	1178	370	698	250	0
390000118	VR	2418	1180	1618	580	1138	460	0
390000701	VR	2236	1180	1436	580	956	460	0
390000012	VR	1880	1180	1080	580	600	460	0
390000216	VR	2056	1208	1256	608	776	488	0
390000000	VR	1880	1180	1080	580	600	460	0
390000123	VR	2418	1180	1618	580	1138	460	0
390000502	VR	2236	1180	1436	580	956	460	0
390000110	VR	2418	1180	1618	580	1138	460	0
390000318	VR	1876	1198	1076	598	596	478	0
390000033	VR	1880	1180	1080	580	600	460	0
300000100	VR	1253	870	453	270	0	150	1
390000129	VR	2418	1180	1618	580	1138	460	0
390000116	VR	2418	1180	1618	580	1138	460	0
390000602	VR	1158	1708	358	1108	0	988	1
300000001	VR	793	644	0	44	0	0	1
390000200	VR	2056	1208	1256	608	776	488	0
390000030	VR	1880	1180	1080	580	600	460	0
390000019	VR	1880	1180	1080	580	600	460	0
390000408	VR	2417	1180	1617	580	1137	460	0
390000024	VR	1880	1180	1080	580	600	460	0
390000316	VR	1876	1198	1076	598	596	478	0
390000314	VR	1876	1198	1076	598	596	478	0
390000800	VR	1878	1180	1078	580	598	460	0
390000308	VR	1876	1198	1076	598	596	478	0
390000138	VR	2418	1180	1618	580	1138	460	0
390000007	VR	1880	1180	1080	580	600	460	0
390000115	VR	2418	1180	1618	580	1138	460	0
300000000	VR	6928	980	6128	380	5648	260	0
390000402	VR	2417	1180	1617	580	1137	460	0
390000902	VR	1697	1180	897	580	417	460	0
390000121	VR	2418	1180	1618	580	1138	460	0
390000207	VR	2056	1208	1256	608	776	488	0
390000108	VR	2418	1180	1618	580	1138	460	0
390000037	VR	1880	1180	1080	580	600	460	0
390000046	VR	1880	1180	1080	580	600	460	0
390000119	VR	2418	1180	1618	580	1138	460	0
390000301	VR	1876	1198	1076	598	596	478	0
390000504	VR	2236	1180	1436	580	956	460	0
390000010	VR	1880	1180	1080	580	600	460	0
390000206	VR	2056	1208	1256	608	776	488	0
390000140	VR	2418	1180	1618	580	1138	460	0
390000209	VR	2056	1208	1256	608	776	488	0
390000040	VR	1880	1180	1080	580	600	460	0
390000120	VR	2418	1180	1618	580	1138	460	0
390000023	VR	1880	1180	1080	580	600	460	0
390000112	VR	2418	1180	1618	580	1138	460	0
390000311	VR	1876	1198	1076	598	596	478	0
390000136	VR	2418	1180	1618	580	1138	460	0
390000122	VR	2418	1180	1618	580	1138	460	0
390000117	VR	2418	1180	1618	580	1138	460	0
390000146	VR	2418	1180	1618	580	1138	460	0
390000219	VR	2056	1208	1256	608	776	488	0
300030000	VR	1528	970	728	370	248	250	0
390000205	VR	2056	1208	1256	608	776	488	0
390000004	VR	1880	1180	1080	580	600	460	0
390000801	VR	1878	1180	1078	580	598	460	0
390000135	VR	2418	1180	1618	580	1138	460	0
390000305	VR	1876	1198	1076	598	596	478	0
390000306	VR	1876	1198	1076	598	596	478	0
390000039	VR	1880	1180	1080	580	600	460	0
390000113	VR	2418	1180	1618	580	1138	460	0
390000147	VR	2418	1180	1618	580	1138	460	0
390000904	VR	1697	1180	897	580	417	460	0
390000215	VR	2056	1208	1256	608	776	488	0
390000104	VR	2418	1180	1618	580	1138	460	0
390000400	VR	2417	1180	1617	580	1137	460	0
390000103	VR	2418	1180	1618	580	1138	460	0
390000313	VR	1876	1198	1076	598	596	478	0
390000106	VR	2418	1180	1618	580	1138	460	0
390000317	VR	1876	1198	1076	598	596	478	0
390000102	VR	2418	1180	1618	580	1138	460	0
390000002	VR	1880	1180	1080	580	600	460	0
390000133	VR	2418	1180	1618	580	1138	460	0
390000213	VR	2056	1208	1256	608	776	488	0
300010400	VR	2338	970	1538	370	1058	250	0
390000403	VR	2417	1180	1617	580	1137	460	0
390000901	VR	1697	1180	897	580	417	460	0
390000124	VR	2418	1180	1618	580	1138	460	0
390000114	VR	2418	1180	1618	580	1138	460	0
390000310	VR	1876	1198	1076	598	596	478	0
390000020	VR	1880	1180	1080	580	600	460	0
390000126	VR	2418	1180	1618	580	1138	460	0
390000031	VR	1880	1180	1080	580	600	460	0
390000132	VR	2418	1180	1618	580	1138	460	0
390000802	VR	1878	1180	1078	580	598	460	0
300020000	VR	1978	970	1178	370	698	250	0
390000009	VR	1880	1180	1080	580	600	460	0
390000018	VR	1880	1180	1080	580	600	460	0
390000601	VR	1158	1708	358	1108	0	988	1
390000025	VR	1880	1180	1080	580	600	460	0
390000016	VR	1880	1180	1080	580	600	460	0
390009999	VR	1152	1180	352	580	0	460	1
300030100	VR	898	810	98	210	0	90	1
390000804	VR	1878	1180	1078	580	598	460	0
390000903	VR	1697	1180	897	580	417	460	0
390000127	VR	2418	1180	1618	580	1138	460	0
390000315	VR	1876	1198	1076	598	596	478	0
390000217	VR	2056	1208	1256	608	776	488	0
390001002	VR	2055	1180	1255	580	775	460	0
390000405	VR	2417	1180	1617	580	1137	460	0
390000130	VR	2418	1180	1618	580	1138	460	0
390000049	VR	1880	1180	1080	580	600	460	0
390000128	VR	2418	1180	1618	580	1138	460	0
390000048	VR	1880	1180	1080	580	600	460	0
390000501	VR	2236	1180	1436	580	956	460	0
390000212	VR	2056	1208	1256	608	776	488	0
390000201	VR	2056	1208	1256	608	776	488	0
390001000	VR	2055	1180	1255	580	775	460	0
390000107	VR	2418	1180	1618	580	1138	460	0
390000043	VR	1880	1180	1080	580	600	460	0
390000034	VR	1880	1180	1080	580	600	460	0
390001004	VR	2055	1180	1255	580	775	460	0
390000604	VR	1158	1708	358	1108	0	988	1
925031002	VR	990	806	190	206	0	86	1
910000008	VR	1745	1555	945	955	465	835	0
925030900	VR	990	806	190	206	0	86	1
926021105	VR	990	685	190	85	0	0	1
900020100	VR	2428	1555	1628	955	1148	835	0
910033106	VR	2160	1297	1360	697	880	577	0
910000020	foothold-est	1650	846	850	246	370	126	0
980043204	none							?
970000106	VR	800	600	0	0	0	0	1
910050000	VR	800	735	0	135	0	15	1
925033803	VR	990	806	190	206	0	86	1
900090001	VR	800	600	0	0	0	0	1
921100000	VR	2760	690	1960	90	1480	0	1
925022301	VR	990	806	190	206	0	86	1
900090004	VR	800	600	0	0	0	0	1
900090100	VR	800	600	0	0	0	0	1
922010403	foothold-est	1906	535	1106	0	626	0	1
910320103	VR	800	600	0	0	0	0	1
925031003	VR	990	806	190	206	0	86	1
910041210	VR	1080	600	280	0	0	0	1
980010010	VR	1379	668	579	68	99	0	1
926021308	VR	990	685	190	85	0	0	1
980032000	VR	870	600	70	0	0	0	1
922210200	VR	1335	1526	535	926	55	806	0
925021903	VR	990	806	190	206	0	86	1
900090000	VR	800	600	0	0	0	0	1
910000006	foothold-est	1376	845	576	245	96	125	0
925030601	VR	990	806	190	206	0	86	1
926013503	VR	990	685	190	85	0	0	1
926010300	VR	990	685	190	85	0	0	1
970000000	foothold-est	1030	490	230	0	0	0	1
925021605	VR	990	806	190	206	0	86	1
925100201	VR	2796	983	1996	383	1516	263	0
910000013	foothold-est	1346	955	546	355	66	235	0
926010102	VR	990	685	190	85	0	0	1
980042008	none							?
920010300	VR	800	3669	0	3069	0	2949	1
921100301	foothold-est	850	160	50	0	0	0	1
925023805	VR	990	806	190	206	0	86	1
922210100	VR	1335	1526	535	926	55	806	0
980031103	VR	1995	1170	1195	570	715	450	0
910000021	foothold-est	1650	846	850	246	370	126	0
980000010	VR	805	600	5	0	0	0	1
926010063	VR	990	685	190	85	0	0	1
925022205	VR	990	806	190	206	0	86	1
926021500	VR	990	685	190	85	0	0	1
922212700	VR	1335	1526	535	926	55	806	0
980043006	VR	800	3510	0	2910	0	2790	1
925020402	VR	990	806	190	206	0	86	1
925033502	VR	990	806	190	206	0	86	1
900030000	VR	1888	1080	1088	480	608	360	0
980010200	foothold-est	850	340	50	0	0	0	1
980000204	VR	805	600	5	0	0	0	1
926000000	foothold-est	1210	160	410	0	0	0	1
925023709	VR	990	806	190	206	0	86	1
980041207	none							?
926022202	VR	990	685	190	85	0	0	1
922241012	VR	1200	1190	400	590	0	470	1
920010500	foothold-est	770	2620	0	2020	0	1900	1
910033119	VR	2160	1297	1360	697	880	577	0
922010300	VR	800	3240	0	2640	0	2520	1
910020302	foothold-est	1030	4600	230	4000	0	3880	1
926023100	VR	990	685	190	85	0	0	1
980043007	VR	800	3510	0	2910	0	2790	1
922240015	VR	9720	934	8920	334	8440	214	0
925032903	VR	990	806	190	206	0	86	1
926022309	VR	990	685	190	85	0	0	1
925022607	VR	990	806	190	206	0	86	1
910041310	VR	1080	600	280	0	0	0	1
910031002	VR	1250	1985	450	1385	0	1265	1
910033016	VR	2160	735	1360	135	880	15	0
910000014	foothold-est	1346	955	546	355	66	235	0
926013303	VR	990	685	190	85	0	0	1
925023208	VR	990	806	190	206	0	86	1
980032105	VR	1745	1650	945	1050	465	930	0
925022708	VR	990	806	190	206	0	86	1
910020201	foothold-est	1030	4600	230	4000	0	3880	1
910033305	VR	900	735	100	135	0	15	1
925021503	VR	990	806	190	206	0	86	1
910033203	VR	2430	1298	1630	698	1150	578	0
922240009	VR	9720	934	8920	334	8440	214	0
980031000	VR	870	600	70	0	0	0	1
910031015	VR	1250	1985	450	1385	0	1265	1
925023407	VR	990	806	190	206	0	86	1
910031017	VR	1250	1985	450	1385	0	1265	1
925021203	VR	990	806	190	206	0	86	1
980010201	foothold-est	1390	785	590	185	110	65	0
925020504	VR	990	806	190	206	0	86	1
980042209	none							?
926010059	VR	990	685	190	85	0	0	1
910031023	VR	1250	1985	450	1385	0	1265	1
910031024	VR	1250	1985	450	1385	0	1265	1
926023502	VR	990	685	190	85	0	0	1
926010023	VR	990	685	190	85	0	0	1
900090003	VR	800	600	0	0	0	0	1
925030801	VR	990	806	190	206	0	86	1
926022101	VR	990	685	190	85	0	0	1
925020003	VR	1230	6495	430	5895	0	5775	1
920011200	VR	1080	846	280	246	0	126	1
910031014	VR	1250	1985	450	1385	0	1265	1
914000210	VR	1438	1080	638	480	158	360	0
910033002	VR	2160	735	1360	135	880	15	0
926021501	VR	990	685	190	85	0	0	1
925022306	VR	990	806	190	206	0	86	1
925020701	VR	990	806	190	206	0	86	1
920010930	foothold-est	770	2335	0	1735	0	1615	1
913040102	VR	800	600	0	0	0	0	1
910033008	VR	2160	735	1360	135	880	15	0
910033009	VR	2160	735	1360	135	880	15	0
925022009	VR	990	806	190	206	0	86	1
922230200	VR	904	8244	104	7644	0	7524	1
914000200	VR	1438	1080	638	480	158	360	0
926120402	VR	980	1185	180	585	0	465	1
910033014	VR	2160	735	1360	135	880	15	0
910033015	VR	2160	735	1360	135	880	15	0
925021404	VR	990	806	190	206	0	86	1
980033006	VR	870	600	70	0	0	0	1
926021304	VR	990	685	190	85	0	0	1
926022204	VR	990	685	190	85	0	0	1
980043108	none							?
910033007	VR	2160	735	1360	135	880	15	0
926023307	VR	990	685	190	85	0	0	1
925032000	VR	990	806	190	206	0	86	1
922230202	VR	904	8244	104	7644	0	7524	1
910010100	foothold-est	850	460	50	0	0	0	1
980032201	VR	870	600	70	0	0	0	1
925030402	VR	990	806	190	206	0	86	1
910330108	VR	800	600	0	0	0	0	1
910033218	VR	2430	1298	1630	698	1150	578	0
910033012	VR	2160	735	1360	135	880	15	0
910033111	VR	2160	1297	1360	697	880	577	0
925021002	VR	990	806	190	206	0	86	1
925031200	VR	990	806	190	206	0	86	1
926022105	VR	990	685	190	85	0	0	1
925023303	VR	990	806	190	206	0	86	1
924000002	foothold-est	850	160	50	0	0	0	1
925023603	VR	990	806	190	206	0	86	1
990000502	VR	2250	839	1450	239	970	119	0
925033700	VR	990	806	190	206	0	86	1
925023109	VR	990	806	190	206	0	86	1
910033201	VR	2430	1298	1630	698	1150	578	0
910000005	foothold-est	1376	845	576	245	96	125	0
910031012	VR	1250	1985	450	1385	0	1265	1
922241001	VR	1200	1190	400	590	0	470	1
926022506	VR	990	685	190	85	0	0	1
910033206	VR	2430	1298	1630	698	1150	578	0
922241019	VR	1200	1190	400	590	0	470	1
926020106	VR	990	685	190	85	0	0	1
910033209	VR	2430	1298	1630	698	1150	578	0
926013201	VR	990	685	190	85	0	0	1
925023207	VR	990	806	190	206	0	86	1
910330303	VR	800	600	0	0	0	0	1
980000104	VR	805	600	5	0	0	0	1
980031005	VR	870	600	70	0	0	0	1
925022600	VR	990	806	190	206	0	86	1
922240008	VR	9720	934	8920	334	8440	214	0
910033217	VR	2430	1298	1630	698	1150	578	0
925033104	VR	990	806	190	206	0	86	1
980032207	VR	870	600	70	0	0	0	1
910033300	VR	900	735	100	135	0	15	1
910060004	none							?
912000000	foothold-est	1660	670	860	70	380	0	1
910320100	VR	800	600	0	0	0	0	1
926011401	VR	990	685	190	85	0	0	1
922240103	VR	905	720	105	120	0	0	1
920010800	VR	1520	1780	720	1180	240	1060	0
913010300	VR	1258	965	458	365	0	245	1
910033308	VR	900	735	100	135	0	15	1
925022501	VR	990	806	190	206	0	86	1
910320204	VR	800	600	0	0	0	0	1
914090004	VR	800	600	0	0	0	0	1
925030902	VR	990	806	190	206	0	86	1
910000009	VR	1745	1555	945	955	465	835	0
925023009	VR	990	806	190	206	0	86	1
925023202	VR	990	806	190	206	0	86	1
910033316	VR	900	735	100	135	0	15	1
920010000	VR	2420	2253	1620	1653	1140	1533	0
926110500	VR	1120	590	320	0	0	0	1
925030102	VR	990	806	190	206	0	86	1
922230102	VR	904	2144	104	1544	0	1424	1
926022201	VR	990	685	190	85	0	0	1
925032904	VR	990	806	190	206	0	86	1
980041205	none							?
925032600	VR	990	806	190	206	0	86	1
910330208	VR	800	600	0	0	0	0	1
980033206	VR	870	600	70	0	0	0	1
925031603	VR	990	806	190	206	0	86	1
980032002	VR	870	600	70	0	0	0	1
922230203	VR	904	8244	104	7644	0	7524	1
925032100	VR	990	806	190	206	0	86	1
926022402	VR	990	685	190	85	0	0	1
920010604	foothold-est	2278	725	1478	125	998	5	0
910032000	VR	1170	1940	370	1340	0	1220	1
925031800	VR	990	806	190	206	0	86	1
980042201	none							?
926020300	VR	990	685	190	85	0	0	1
926021400	VR	990	685	190	85	0	0	1
910041110	VR	1080	600	280	0	0	0	1
910033219	VR	2430	1298	1630	698	1150	578	0
925031100	VR	990	806	190	206	0	86	1
910520004	VR	813	600	13	0	0	0	1
925021008	VR	990	806	190	206	0	86	1
925022101	VR	990	806	190	206	0	86	1
910031019	VR	1250	1985	450	1385	0	1265	1
926010079	VR	990	685	190	85	0	0	1
922010100	VR	800	4360	0	3760	0	3640	1
910050300	VR	1435	890	635	290	155	170	0
926013501	VR	990	685	190	85	0	0	1
926010012	VR	990	685	190	85	0	0	1
925030404	VR	990	806	190	206	0	86	1
980042003	none							?
910060101	foothold-est	1660	760	860	160	380	40	0
980000402	VR	810	715	10	115	0	0	1
925023705	VR	990	806	190	206	0	86	1
910330109	VR	800	600	0	0	0	0	1
926013304	VR	990	685	190	85	0	0	1
920030000	VR	1248	2020	448	1420	0	1300	1
922240016	VR	9720	934	8920	334	8440	214	0
922010501	VR	800	4320	0	3720	0	3600	1
926021303	VR	990	685	190	85	0	0	1
920010932	foothold-est	770	1915	0	1315	0	1195	1
922230205	VR	904	8244	104	7644	0	7524	1
910200000	VR	1170	1475	370	875	0	755	1
926012304	VR	990	685	190	85	0	0	1
980044204	none							?
926010015	VR	990	685	190	85	0	0	1
922240018	VR	9720	934	8920	334	8440	214	0
910220001	none							?
910220002	none							?
926020509	VR	990	685	190	85	0	0	1
980031007	VR	870	600	70	0	0	0	1
926020200	VR	990	685	190	85	0	0	1
990000600	VR	4137	599	3337	0	2857	0	1
925033302	VR	990	806	190	206	0	86	1
925021303	VR	990	806	190	206	0	86	1
922210000	VR	1335	1526	535	926	55	806	0
925021906	VR	990	806	190	206	0	86	1
925022100	VR	990	806	190	206	0	86	1
926020003	VR	800	707	0	107	0	0	1
980000202	VR	805	600	5	0	0	0	1
910320011	VR	800	600	0	0	0	0	1
910320012	VR	800	600	0	0	0	0	1
910320013	VR	800	600	0	0	0	0	1
926010037	VR	990	685	190	85	0	0	1
925030200	VR	990	806	190	206	0	86	1
913040104	VR	800	600	0	0	0	0	1
910320017	VR	800	600	0	0	0	0	1
980042101	none							?
910320019	VR	800	600	0	0	0	0	1
922000021	VR	3454	629	2654	29	2174	0	1
925023401	VR	990	806	190	206	0	86	1
926021207	VR	990	685	190	85	0	0	1
910320010	VR	800	600	0	0	0	0	1
925021907	VR	990	806	190	206	0	86	1
925023503	VR	990	806	190	206	0	86	1
926013404	VR	990	685	190	85	0	0	1
910320027	VR	800	600	0	0	0	0	1
910320028	VR	800	600	0	0	0	0	1
925021405	VR	990	806	190	206	0	86	1
925033204	VR	990	806	190	206	0	86	1
925032700	VR	990	806	190	206	0	86	1
925022504	VR	990	806	190	206	0	86	1
970020005	VR	1418	830	618	230	138	110	0
925020602	VR	990	806	190	206	0	86	1
925022908	VR	990	806	190	206	0	86	1
922230103	VR	904	2144	104	1544	0	1424	1
910320202	VR	800	600	0	0	0	0	1
910020200	foothold-est	1030	4600	230	4000	0	3880	1
922230106	VR	904	2144	104	1544	0	1424	1
925022407	VR	990	806	190	206	0	86	1
925023307	VR	990	806	190	206	0	86	1
925021502	VR	990	806	190	206	0	86	1
980044000	VR	800	3520	0	2920	0	2800	1
926110400	VR	1390	592	590	0	110	0	1
925021004	VR	990	806	190	206	0	86	1
925020604	VR	990	806	190	206	0	86	1
925020902	VR	990	806	190	206	0	86	1
926100302	VR	780	3606	0	3006	0	2886	1
925022204	VR	990	806	190	206	0	86	1
910220004	none							?
910330105	VR	800	600	0	0	0	0	1
925021509	VR	990	806	190	206	0	86	1
980032109	VR	1745	1650	945	1050	465	930	0
926021402	VR	990	685	190	85	0	0	1
922030000	VR	800	590	0	0	0	0	1
910330200	VR	800	600	0	0	0	0	1
923000100	VR	800	600	0	0	0	0	1
925023700	VR	990	806	190	206	0	86	1
980044202	none							?
925020203	VR	990	806	190	206	0	86	1
926010085	VR	990	685	190	85	0	0	1
980042205	none							?
926012300	VR	990	685	190	85	0	0	1
900090002	VR	800	600	0	0	0	0	1
925020608	VR	990	806	190	206	0	86	1
926010011	VR	990	685	190	85	0	0	1
980033209	VR	870	600	70	0	0	0	1
925023701	VR	990	806	190	206	0	86	1
913040106	VR	800	600	0	0	0	0	1
920010100	VR	799	2706	0	2106	0	1986	1
910330305	VR	800	600	0	0	0	0	1
910040004	VR	1080	600	280	0	0	0	1
925020705	VR	990	806	190	206	0	86	1
926023203	VR	990	685	190	85	0	0	1
980044002	none							?
910400000	VR	780	589	0	0	0	0	1
925033200	VR	990	806	190	206	0	86	1
910041200	VR	1890	1532	1090	932	610	812	0
926110304	VR	780	3606	0	3006	0	2886	1
910510202	VR	1254	890	454	290	0	170	1
926023501	VR	990	685	190	85	0	0	1
922240006	VR	9720	934	8920	334	8440	214	0
914090201	VR	800	600	0	0	0	0	1
910040210	VR	1080	600	280	0	0	0	1
925031902	VR	990	806	190	206	0	86	1
910520000	VR	813	600	13	0	0	0	1
925020309	VR	990	806	190	206	0	86	1
910033107	VR	2160	1297	1360	697	880	577	0
910000007	VR	1756	1555	956	955	476	835	0
980043101	none							?
925033400	VR	990	806	190	206	0	86	1
970033000	foothold-est	850	625	50	25	0	0	1
990000400	VR	2250	1160	1450	560	970	440	0
926020201	VR	990	685	190	85	0	0	1
926010404	VR	990	685	190	85	0	0	1
926011503	VR	990	685	190	85	0	0	1
913020000	VR	1258	965	458	365	0	245	1
926011102	VR	990	685	190	85	0	0	1
925020506	VR	990	806	190	206	0	86	1
910060001	none							?
925020303	VR	990	806	190	206	0	86	1
925030701	VR	990	806	190	206	0	86	1
926010304	VR	990	685	190	85	0	0	1
925021508	VR	990	806	190	206	0	86	1
990000000	VR	1616	1120	816	520	336	400	0
980042103	none							?
926010032	VR	990	685	190	85	0	0	1
970000002	VR	800	600	0	0	0	0	1
925020100	VR	990	806	190	206	0	86	1
926012103	VR	990	685	190	85	0	0	1
925022700	VR	990	806	190	206	0	86	1
920011000	VR	800	2817	0	2217	0	2097	1
926022206	VR	990	685	190	85	0	0	1
913020300	VR	1258	965	458	365	0	245	1
922240004	VR	9720	934	8920	334	8440	214	0
925031904	VR	990	806	190	206	0	86	1
926020108	VR	990	685	190	85	0	0	1
926021203	VR	990	685	190	85	0	0	1
926020406	VR	990	685	190	85	0	0	1
913040004	VR	800	600	0	0	0	0	1
970000104	VR	800	600	0	0	0	0	1
926130101	VR	920	594	120	0	0	0	1
925021007	VR	990	806	190	206	0	86	1
926022108	VR	990	685	190	85	0	0	1
922230105	VR	904	2144	104	1544	0	1424	1
910033101	VR	2160	1297	1360	697	880	577	0
925022502	VR	990	806	190	206	0	86	1
900020110	VR	2428	1555	1628	955	1148	835	0
925022001	VR	990	806	190	206	0	86	1
925031203	VR	990	806	190	206	0	86	1
925032200	VR	990	806	190	206	0	86	1
926130201	VR	974	600	174	0	0	0	1
926010202	VR	990	685	190	85	0	0	1
980040000	foothold-est	840	820	40	220	0	100	1
926010028	VR	990	685	190	85	0	0	1
926023101	VR	990	685	190	85	0	0	1
925021200	VR	990	806	190	206	0	86	1
910330207	VR	800	600	0	0	0	0	1
912010000	VR	887	587	87	0	0	0	1
980040010	foothold-est	850	160	50	0	0	0	1
925022201	VR	990	806	190	206	0	86	1
980043209	none							?
925023402	VR	990	806	190	206	0	86	1
922020300	VR	1246	600	446	0	0	0	1
925023501	VR	990	806	190	206	0	86	1
925031201	VR	990	806	190	206	0	86	1
980043008	VR	800	3510	0	2910	0	2790	1
922241004	VR	1200	1190	400	590	0	470	1
925033403	VR	990	806	190	206	0	86	1
926011400	VR	990	685	190	85	0	0	1
910031029	VR	1250	1985	450	1385	0	1265	1
925032303	VR	990	806	190	206	0	86	1
926010504	VR	990	685	190	85	0	0	1
925023105	VR	990	806	190	206	0	86	1
926010083	VR	990	685	190	85	0	0	1
925033703	VR	990	806	190	206	0	86	1
925030604	VR	990	806	190	206	0	86	1
922240106	VR	905	720	105	120	0	0	1
910020203	foothold-est	1030	4600	230	4000	0	3880	1
914090100	VR	800	600	0	0	0	0	1
914090200	VR	800	600	0	0	0	0	1
910330309	VR	800	600	0	0	0	0	1
926110202	VR	1868	824	1068	224	588	104	0
926022104	VR	990	685	190	85	0	0	1
910041100	VR	1890	1532	1090	932	610	812	0
925020206	VR	990	806	190	206	0	86	1
910033005	VR	2160	735	1360	135	880	15	0
925023308	VR	990	806	190	206	0	86	1
914000410	VR	1438	1080	638	480	158	360	0
926110203	VR	1180	595	380	0	0	0	1
925021104	VR	990	806	190	206	0	86	1
925023300	VR	990	806	190	206	0	86	1
925023806	VR	990	806	190	206	0	86	1
926010068	VR	990	685	190	85	0	0	1
925020501	VR	990	806	190	206	0	86	1
930000800	VR	808	630	8	30	0	0	1
910033208	VR	2430	1298	1630	698	1150	578	0
921110000	foothold-est	7320	1266	6520	666	6040	546	0
925020101	VR	990	806	190	206	0	86	1
970030007	foothold-est	850	160	50	0	0	0	1
970030009	foothold-est	850	160	50	0	0	0	1
922210700	VR	1335	1526	535	926	55	806	0
925032502	VR	990	806	190	206	0	86	1
910320015	VR	800	600	0	0	0	0	1
926130000	VR	1709	596	909	0	429	0	1
910000017	foothold-est	1346	955	546	355	66	235	0
920010921	foothold-est	770	1855	0	1255	0	1135	1
926010053	VR	990	685	190	85	0	0	1
925100202	VR	2395	983	1595	383	1115	263	0
926010033	VR	990	685	190	85	0	0	1
910120003	none							?
990000410	VR	2228	1759	1428	1159	948	1039	0
980031209	VR	870	600	70	0	0	0	1
910000022	foothold-est	1650	846	850	246	370	126	0
924000000	foothold-est	850	160	50	0	0	0	1
980033009	VR	870	600	70	0	0	0	1
980033103	VR	1995	1170	1195	570	715	450	0
925032202	VR	990	806	190	206	0	86	1
922030020	VR	800	600	0	0	0	0	1
980000602	VR	801	598	1	0	0	0	1
926022205	VR	990	685	190	85	0	0	1
925023301	VR	990	806	190	206	0	86	1
925040100	VR	1253	1489	453	889	0	769	1
926011404	VR	990	685	190	85	0	0	1
922230303	foothold-est	948	4600	148	4000	0	3880	1
980033105	VR	1995	1170	1195	570	715	450	0
925032002	VR	990	806	190	206	0	86	1
925023409	VR	990	806	190	206	0	86	1
922000020	VR	3454	629	2654	29	2174	0	1
925021807	VR	990	806	190	206	0	86	1
926011201	VR	990	685	190	85	0	0	1
910310001	none							?
922010200	VR	800	3430	0	2830	0	2710	1
910033018	VR	2160	735	1360	135	880	15	0
925022406	VR	990	806	190	206	0	86	1
926022200	VR	990	685	190	85	0	0	1
922010401	foothold-est	1906	535	1106	0	626	0	1
920010600	foothold-est	770	3175	0	2575	0	2455	1
910330102	VR	800	600	0	0	0	0	1
980000404	VR	711	672	0	72	0	0	1
925022606	VR	990	806	190	206	0	86	1
910033306	VR	900	735	100	135	0	15	1
910120001	none							?
922000010	VR	800	7426	0	6826	0	6706	1
926020109	VR	990	685	190	85	0	0	1
926012302	VR	990	685	190	85	0	0	1
926100202	VR	1868	824	1068	224	588	104	0
922010506	VR	800	4320	0	3720	0	3600	1
980041109	none							?
922010700	VR	800	2160	0	1560	0	1440	1
925032503	VR	990	806	190	206	0	86	1
925023408	VR	990	806	190	206	0	86	1
922011000	VR	800	4950	0	4350	0	4230	1
922011100	VR	800	1650	0	1050	0	930	1
922020000	foothold-est	3617	1318	2817	718	2337	598	0
925032500	VR	990	806	190	206	0	86	1
910031008	VR	1250	1985	450	1385	0	1265	1
980042106	none							?
980042200	none							?
925022709	VR	990	806	190	206	0	86	1
925032501	VR	990	806	190	206	0	86	1
926022306	VR	990	685	190	85	0	0	1
925020209	VR	990	806	190	206	0	86	1
926013103	VR	990	685	190	85	0	0	1
922030022	VR	1163	560	363	0	0	0	1
926022107	VR	990	685	190	85	0	0	1
925022603	VR	990	806	190	206	0	86	1
910033103	VR	2160	1297	1360	697	880	577	0
910000003	foothold-est	1376	845	576	245	96	125	0
925020201	VR	990	806	190	206	0	86	1
925022000	VR	990	806	190	206	0	86	1
980041106	none							?
980033104	VR	1995	1170	1195	570	715	450	0
920010900	VR	800	3704	0	3104	0	2984	1
914000220	VR	1438	1080	638	480	158	360	0
925021501	VR	990	806	190	206	0	86	1
925032400	VR	990	806	190	206	0	86	1
910330301	VR	800	600	0	0	0	0	1
970000005	VR	800	600	0	0	0	0	1
980042109	none							?
922211400	VR	1335	1526	535	926	55	806	0
910033317	VR	900	735	100	135	0	15	1
910033001	VR	2160	735	1360	135	880	15	0
925020708	VR	990	806	190	206	0	86	1
926010203	VR	990	685	190	85	0	0	1
920010920	foothold-est	770	2335	0	1735	0	1615	1
910033105	VR	2160	1297	1360	697	880	577	0
925022706	VR	990	806	190	206	0	86	1
923000000	VR	1440	2170	640	1570	160	1450	0
912030004	none							?
980000201	VR	2156	599	1356	0	876	0	1
926022103	VR	990	685	190	85	0	0	1
926010502	VR	990	685	190	85	0	0	1
980032005	VR	870	600	70	0	0	0	1
926022401	VR	990	685	190	85	0	0	1
980032106	VR	1745	1650	945	1050	465	930	0
910060100	foothold-est	1660	760	860	160	380	40	0
910033214	VR	2430	1298	1630	698	1150	578	0
926020506	VR	990	685	190	85	0	0	1
930000200	VR	2968	970	2168	370	1688	250	0
922010500	VR	800	2400	0	1800	0	1680	1
926021503	VR	990	685	190	85	0	0	1
926010060	VR	990	685	190	85	0	0	1
926012303	VR	990	685	190	85	0	0	1
980031203	VR	870	600	70	0	0	0	1
980000101	VR	2156	599	1356	0	876	0	1
980041200	VR	800	760	0	160	0	40	1
925030400	VR	990	806	190	206	0	86	1
914090010	VR	800	600	0	0	0	0	1
910320304	VR	800	600	0	0	0	0	1
990000640	VR	1439	745	639	145	159	25	0
925020013	VR	990	806	190	206	0	86	1
926023403	VR	990	685	190	85	0	0	1
926020302	VR	990	685	190	85	0	0	1
922240000	VR	9720	934	8920	334	8440	214	0
980042207	none							?
922230302	foothold-est	948	4600	148	4000	0	3880	1
925021000	VR	990	806	190	206	0	86	1
925022805	VR	990	806	190	206	0	86	1
922230304	foothold-est	948	4600	148	4000	0	3880	1
925032900	VR	990	806	190	206	0	86	1
922230306	foothold-est	948	4600	148	4000	0	3880	1
921100100	VR	1080	1750	280	1150	0	1030	1
926020404	VR	990	685	190	85	0	0	1
926011504	VR	990	685	190	85	0	0	1
925023108	VR	990	806	190	206	0	86	1
910320102	VR	800	600	0	0	0	0	1
910330106	VR	800	600	0	0	0	0	1
900020220	foothold-est	1930	160	1130	0	650	0	1
926022301	VR	990	685	190	85	0	0	1
925020709	VR	990	806	190	206	0	86	1
980032202	VR	870	600	70	0	0	0	1
910330302	VR	800	600	0	0	0	0	1
910033211	VR	2430	1298	1630	698	1150	578	0
925033300	VR	990	806	190	206	0	86	1
926022109	VR	990	685	190	85	0	0	1
980041005	none							?
922240013	VR	9720	934	8920	334	8440	214	0
980031206	VR	870	600	70	0	0	0	1
926021202	VR	990	685	190	85	0	0	1
980031201	VR	870	600	70	0	0	0	1
980032300	VR	835	600	35	0	0	0	1
925032703	VR	990	806	190	206	0	86	1
922240014	VR	9720	934	8920	334	8440	214	0
926021205	VR	990	685	190	85	0	0	1
921100200	VR	1110	650	310	50	0	0	1
925022209	VR	990	806	190	206	0	86	1
925022702	VR	990	806	190	206	0	86	1
910210000	VR	1341	905	541	305	61	185	0
925020401	VR	990	806	190	206	0	86	1
925020400	VR	990	806	190	206	0	86	1
922240107	VR	905	720	105	120	0	0	1
921100210	VR	990	1670	190	1070	0	950	1
930000100	VR	3148	970	2348	370	1868	250	0
925023505	VR	990	806	190	206	0	86	1
925020405	VR	990	806	190	206	0	86	1
922211500	VR	1335	1526	535	926	55	806	0
925033303	VR	990	806	190	206	0	86	1
926012503	VR	990	685	190	85	0	0	1
925030301	VR	990	806	190	206	0	86	1
925021407	VR	990	806	190	206	0	86	1
922240117	VR	905	720	105	120	0	0	1
926022409	VR	990	685	190	85	0	0	1
926011202	VR	990	685	190	85	0	0	1
925020805	VR	990	806	190	206	0	86	1
925023502	VR	990	806	190	206	0	86	1
922010502	VR	800	4320	0	3720	0	3600	1
925021107	VR	990	806	190	206	0	86	1
900090102	VR	800	600	0	0	0	0	1
925020807	VR	990	806	190	206	0	86	1
925023400	VR	990	806	190	206	0	86	1
922241006	VR	1200	1190	400	590	0	470	1
922241007	VR	1200	1190	400	590	0	470	1
925032800	VR	990	806	190	206	0	86	1
910041120	VR	1080	600	280	0	0	0	1
922241010	VR	1200	1190	400	590	0	470	1
925021006	VR	990	806	190	206	0	86	1
926020202	VR	990	685	190	85	0	0	1
922010400	VR	800	2780	0	2180	0	2060	1
910320300	VR	800	600	0	0	0	0	1
980042005	none							?
922241016	VR	1200	1190	400	590	0	470	1
922030021	VR	1973	560	1173	0	693	0	1
925021308	VR	990	806	190	206	0	86	1
922240113	VR	905	720	105	120	0	0	1
925030304	VR	990	806	190	206	0	86	1
925020305	VR	990	806	190	206	0	86	1
922240104	VR	905	720	105	120	0	0	1
923010000	VR	1032	817	232	217	0	97	1
922241015	VR	1200	1190	400	590	0	470	1
925023003	VR	990	806	190	206	0	86	1
926013104	VR	990	685	190	85	0	0	1
925023106	VR	990	806	190	206	0	86	1
925023803	VR	990	806	190	206	0	86	1
925032104	VR	990	806	190	206	0	86	1
926010020	VR	990	685	190	85	0	0	1
925023005	VR	990	806	190	206	0	86	1
925021809	VR	990	806	190	206	0	86	1
925022906	VR	990	806	190	206	0	86	1
926020103	VR	990	685	190	85	0	0	1
923010100	VR	800	599	0	0	0	0	1
910220003	none							?
924010200	VR	1196	770	396	170	0	50	1
922240005	VR	9720	934	8920	334	8440	214	0
912030000	foothold-est	1429	1205	629	605	149	485	0
990000610	VR	1890	607	1090	7	610	0	1
980042000	foothold-est	884	3152	84	2552	0	2432	1
910000015	foothold-est	1346	955	546	355	66	235	0
925020011	VR	990	806	190	206	0	86	1
980032004	VR	870	600	70	0	0	0	1
925022305	VR	990	806	190	206	0	86	1
990000630	VR	1259	596	459	0	0	0	1
925021905	VR	990	806	190	206	0	86	1
925031303	VR	990	806	190	206	0	86	1
970010000	VR	1440	785	640	185	160	65	0
922210800	VR	1335	1526	535	926	55	806	0
925020205	VR	990	806	190	206	0	86	1
926013101	VR	990	685	190	85	0	0	1
925022208	VR	990	806	190	206	0	86	1
925023707	VR	990	806	190	206	0	86	1
925020108	VR	990	806	190	206	0	86	1
914090003	VR	800	600	0	0	0	0	1
925033604	VR	990	806	190	206	0	86	1
922241000	VR	1200	1190	400	590	0	470	1
925022907	VR	990	806	190	206	0	86	1
910000002	foothold-est	1376	845	576	245	96	125	0
912020000	foothold-est	2443	498	1643	0	1163	0	1
980041101	none							?
922211800	VR	1335	1526	535	926	55	806	0
925040001	VR	990	806	190	206	0	86	1
925023008	VR	990	806	190	206	0	86	1
910033313	VR	900	735	100	135	0	15	1
926010077	VR	990	685	190	85	0	0	1
926120404	VR	980	1185	180	585	0	465	1
926020308	VR	990	685	190	85	0	0	1
980041206	none							?
925020202	VR	990	806	190	206	0	86	1
922212200	VR	1335	1526	535	926	55	806	0
925022900	VR	990	806	190	206	0	86	1
910320023	VR	800	600	0	0	0	0	1
925021803	VR	990	806	190	206	0	86	1
925010200	foothold-est	1390	1120	590	520	110	400	0
922212400	VR	1335	1526	535	926	55	806	0
925100000	VR	3613	1247	2813	647	2333	527	0
926011500	VR	990	685	190	85	0	0	1
925033603	VR	990	806	190	206	0	86	1
910033118	VR	2160	1297	1360	697	880	577	0
926120200	VR	1606	640	806	40	326	0	1
926021305	VR	990	685	190	85	0	0	1
922230100	VR	904	2144	104	1544	0	1424	1
926023202	VR	990	685	190	85	0	0	1
925020409	VR	990	806	190	206	0	86	1
925020500	VR	990	806	190	206	0	86	1
980031102	VR	1995	1170	1195	570	715	450	0
925020301	VR	990	806	190	206	0	86	1
925020503	VR	990	806	190	206	0	86	1
910520002	VR	813	600	13	0	0	0	1
925020505	VR	990	806	190	206	0	86	1
925032801	VR	990	806	190	206	0	86	1
925023704	VR	990	806	190	206	0	86	1
925031702	VR	990	806	190	206	0	86	1
926023402	VR	990	685	190	85	0	0	1
914090002	VR	800	600	0	0	0	0	1
925020107	VR	990	806	190	206	0	86	1
910033006	VR	2160	735	1360	135	880	15	0
925020901	VR	990	806	190	206	0	86	1
980041104	none							?
913040005	VR	800	600	0	0	0	0	1
925023007	VR	990	806	190	206	0	86	1
926023507	VR	990	685	190	85	0	0	1
925020603	VR	990	806	190	206	0	86	1
922010600	VR	800	3570	0	2970	0	2850	1
925020700	VR	990	806	190	206	0	86	1
925033404	VR	990	806	190	206	0	86	1
925020606	VR	990	806	190	206	0	86	1
910000001	foothold-est	1376	845	576	245	96	125	0
980033107	VR	1995	1170	1195	570	715	450	0
922240100	VR	905	720	105	120	0	0	1
913000100	VR	1798	1495	998	895	518	775	0
925020707	VR	990	806	190	206	0	86	1
925022507	VR	990	806	190	206	0	86	1
925023104	VR	990	806	190	206	0	86	1
925022402	VR	990	806	190	206	0	86	1
925020801	VR	990	806	190	206	0	86	1
925020802	VR	990	806	190	206	0	86	1
925020803	VR	990	806	190	206	0	86	1
925033801	VR	990	806	190	206	0	86	1
980041001	none							?
926020507	VR	990	685	190	85	0	0	1
926020101	VR	990	685	190	85	0	0	1
925022903	VR	990	806	190	206	0	86	1
925032301	VR	990	806	190	206	0	86	1
922010504	VR	800	4320	0	3720	0	3600	1
925022006	VR	990	806	190	206	0	86	1
926023504	VR	990	685	190	85	0	0	1
926010061	VR	990	685	190	85	0	0	1
980000400	VR	799	644	0	44	0	0	1
925030501	VR	990	806	190	206	0	86	1
910110000	VR	800	820	0	220	0	100	1
920030001	VR	1608	2020	808	1420	328	1300	0
926022100	VR	990	685	190	85	0	0	1
925020909	VR	990	806	190	206	0	86	1
980032209	VR	870	600	70	0	0	0	1
925023509	VR	990	806	190	206	0	86	1
910033215	VR	2430	1298	1630	698	1150	578	0
910200001	VR	1170	1475	370	875	0	755	1
910041300	VR	1890	1532	1090	932	610	812	0
926012101	VR	990	685	190	85	0	0	1
926020107	VR	990	685	190	85	0	0	1
926010073	VR	990	685	190	85	0	0	1
925032804	VR	990	806	190	206	0	86	1
980000603	VR	801	598	1	0	0	0	1
990000430	VR	2250	990	1450	390	970	270	0
910030001	foothold-est	850	160	50	0	0	0	1
925021102	VR	990	806	190	206	0	86	1
926020004	VR	800	707	0	107	0	0	1
910320025	VR	800	600	0	0	0	0	1
925031101	VR	990	806	190	206	0	86	1
925021106	VR	990	806	190	206	0	86	1
925021209	VR	990	806	190	206	0	86	1
925021705	VR	990	806	190	206	0	86	1
980033001	VR	870	600	70	0	0	0	1
925022109	VR	990	806	190	206	0	86	1
970020004	VR	1618	819	818	219	338	99	0
925022400	VR	990	806	190	206	0	86	1
912030001	none							?
926010016	VR	990	685	190	85	0	0	1
925021108	VR	990	806	190	206	0	86	1
926022403	VR	990	685	190	85	0	0	1
925021207	VR	990	806	190	206	0	86	1
914030000	foothold-est	1840	1360	1040	760	560	640	0
910310004	none							?
990000500	VR	2160	837	1360	237	880	117	0
925030903	VR	990	806	190	206	0	86	1
980041002	none							?
910040310	VR	1080	600	280	0	0	0	1
926021104	VR	990	685	190	85	0	0	1
924010100	VR	1196	770	396	170	0	50	1
925023100	VR	990	806	190	206	0	86	1
925022007	VR	990	806	190	206	0	86	1
922241018	VR	1200	1190	400	590	0	470	1
925021309	VR	990	806	190	206	0	86	1
912000100	VR	1300	600	500	0	20	0	1
970000004	VR	800	600	0	0	0	0	1
925022309	VR	990	806	190	206	0	86	1
980000600	VR	795	598	0	0	0	0	1
980032200	VR	870	600	70	0	0	0	1
926100303	VR	780	3606	0	3006	0	2886	1
922211600	VR	1335	1526	535	926	55	806	0
910320026	VR	800	600	0	0	0	0	1
926013402	VR	990	685	190	85	0	0	1
910033108	VR	2160	1297	1360	697	880	577	0
925022509	VR	990	806	190	206	0	86	1
925020105	VR	990	806	190	206	0	86	1
925022808	VR	990	806	190	206	0	86	1
925031801	VR	990	806	190	206	0	86	1
926100100	VR	2045	594	1245	0	765	0	1
970030003	foothold-est	850	160	50	0	0	0	1
925021506	VR	990	806	190	206	0	86	1
926011100	VR	990	685	190	85	0	0	1
925022500	VR	990	806	190	206	0	86	1
912030003	none							?
926011200	VR	990	685	190	85	0	0	1
925021601	VR	990	806	190	206	0	86	1
925021602	VR	990	806	190	206	0	86	1
925033402	VR	990	806	190	206	0	86	1
926100301	VR	780	3606	0	3006	0	2886	1
980033204	VR	870	600	70	0	0	0	1
925020907	VR	990	806	190	206	0	86	1
980000301	VR	3234	1097	2434	497	1954	377	0
914090005	VR	800	600	0	0	0	0	1
926023301	VR	990	685	190	85	0	0	1
990000401	VR	1890	852	1090	252	610	132	0
980033200	VR	870	600	70	0	0	0	1
922230002	VR	1197	1595	397	995	0	875	1
922000009	VR	853	600	53	0	0	0	1
926010045	VR	990	685	190	85	0	0	1
910000016	foothold-est	1346	955	546	355	66	235	0
925023508	VR	990	806	190	206	0	86	1
910060000	foothold-est	1609	1025	809	425	329	305	0
910120000	foothold-est	1463	687	663	87	183	0	1
970030020	VR	800	600	0	0	0	0	1
926023103	VR	990	685	190	85	0	0	1
926120405	VR	980	1245	180	645	0	525	1
910500200	foothold-est	1842	1853	1042	1253	562	1133	0
926110200	VR	2471	594	1671	0	1191	0	1
980043002	VR	800	3510	0	2910	0	2790	1
925021001	VR	990	806	190	206	0	86	1
980042001	none							?
910500100	foothold-est	2028	656	1228	56	748	0	1
926023405	VR	990	685	190	85	0	0	1
922212800	VR	1335	1526	535	926	55	806	0
925031000	VR	990	806	190	206	0	86	1
925022004	VR	990	806	190	206	0	86	1
920011100	VR	800	3015	0	2415	0	2295	1
980000103	VR	805	600	5	0	0	0	1
912010200	VR	894	587	94	0	0	0	1
926010081	VR	990	685	190	85	0	0	1
926010030	VR	990	685	190	85	0	0	1
913010200	VR	1258	965	458	365	0	245	1
925021908	VR	990	806	190	206	0	86	1
925021302	VR	990	806	190	206	0	86	1
922210400	VR	1335	1526	535	926	55	806	0
925033000	VR	990	806	190	206	0	86	1
926010019	VR	990	685	190	85	0	0	1
925023600	VR	990	806	190	206	0	86	1
926021106	VR	990	685	190	85	0	0	1
925032101	VR	990	806	190	206	0	86	1
926100300	VR	1328	596	528	0	48	0	1
980042107	none							?
925022609	VR	990	806	190	206	0	86	1
912030002	none							?
925022303	VR	990	806	190	206	0	86	1
980043000	VR	800	3510	0	2910	0	2790	1
913000200	VR	1798	1495	998	895	518	775	0
925030504	VR	990	806	190	206	0	86	1
910040006	VR	1080	600	280	0	0	0	1
926013203	VR	990	685	190	85	0	0	1
925020106	VR	990	806	190	206	0	86	1
925030804	VR	990	806	190	206	0	86	1
910020300	foothold-est	1030	4600	230	4000	0	3880	1
925022107	VR	990	806	190	206	0	86	1
925023506	VR	990	806	190	206	0	86	1
925020702	VR	990	806	190	206	0	86	1
925030904	VR	990	806	190	206	0	86	1
980032104	VR	1745	1650	945	1050	465	930	0
980032107	VR	1745	1650	945	1050	465	930	0
926100500	VR	1120	590	320	0	0	0	1
925023504	VR	990	806	190	206	0	86	1
925022207	VR	990	806	190	206	0	86	1
990000431	VR	900	770	100	170	0	50	1
926010062	VR	990	685	190	85	0	0	1
980031002	VR	870	600	70	0	0	0	1
926012202	VR	990	685	190	85	0	0	1
925022302	VR	990	806	190	206	0	86	1
926022507	VR	990	685	190	85	0	0	1
980000502	VR	801	598	1	0	0	0	1
926023505	VR	990	685	190	85	0	0	1
922240108	VR	905	720	105	120	0	0	1
980033007	VR	870	600	70	0	0	0	1
925022200	VR	990	806	190	206	0	86	1
910300000	VR	2063	1687	1263	1087	783	967	0
926012401	VR	990	685	190	85	0	0	1
910320024	VR	800	600	0	0	0	0	1
925022905	VR	990	806	190	206	0	86	1
926021506	VR	990	685	190	85	0	0	1
925021707	VR	990	806	190	206	0	86	1
925033702	VR	990	806	190	206	0	86	1
925031804	VR	990	806	190	206	0	86	1
910320022	VR	800	600	0	0	0	0	1
922212500	VR	1335	1526	535	926	55	806	0
925100300	VR	2393	983	1593	383	1113	263	0
926012403	VR	990	685	190	85	0	0	1
925022901	VR	990	806	190	206	0	86	1
926010048	VR	990	685	190	85	0	0	1
925022505	VR	990	806	190	206	0	86	1
926010046	VR	990	685	190	85	0	0	1
980042006	none							?
910320101	VR	800	600	0	0	0	0	1
980043207	none							?
925021109	VR	990	806	190	206	0	86	1
926010074	VR	990	685	190	85	0	0	1
926021307	VR	990	685	190	85	0	0	1
925022601	VR	990	806	190	206	0	86	1
980042100	foothold-est	4708	1818	3908	1218	3428	1098	0
926012301	VR	990	685	190	85	0	0	1
910330206	VR	800	600	0	0	0	0	1
926012504	VR	990	685	190	85	0	0	1
910040300	VR	1890	1532	1090	932	610	812	0
910040005	VR	1080	600	280	0	0	0	1
925022608	VR	990	806	190	206	0	86	1
910010000	foothold-est	1840	1165	1040	565	560	445	0
926023201	VR	990	685	190	85	0	0	1
930010000	VR	793	596	0	0	0	0	1
925030203	VR	990	806	190	206	0	86	1
910320303	VR	800	600	0	0	0	0	1
925032802	VR	990	806	190	206	0	86	1
926010026	VR	990	685	190	85	0	0	1
925032803	VR	990	806	190	206	0	86	1
980032208	VR	870	600	70	0	0	0	1
926010036	VR	990	685	190	85	0	0	1
980041108	none							?
980042206	none							?
925033100	VR	990	806	190	206	0	86	1
980042009	none							?
926010071	VR	990	685	190	85	0	0	1
925021300	VR	990	806	190	206	0	86	1
910033304	VR	900	735	100	135	0	15	1
926020501	VR	990	685	190	85	0	0	1
925022807	VR	990	806	190	206	0	86	1
970030004	foothold-est	850	160	50	0	0	0	1
925022809	VR	990	806	190	206	0	86	1
925010400	foothold-est	943	160	143	0	0	0	1
925031600	VR	990	806	190	206	0	86	1
925022902	VR	990	806	190	206	0	86	1
926100000	VR	3166	596	2366	0	1886	0	1
925033002	VR	990	806	190	206	0	86	1
980032003	VR	870	600	70	0	0	0	1
900020210	foothold-est	1660	160	860	0	380	0	1
926100600	VR	794	596	0	0	0	0	1
925031400	VR	990	806	190	206	0	86	1
925022909	VR	990	806	190	206	0	86	1
990000900	VR	1440	842	640	242	160	122	0
926010043	VR	990	685	190	85	0	0	1
980042203	none							?
926020309	VR	990	685	190	85	0	0	1
925022802	VR	990	806	190	206	0	86	1
925020306	VR	990	806	190	206	0	86	1
980041107	none							?
980032103	VR	1745	1650	945	1050	465	930	0
925032403	VR	990	806	190	206	0	86	1
926010041	VR	990	685	190	85	0	0	1
925033001	VR	990	806	190	206	0	86	1
910031022	VR	1250	1985	450	1385	0	1265	1
926010100	VR	990	685	190	85	0	0	1
926010103	VR	990	685	190	85	0	0	1
910330204	VR	800	600	0	0	0	0	1
980031001	VR	870	600	70	0	0	0	1
914090012	VR	800	600	0	0	0	0	1
926022405	VR	990	685	190	85	0	0	1
926021204	VR	990	685	190	85	0	0	1
925022803	VR	990	806	190	206	0	86	1
926011300	VR	990	685	190	85	0	0	1
925022800	VR	990	806	190	206	0	86	1
926010047	VR	990	685	190	85	0	0	1
925023203	VR	990	806	190	206	0	86	1
925023204	VR	990	806	190	206	0	86	1
925033201	VR	990	806	190	206	0	86	1
925032704	VR	990	806	190	206	0	86	1
926120410	VR	800	600	0	0	0	0	1
926020208	VR	990	685	190	85	0	0	1
914000300	VR	1078	1080	278	480	0	360	1
980031200	VR	870	600	70	0	0	0	1
910031013	VR	1250	1985	450	1385	0	1265	1
925033103	VR	990	806	190	206	0	86	1
910040120	VR	1080	600	280	0	0	0	1
926010080	VR	990	685	190	85	0	0	1
990000200	VR	1885	919	1085	319	605	199	0
925022704	VR	990	806	190	206	0	86	1
925031302	VR	990	806	190	206	0	86	1
926010003	VR	990	685	190	85	0	0	1
926010000	VR	1440	707	640	107	160	0	1
925022508	VR	990	806	190	206	0	86	1
910320021	VR	800	600	0	0	0	0	1
980044100	VR	4670	920	3870	320	3390	200	0
922010404	foothold-est	1906	535	1106	0	626	0	1
980000100	VR	805	600	5	0	0	0	1
926023206	VR	990	685	190	85	0	0	1
922241017	VR	1200	1190	400	590	0	470	1
910031011	VR	1250	1985	450	1385	0	1265	1
926010057	VR	990	685	190	85	0	0	1
925030202	VR	990	806	190	206	0	86	1
925023103	VR	990	806	190	206	0	86	1
926010058	VR	990	685	190	85	0	0	1
925023602	VR	990	806	190	206	0	86	1
930000500	VR	3050	4580	2250	3980	1770	3860	0
925020304	VR	990	806	190	206	0	86	1
925022404	VR	990	806	190	206	0	86	1
922020200	VR	800	600	0	0	0	0	1
925023507	VR	990	806	190	206	0	86	1
914100010	VR	3058	759	2258	159	1778	39	0
925021304	VR	990	806	190	206	0	86	1
925022003	VR	990	806	190	206	0	86	1
925023601	VR	990	806	190	206	0	86	1
926022504	VR	990	685	190	85	0	0	1
926012500	VR	990	685	190	85	0	0	1
910020103	foothold-est	1030	4960	230	4360	0	4240	1
914100020	VR	1359	600	559	0	79	0	1
925023606	VR	990	806	190	206	0	86	1
925031403	VR	990	806	190	206	0	86	1
910020100	foothold-est	1030	4960	230	4360	0	4240	1
925023609	VR	990	806	190	206	0	86	1
925031701	VR	990	806	190	206	0	86	1
925032201	VR	990	806	190	206	0	86	1
980044004	none							?
980033300	VR	835	600	35	0	0	0	1
980031204	VR	870	600	70	0	0	0	1
910033311	VR	900	735	100	135	0	15	1
925031704	VR	990	806	190	206	0	86	1
922210900	VR	1335	1526	535	926	55	806	0
925030800	VR	990	806	190	206	0	86	1
980033008	VR	870	600	70	0	0	0	1
925030803	VR	990	806	190	206	0	86	1
900000000	foothold-est	3718	1265	2918	665	2438	545	0
925023802	VR	990	806	190	206	0	86	1
914000500	VR	2698	1080	1898	480	1418	360	0
925023804	VR	990	806	190	206	0	86	1
914010200	VR	2068	1670	1268	1070	788	950	0
910320000	VR	800	600	0	0	0	0	1
930000000	VR	808	730	8	130	0	10	1
925030403	VR	990	806	190	206	0	86	1
926020500	VR	990	685	190	85	0	0	1
925000000	VR	1703	1520	903	920	423	800	0
910033312	VR	900	735	100	135	0	15	1
920010911	foothold-est	770	1735	0	1135	0	1015	1
925030103	VR	990	806	190	206	0	86	1
925020605	VR	990	806	190	206	0	86	1
925021600	VR	990	806	190	206	0	86	1
925023102	VR	990	806	190	206	0	86	1
926023406	VR	990	685	190	85	0	0	1
922212100	VR	1335	1526	535	926	55	806	0
925030204	VR	990	806	190	206	0	86	1
926020305	VR	990	685	190	85	0	0	1
922240115	VR	905	720	105	120	0	0	1
922212000	VR	1335	1526	535	926	55	806	0
990000501	VR	2250	840	1450	240	970	120	0
913040011	foothold-est	940	160	140	0	0	0	1
990000100	VR	2515	1521	1715	921	1235	801	0
925030700	VR	990	806	190	206	0	86	1
910510201	VR	1435	890	635	290	155	170	0
900090104	VR	800	600	0	0	0	0	1
926010039	VR	990	685	190	85	0	0	1
925030500	VR	990	806	190	206	0	86	1
920011300	VR	800	1935	0	1335	0	1215	1
970030002	foothold-est	850	160	50	0	0	0	1
926012200	VR	990	685	190	85	0	0	1
914090011	VR	800	600	0	0	0	0	1
980041006	none							?
926010066	VR	990	685	190	85	0	0	1
925021706	VR	990	806	190	206	0	86	1
925020001	VR	998	806	198	206	0	86	1
913040003	VR	800	600	0	0	0	0	1
910600000	foothold-est	2188	1057	1388	457	908	337	0
925010300	foothold-est	1390	460	590	0	110	0	1
925030702	VR	990	806	190	206	0	86	1
925030703	VR	990	806	190	206	0	86	1
980032102	VR	1745	1650	945	1050	465	930	0
926013401	VR	990	685	190	85	0	0	1
926010050	VR	990	685	190	85	0	0	1
910000000	VR	2377	1425	1577	825	1097	705	0
980010301	foothold-est	1390	785	590	185	110	65	0
970000100	foothold-est	1210	550	410	0	0	0	1
925023403	VR	990	806	190	206	0	86	1
926022503	VR	990	685	190	85	0	0	1
925022202	VR	990	806	190	206	0	86	1
990001000	VR	2786	599	1986	0	1506	0	1
922240007	VR	9720	934	8920	334	8440	214	0
925020300	VR	990	806	190	206	0	86	1
980043001	VR	800	3510	0	2910	0	2790	1
926012502	VR	990	685	190	85	0	0	1
926010088	VR	990	685	190	85	0	0	1
925031004	VR	990	806	190	206	0	86	1
910033216	VR	2430	1298	1630	698	1150	578	0
926013500	VR	990	685	190	85	0	0	1
922230201	VR	904	8244	104	7644	0	7524	1
926010501	VR	990	685	190	85	0	0	1
922241011	VR	1200	1190	400	590	0	470	1
910033113	VR	2160	1297	1360	697	880	577	0
925033504	VR	990	806	190	206	0	86	1
925031202	VR	990	806	190	206	0	86	1
925022401	VR	990	806	190	206	0	86	1
925031204	VR	990	806	190	206	0	86	1
980000501	VR	2696	845	1896	245	1416	125	0
925021704	VR	990	806	190	206	0	86	1
922010900	VR	1820	600	1020	0	540	0	1
925021103	VR	990	806	190	206	0	86	1
980043201	none							?
925021708	VR	990	806	190	206	0	86	1
910031000	VR	1250	1355	450	755	0	635	1
925031402	VR	990	806	190	206	0	86	1
926012204	VR	990	685	190	85	0	0	1
925023703	VR	990	806	190	206	0	86	1
925031102	VR	990	806	190	206	0	86	1
925031501	VR	990	806	190	206	0	86	1
922240017	VR	9720	934	8920	334	8440	214	0
980041008	none							?
930000400	VR	3323	1370	2523	770	2043	650	0
925031104	VR	990	806	190	206	0	86	1
925031601	VR	990	806	190	206	0	86	1
925031602	VR	990	806	190	206	0	86	1
910033303	VR	900	735	100	135	0	15	1
925020706	VR	990	806	190	206	0	86	1
925031700	VR	990	806	190	206	0	86	1
926022404	VR	990	685	190	85	0	0	1
926021102	VR	990	685	190	85	0	0	1
925031703	VR	990	806	190	206	0	86	1
910033000	VR	2160	735	1360	135	880	15	0
910033202	VR	2430	1298	1630	698	1150	578	0
925031301	VR	990	806	190	206	0	86	1
925031802	VR	990	806	190	206	0	86	1
926023303	VR	990	685	190	85	0	0	1
980033101	VR	1995	1170	1195	570	715	450	0
925031900	VR	990	806	190	206	0	86	1
914090014	VR	800	600	0	0	0	0	1
925021806	VR	990	806	190	206	0	86	1
925023500	VR	990	806	190	206	0	86	1
926023107	VR	990	685	190	85	0	0	1
910031001	VR	1250	1985	450	1385	0	1265	1
925032001	VR	990	806	190	206	0	86	1
925032504	VR	990	806	190	206	0	86	1
926013502	VR	990	685	190	85	0	0	1
980000300	VR	799	644	0	44	0	0	1
914100021	VR	1359	600	559	0	79	0	1
925023607	VR	990	806	190	206	0	86	1
925032102	VR	990	806	190	206	0	86	1
980043005	VR	800	3510	0	2910	0	2790	1
925020903	VR	990	806	190	206	0	86	1
926023409	VR	990	685	190	85	0	0	1
930000700	VR	808	630	8	30	0	0	1
926023204	VR	990	685	190	85	0	0	1
980000504	VR	801	598	1	0	0	0	1
910000019	foothold-est	1650	846	850	246	370	126	0
926100203	VR	1180	595	380	0	0	0	1
922211900	VR	1335	1526	535	926	55	806	0
990000440	VR	4580	2120	3780	1520	3300	1400	0
910033318	VR	900	735	100	135	0	15	1
922230204	VR	904	8244	104	7644	0	7524	1
926011204	VR	990	685	190	85	0	0	1
925023706	VR	990	806	190	206	0	86	1
925032402	VR	990	806	190	206	0	86	1
926023309	VR	990	685	190	85	0	0	1
980030010	VR	805	600	5	0	0	0	1
925030104	VR	990	806	190	206	0	86	1
914090000	VR	800	600	0	0	0	0	1
925033500	VR	990	806	190	206	0	86	1
925021500	VR	990	806	190	206	0	86	1
925100500	VR	1194	983	394	383	0	263	1
926011103	VR	990	685	190	85	0	0	1
925032601	VR	990	806	190	206	0	86	1
925032602	VR	990	806	190	206	0	86	1
970030000	VR	1168	670	368	70	0	0	1
926130200	VR	974	600	174	0	0	0	1
926022501	VR	990	685	190	85	0	0	1
925031903	VR	990	806	190	206	0	86	1
925032702	VR	990	806	190	206	0	86	1
925030901	VR	990	806	190	206	0	86	1
922200000	VR	1347	1152	547	552	67	432	0
925022707	VR	990	806	190	206	0	86	1
926012102	VR	990	685	190	85	0	0	1
925021307	VR	990	806	190	206	0	86	1
926023308	VR	990	685	190	85	0	0	1
910040001	VR	900	600	100	0	0	0	1
922230305	foothold-est	948	4600	148	4000	0	3880	1
900010100	foothold-est	1660	160	860	0	380	0	1
925032404	VR	990	806	190	206	0	86	1
922210300	foothold-est	850	160	50	0	0	0	1
925021607	VR	990	806	190	206	0	86	1
980032400	VR	834	600	34	0	0	0	1
926021107	VR	990	685	190	85	0	0	1
922230000	VR	1197	1380	397	780	0	660	1
925033003	VR	990	806	190	206	0	86	1
925033004	VR	990	806	190	206	0	86	1
926022207	VR	990	685	190	85	0	0	1
926023306	VR	990	685	190	85	0	0	1
925033102	VR	990	806	190	206	0	86	1
925023605	VR	990	806	190	206	0	86	1
910033210	VR	2430	1298	1630	698	1150	578	0
910033212	VR	2430	1298	1630	698	1150	578	0
910320016	VR	800	600	0	0	0	0	1
926130203	VR	974	600	174	0	0	0	1
925033203	VR	990	806	190	206	0	86	1
910030000	foothold-est	1660	640	860	40	380	0	1
980043200	none							?
922240102	VR	905	720	105	120	0	0	1
970020003	VR	1518	720	718	120	238	0	1
980041208	none							?
925033304	VR	990	806	190	206	0	86	1
910040000	VR	900	600	100	0	0	0	1
925033401	VR	990	806	190	206	0	86	1
913040002	VR	800	600	0	0	0	0	1
926020504	VR	990	685	190	85	0	0	1
910040100	VR	1890	1532	1090	932	610	812	0
920010922	foothold-est	770	1915	0	1315	0	1195	1
910031003	VR	1250	1985	450	1385	0	1265	1
922211000	VR	1335	1526	535	926	55	806	0
925021507	VR	990	806	190	206	0	86	1
925021802	VR	990	806	190	206	0	86	1
926013102	VR	990	685	190	85	0	0	1
922241002	VR	1200	1190	400	590	0	470	1
925033602	VR	990	806	190	206	0	86	1
926023408	VR	990	685	190	85	0	0	1
926022500	VR	990	685	190	85	0	0	1
910033117	VR	2160	1297	1360	697	880	577	0
925033701	VR	990	806	190	206	0	86	1
925022602	VR	990	806	190	206	0	86	1
925023206	VR	990	806	190	206	0	86	1
925033704	VR	990	806	190	206	0	86	1
925030401	VR	990	806	190	206	0	86	1
920010400	foothold-est	3360	1300	2560	700	2080	580	0
980032006	VR	870	600	70	0	0	0	1
910120004	none							?
925030100	VR	990	806	190	206	0	86	1
925021305	VR	990	806	190	206	0	86	1
926010025	VR	990	685	190	85	0	0	1
925032701	VR	990	806	190	206	0	86	1
922240105	VR	905	720	105	120	0	0	1
926010067	VR	990	685	190	85	0	0	1
925100200	VR	2393	983	1593	383	1113	263	0
980041004	none							?
920020000	foothold-est	2730	1547	1930	947	1450	827	0
925020404	VR	990	806	190	206	0	86	1
910033004	VR	2160	735	1360	135	880	15	0
925100302	VR	2394	983	1594	383	1114	263	0
925022801	VR	990	806	190	206	0	86	1
925020609	VR	990	806	190	206	0	86	1
925020703	VR	990	806	190	206	0	86	1
925021409	VR	990	806	190	206	0	86	1
925110000	VR	1264	1666	464	1066	0	946	1
922212300	VR	1335	1526	535	926	55	806	0
990000301	VR	1890	890	1090	290	610	170	0
990000300	VR	2160	905	1360	305	880	185	0
925020808	VR	990	806	190	206	0	86	1
910330202	VR	800	600	0	0	0	0	1
980000200	VR	805	600	5	0	0	0	1
980032204	VR	870	600	70	0	0	0	1
926010010	VR	990	685	190	85	0	0	1
925031103	VR	990	806	190	206	0	86	1
914000100	VR	2788	1080	1988	480	1508	360	0
926010013	VR	990	685	190	85	0	0	1
926010014	VR	990	685	190	85	0	0	1
925010100	foothold-est	1390	1060	590	460	110	340	0
925021204	VR	990	806	190	206	0	86	1
926010017	VR	990	685	190	85	0	0	1
910033019	VR	2160	735	1360	135	880	15	0
922240019	VR	9720	934	8920	334	8440	214	0
926110303	VR	780	3606	0	3006	0	2886	1
980043208	none							?
926100200	VR	2471	594	1671	0	1191	0	1
925022103	VR	990	806	190	206	0	86	1
926013400	VR	990	685	190	85	0	0	1
980044101	none							?
926011501	VR	990	685	190	85	0	0	1
925021901	VR	990	806	190	206	0	86	1
926020409	VR	990	685	190	85	0	0	1
926010029	VR	990	685	190	85	0	0	1
926010403	VR	990	685	190	85	0	0	1
926010031	VR	990	685	190	85	0	0	1
925022304	VR	990	806	190	206	0	86	1
980043206	none							?
910031018	VR	1250	1985	450	1385	0	1265	1
926021300	VR	990	685	190	85	0	0	1
922240003	VR	9720	934	8920	334	8440	214	0
910040012	VR	900	900	100	300	0	180	1
925020207	VR	990	806	190	206	0	86	1
925032004	VR	990	806	190	206	0	86	1
910510001	VR	1435	890	635	290	155	170	0
925100400	VR	1984	983	1184	383	704	263	0
926010018	VR	990	685	190	85	0	0	1
922241009	VR	1200	1190	400	590	0	470	1
926010044	VR	990	685	190	85	0	0	1
910010300	foothold-est	850	160	50	0	0	0	1
926020104	VR	990	685	190	85	0	0	1
980032205	VR	870	600	70	0	0	0	1
926022406	VR	990	685	190	85	0	0	1
926010049	VR	990	685	190	85	0	0	1
925033601	VR	990	806	190	206	0	86	1
926010051	VR	990	685	190	85	0	0	1
925100600	VR	1108	983	308	383	0	263	1
910320200	VR	800	600	0	0	0	0	1
921100300	VR	1620	1523	820	923	340	803	0
926010055	VR	990	685	190	85	0	0	1
922230101	VR	904	2144	104	1544	0	1424	1
925032203	VR	990	806	190	206	0	86	1
926012404	VR	990	685	190	85	0	0	1
910033213	VR	2430	1298	1630	698	1150	578	0
910031025	VR	1250	1985	450	1385	0	1265	1
926020203	VR	990	685	190	85	0	0	1
922240110	VR	905	720	105	120	0	0	1
910060002	none							?
913040001	VR	800	600	0	0	0	0	1
926010065	VR	990	685	190	85	0	0	1
925023000	VR	990	806	190	206	0	86	1
950000000	VR	800	600	0	0	0	0	1
910033003	VR	2160	735	1360	135	880	15	0
910040220	VR	1080	600	280	0	0	0	1
926010070	VR	990	685	190	85	0	0	1
920010200	VR	3049	1632	2249	1032	1769	912	0
980043103	none							?
926022303	VR	990	685	190	85	0	0	1
910041220	VR	1080	600	280	0	0	0	1
926010075	VR	990	685	190	85	0	0	1
926010076	VR	990	685	190	85	0	0	1
925020900	VR	990	806	190	206	0	86	1
913010100	VR	1258	965	458	365	0	245	1
910330101	VR	800	600	0	0	0	0	1
922030011	VR	1973	560	1173	0	693	0	1
910320020	VR	800	600	0	0	0	0	1
925032603	VR	990	806	190	206	0	86	1
970000003	VR	800	600	0	0	0	0	1
926010084	VR	990	685	190	85	0	0	1
914000400	VR	1438	1080	638	480	158	360	0
926010086	VR	990	685	190	85	0	0	1
926021209	VR	990	685	190	85	0	0	1
900090103	VR	800	600	0	0	0	0	1
926010089	VR	990	685	190	85	0	0	1
926023506	VR	990	685	190	85	0	0	1
926021404	VR	990	685	190	85	0	0	1
925020507	VR	990	806	190	206	0	86	1
926022102	VR	990	685	190	85	0	0	1
910033207	VR	2430	1298	1630	698	1150	578	0
926010200	VR	990	685	190	85	0	0	1
910033319	VR	900	735	100	135	0	15	1
910330201	VR	800	600	0	0	0	0	1
913040101	VR	800	600	0	0	0	0	1
926010204	VR	990	685	190	85	0	0	1
980033208	VR	870	600	70	0	0	0	1
910330304	VR	800	600	0	0	0	0	1
926010302	VR	990	685	190	85	0	0	1
926010303	VR	990	685	190	85	0	0	1
926010042	VR	990	685	190	85	0	0	1
926021507	VR	990	685	190	85	0	0	1
926010401	VR	990	685	190	85	0	0	1
980032001	VR	870	600	70	0	0	0	1
926023104	VR	990	685	190	85	0	0	1
910033017	VR	2160	735	1360	135	880	15	0
925020012	VR	990	806	190	206	0	86	1
922212600	VR	1335	1526	535	926	55	806	0
925033804	VR	990	806	190	206	0	86	1
926013100	VR	990	685	190	85	0	0	1
922230300	foothold-est	948	4600	148	4000	0	3880	1
980041209	none							?
926011101	VR	990	685	190	85	0	0	1
925020403	VR	990	806	190	206	0	86	1
913020100	VR	1258	965	458	365	0	245	1
910040200	VR	1890	1532	1090	932	610	812	0
990001101	VR	2786	599	1986	0	1506	0	1
925022203	VR	990	806	190	206	0	86	1
910000012	VR	1745	1555	945	955	465	835	0
926021208	VR	990	685	190	85	0	0	1
926023304	VR	990	685	190	85	0	0	1
922240010	VR	9720	934	8920	334	8440	214	0
910031007	VR	1250	1985	450	1385	0	1265	1
926011302	VR	990	685	190	85	0	0	1
926010072	VR	990	685	190	85	0	0	1
926011304	VR	990	685	190	85	0	0	1
990000800	VR	1615	636	815	36	335	0	1
925021902	VR	990	806	190	206	0	86	1
926020205	VR	990	685	190	85	0	0	1
926011403	VR	990	685	190	85	0	0	1
925022408	VR	990	806	190	206	0	86	1
926010064	VR	990	685	190	85	0	0	1
926010027	VR	990	685	190	85	0	0	1
926011502	VR	990	685	190	85	0	0	1
925040000	VR	1230	6495	430	5895	0	5775	1
970000108	VR	795	600	0	0	0	0	1
926120407	VR	980	1245	180	645	0	525	1
970030010	foothold-est	850	160	50	0	0	0	1
925021201	VR	990	806	190	206	0	86	1
926010002	VR	990	685	190	85	0	0	1
910330209	VR	800	600	0	0	0	0	1
922220000	VR	3240	1340	2440	740	1960	620	0
926011301	VR	990	685	190	85	0	0	1
980031003	VR	870	600	70	0	0	0	1
926012203	VR	990	685	190	85	0	0	1
926021508	VR	990	685	190	85	0	0	1
925023608	VR	990	806	190	206	0	86	1
926011104	VR	990	685	190	85	0	0	1
910330103	VR	800	600	0	0	0	0	1
900020200	foothold-est	2110	160	1310	0	830	0	1
910100001	VR	1108	665	308	65	0	0	1
910033205	VR	2430	1298	1630	698	1150	578	0
926012402	VR	990	685	190	85	0	0	1
925033600	VR	990	806	190	206	0	86	1
970020002	VR	1528	840	728	240	248	120	0
925021208	VR	990	806	190	206	0	86	1
925022002	VR	990	806	190	206	0	86	1
926012501	VR	990	685	190	85	0	0	1
922241100	VR	1200	1190	400	590	0	470	1
910510100	VR	3598	3239	2798	2639	2318	2519	0
925022605	VR	990	806	190	206	0	86	1
926010503	VR	990	685	190	85	0	0	1
914090015	VR	800	600	0	0	0	0	1
925021206	VR	990	806	190	206	0	86	1
925023406	VR	990	806	190	206	0	86	1
910033102	VR	2160	1297	1360	697	880	577	0
926013200	VR	990	685	190	85	0	0	1
910000011	VR	1745	1555	945	955	465	835	0
926013202	VR	990	685	190	85	0	0	1
922241003	VR	1200	1190	400	590	0	470	1
925020010	VR	990	806	190	206	0	86	1
910033010	VR	2160	735	1360	135	880	15	0
980031100	VR	1995	1170	1195	570	715	450	0
925030802	VR	990	806	190	206	0	86	1
910200002	VR	1170	1475	370	875	0	755	1
914010100	VR	2068	1670	1268	1070	788	950	0
925023800	VR	990	806	190	206	0	86	1
980044203	none							?
925021408	VR	990	806	190	206	0	86	1
926013403	VR	990	685	190	85	0	0	1
926020502	VR	990	685	190	85	0	0	1
920010910	foothold-est	770	2455	0	1855	0	1735	1
926023208	VR	990	685	190	85	0	0	1
925031404	VR	990	806	190	206	0	86	1
980031104	VR	1995	1170	1195	570	715	450	0
926010400	VR	990	685	190	85	0	0	1
910031010	VR	1250	1985	450	1385	0	1265	1
925022104	VR	990	806	190	206	0	86	1
926020207	VR	990	685	190	85	0	0	1
925022102	VR	990	806	190	206	0	86	1
926020100	VR	990	685	190	85	0	0	1
910031005	VR	1250	1985	450	1385	0	1265	1
926020102	VR	990	685	190	85	0	0	1
925022108	VR	990	806	190	206	0	86	1
925021603	VR	990	806	190	206	0	86	1
926011303	VR	990	685	190	85	0	0	1
925020407	VR	990	806	190	206	0	86	1
910041320	VR	1080	600	280	0	0	0	1
910020104	foothold-est	1030	4960	230	4360	0	4240	1
922240109	VR	905	720	105	120	0	0	1
925022008	VR	990	806	190	206	0	86	1
926021101	VR	990	685	190	85	0	0	1
925020607	VR	990	806	190	206	0	86	1
926010069	VR	990	685	190	85	0	0	1
922211100	VR	1335	1526	535	926	55	806	0
926010054	VR	990	685	190	85	0	0	1
920010603	foothold-est	770	2035	0	1435	0	1315	1
925020509	VR	990	806	190	206	0	86	1
926013504	VR	990	685	190	85	0	0	1
926020209	VR	990	685	190	85	0	0	1
910330203	VR	800	600	0	0	0	0	1
926020301	VR	990	685	190	85	0	0	1
980041202	none							?
980044104	none							?
925031001	VR	990	806	190	206	0	86	1
926022407	VR	990	685	190	85	0	0	1
926020306	VR	990	685	190	85	0	0	1
926020307	VR	990	685	190	85	0	0	1
925020302	VR	990	806	190	206	0	86	1
926022106	VR	990	685	190	85	0	0	1
926020408	VR	990	685	190	85	0	0	1
925020000	VR	1595	1694	795	1094	315	974	0
922030001	VR	800	590	0	0	0	0	1
925032103	VR	990	806	190	206	0	86	1
900010000	foothold-est	2110	160	1310	0	830	0	1
925023604	VR	990	806	190	206	0	86	1
910020000	VR	1438	785	638	185	158	65	0
926020407	VR	990	685	190	85	0	0	1
926020400	VR	990	685	190	85	0	0	1
925023808	VR	990	806	190	206	0	86	1
926010500	VR	990	685	190	85	0	0	1
910033013	VR	2160	735	1360	135	880	15	0
926013302	VR	990	685	190	85	0	0	1
926100401	VR	1128	590	328	0	0	0	1
925022705	VR	990	806	190	206	0	86	1
925022405	VR	990	806	190	206	0	86	1
926010022	VR	990	685	190	85	0	0	1
925022005	VR	990	806	190	206	0	86	1
910330308	VR	800	600	0	0	0	0	1
925020502	VR	990	806	190	206	0	86	1
926021100	VR	990	685	190	85	0	0	1
910320014	VR	800	600	0	0	0	0	1
925023405	VR	990	806	190	206	0	86	1
970000105	VR	800	600	0	0	0	0	1
980031300	VR	835	600	35	0	0	0	1
922230301	foothold-est	948	4600	148	4000	0	3880	1
910033109	VR	2160	1297	1360	697	880	577	0
922010402	foothold-est	1906	535	1106	0	626	0	1
926021108	VR	990	685	190	85	0	0	1
926021109	VR	990	685	190	85	0	0	1
926020206	VR	990	685	190	85	0	0	1
926010038	VR	990	685	190	85	0	0	1
980000000	VR	1075	600	275	0	0	0	1
925020906	VR	990	806	190	206	0	86	1
910020301	foothold-est	1030	4600	230	4000	0	3880	1
926020105	VR	990	685	190	85	0	0	1
910020303	foothold-est	1030	4600	230	4000	0	3880	1
925022409	VR	990	806	190	206	0	86	1
926023503	VR	990	685	190	85	0	0	1
926021200	VR	990	685	190	85	0	0	1
910032100	VR	1210	3740	410	3140	0	3020	1
926021301	VR	990	685	190	85	0	0	1
980033000	VR	870	600	70	0	0	0	1
925021702	VR	990	806	190	206	0	86	1
910020101	foothold-est	1030	4960	230	4360	0	4240	1
925023708	VR	990	806	190	206	0	86	1
980033201	VR	870	600	70	0	0	0	1
926010052	VR	990	685	190	85	0	0	1
925021401	VR	990	806	190	206	0	86	1
926021309	VR	990	685	190	85	0	0	1
910330104	VR	800	600	0	0	0	0	1
925031300	VR	990	806	190	206	0	86	1
980043009	VR	800	3510	0	2910	0	2790	1
926021403	VR	990	685	190	85	0	0	1
926010101	VR	990	685	190	85	0	0	1
926021405	VR	990	685	190	85	0	0	1
925020208	VR	990	806	190	206	0	86	1
925023101	VR	990	806	190	206	0	86	1
914020000	VR	5668	1190	4868	590	4388	470	0
925031504	VR	990	806	190	206	0	86	1
922010503	VR	800	4320	0	3720	0	3600	1
926012104	VR	990	685	190	85	0	0	1
925021205	VR	990	806	190	206	0	86	1
980041003	none							?
925022904	VR	990	806	190	206	0	86	1
926021509	VR	990	685	190	85	0	0	1
925022403	VR	990	806	190	206	0	86	1
926023300	VR	990	685	190	85	0	0	1
925023801	VR	990	806	190	206	0	86	1
910320018	VR	800	600	0	0	0	0	1
925020104	VR	990	806	190	206	0	86	1
980033205	VR	870	600	70	0	0	0	1
926110100	VR	2045	594	1245	0	765	0	1
926010082	VR	990	685	190	85	0	0	1
914000420	VR	1438	1080	638	480	158	360	0
920010602	foothold-est	770	2815	0	2215	0	2095	1
925020406	VR	990	806	190	206	0	86	1
926023407	VR	990	685	190	85	0	0	1
980041204	none							?
925020809	VR	990	806	190	206	0	86	1
980031107	VR	1995	1170	1195	570	715	450	0
926012100	VR	990	685	190	85	0	0	1
924000100	foothold-est	1390	1000	590	400	110	280	0
910031016	VR	1250	1985	450	1385	0	1265	1
925030303	VR	990	806	190	206	0	86	1
910020204	foothold-est	1030	4600	230	4000	0	3880	1
925021402	VR	990	806	190	206	0	86	1
925023702	VR	990	806	190	206	0	86	1
925021805	VR	990	806	190	206	0	86	1
926022209	VR	990	685	190	85	0	0	1
910330300	VR	800	600	0	0	0	0	1
925022106	VR	990	806	190	206	0	86	1
926022302	VR	990	685	190	85	0	0	1
925022506	VR	990	806	190	206	0	86	1
926022304	VR	990	685	190	85	0	0	1
925023001	VR	990	806	190	206	0	86	1
910310002	none							?
926022307	VR	990	685	190	85	0	0	1
926022308	VR	990	685	190	85	0	0	1
926010056	VR	990	685	190	85	0	0	1
926022400	VR	990	685	190	85	0	0	1
980000604	VR	801	598	1	0	0	0	1
925030600	VR	990	806	190	206	0	86	1
910033200	VR	2430	1298	1630	698	1150	578	0
910330107	VR	800	600	0	0	0	0	1
914090007	VR	800	600	0	0	0	0	1
913040103	VR	800	600	0	0	0	0	1
922211300	VR	1335	1526	535	926	55	806	0
926022408	VR	990	685	190	85	0	0	1
926023207	VR	990	685	190	85	0	0	1
980032108	VR	1745	1650	945	1050	465	930	0
925020508	VR	990	806	190	206	0	86	1
926022502	VR	990	685	190	85	0	0	1
980041105	none							?
925020103	VR	990	806	190	206	0	86	1
926022505	VR	990	685	190	85	0	0	1
925031901	VR	990	806	190	206	0	86	1
922240116	VR	905	720	105	120	0	0	1
926022508	VR	990	685	190	85	0	0	1
910033100	VR	2160	1297	1360	697	880	577	0
925023306	VR	990	806	190	206	0	86	1
914010000	VR	2068	1670	1268	1070	788	950	0
925021909	VR	990	806	190	206	0	86	1
925020014	VR	990	806	190	206	0	86	1
925021700	VR	990	806	190	206	0	86	1
920010931	foothold-est	770	1915	0	1315	0	1195	1
922241014	VR	1200	1190	400	590	0	470	1
913040000	VR	800	600	0	0	0	0	1
925021703	VR	990	806	190	206	0	86	1
980041007	none							?
925032901	VR	990	806	190	206	0	86	1
925100301	VR	2796	983	1996	383	1516	263	0
925022105	VR	990	806	190	206	0	86	1
925021801	VR	990	806	190	206	0	86	1
926023404	VR	990	685	190	85	0	0	1
926023205	VR	990	685	190	85	0	0	1
925021606	VR	990	806	190	206	0	86	1
910040002	VR	900	900	100	300	0	180	1
926011203	VR	990	685	190	85	0	0	1
910031020	VR	1250	1985	450	1385	0	1265	1
910033301	VR	900	735	100	135	0	15	1
910033315	VR	900	735	100	135	0	15	1
926023302	VR	990	685	190	85	0	0	1
922240011	VR	9720	934	8920	334	8440	214	0
925023305	VR	990	806	190	206	0	86	1
980000302	VR	810	715	10	115	0	0	1
925023205	VR	990	806	190	206	0	86	1
925020600	VR	990	806	190	206	0	86	1
926022509	VR	990	685	190	85	0	0	1
926020508	VR	990	685	190	85	0	0	1
926023400	VR	990	685	190	85	0	0	1
926023401	VR	990	685	190	85	0	0	1
925020109	VR	990	806	190	206	0	86	1
925020204	VR	990	806	190	206	0	86	1
980031105	VR	1995	1170	1195	570	715	450	0
980033100	VR	1995	1170	1195	570	715	450	0
910120002	none							?
926023109	VR	990	685	190	85	0	0	1
925033802	VR	990	806	190	206	0	86	1
910330001	VR	800	600	0	0	0	0	1
926023500	VR	990	685	190	85	0	0	1
926023509	VR	990	685	190	85	0	0	1
910220000	foothold-est	1685	1135	885	535	405	415	0
980044003	none							?
922240112	VR	905	720	105	120	0	0	1
925032003	VR	990	806	190	206	0	86	1
980000102	VR	805	600	5	0	0	0	1
926010034	VR	990	685	190	85	0	0	1
922010000	VR	800	1030	0	430	0	310	1
910020202	foothold-est	1030	4600	230	4000	0	3880	1
922240111	VR	905	720	105	120	0	0	1
926100001	VR	3174	596	2374	0	1894	0	1
925023404	VR	990	806	190	206	0	86	1
980033003	VR	870	600	70	0	0	0	1
926100201	foothold-est	1646	715	846	115	366	0	1
925021504	VR	990	806	190	206	0	86	1
925022604	VR	990	806	190	206	0	86	1
925022307	VR	990	806	190	206	0	86	1
926120400	VR	980	1185	180	585	0	465	1
922030010	VR	800	600	0	0	0	0	1
926020002	VR	800	707	0	107	0	0	1
926100304	VR	780	3606	0	3006	0	2886	1
925022703	VR	990	806	190	206	0	86	1
925020200	VR	990	806	190	206	0	86	1
926022203	VR	990	685	190	85	0	0	1
910330205	VR	800	600	0	0	0	0	1
910320301	VR	800	600	0	0	0	0	1
926110000	VR	3172	596	2372	0	1892	0	1
926110001	VR	3174	596	2374	0	1894	0	1
925030704	VR	990	806	190	206	0	86	1
926021302	VR	990	685	190	85	0	0	1
913030000	VR	2968	964	2168	364	1688	244	0
913040100	VR	800	600	0	0	0	0	1
990000611	VR	3238	608	2438	8	1958	0	1
910320203	VR	800	600	0	0	0	0	1
910033110	VR	2160	1297	1360	697	880	577	0
926110302	VR	780	3606	0	3006	0	2886	1
925030201	VR	990	806	190	206	0	86	1
926010004	VR	990	685	190	85	0	0	1
926020001	VR	800	707	0	107	0	0	1
925023809	VR	990	806	190	206	0	86	1
910520001	VR	813	600	13	0	0	0	1
926110600	VR	794	596	0	0	0	0	1
926021306	VR	990	685	190	85	0	0	1
925023107	VR	990	806	190	206	0	86	1
926120100	VR	2193	662	1393	62	913	0	1
913000000	VR	1798	1495	998	895	518	775	0
910033204	VR	2430	1298	1630	698	1150	578	0
912010100	VR	887	587	87	0	0	0	1
926120401	VR	980	1245	180	645	0	525	1
980000601	VR	2696	845	1896	245	1416	125	0
925100100	VR	1995	983	1195	383	715	263	0
926023105	VR	990	685	190	85	0	0	1
980033106	VR	1995	1170	1195	570	715	450	0
926120406	VR	980	1185	180	585	0	465	1
925022206	VR	990	806	190	206	0	86	1
926120408	VR	980	1185	180	585	0	465	1
926120409	VR	980	1245	180	645	0	525	1
925023006	VR	990	806	190	206	0	86	1
926023200	VR	990	685	190	85	0	0	1
926021407	VR	990	685	190	85	0	0	1
980033109	VR	1995	1170	1195	570	715	450	0
926130102	VR	3666	596	2866	0	2386	0	1
926020401	VR	990	685	190	85	0	0	1
925032604	VR	990	806	190	206	0	86	1
913010000	VR	1258	965	458	365	0	245	1
980032008	VR	870	600	70	0	0	0	1
910033011	VR	2160	735	1360	135	880	15	0
930000010	VR	898	730	98	130	0	10	1
926021406	VR	990	685	190	85	0	0	1
926110401	VR	1128	590	328	0	0	0	1
930000300	VR	2195	2330	1395	1730	915	1610	0
925030602	VR	990	806	190	206	0	86	1
980041009	none							?
922010505	VR	800	4320	0	3720	0	3600	1
925031401	VR	990	806	190	206	0	86	1
925021202	VR	990	806	190	206	0	86	1
910320104	VR	800	600	0	0	0	0	1
926021409	VR	990	685	190	85	0	0	1
926010201	VR	990	685	190	85	0	0	1
970000001	VR	800	600	0	0	0	0	1
913040105	VR	800	600	0	0	0	0	1
980043105	none							?
925021609	VR	990	806	190	206	0	86	1
925021306	VR	990	806	190	206	0	86	1
925021804	VR	990	806	190	206	0	86	1
970000101	VR	805	630	5	30	0	0	1
910021000	foothold-est	940	820	140	220	0	100	1
922230104	VR	904	2144	104	1544	0	1424	1
925031500	VR	990	806	190	206	0	86	1
980033005	VR	870	600	70	0	0	0	1
925032302	VR	990	806	190	206	0	86	1
970000107	VR	800	655	0	55	0	0	1
926011402	VR	990	685	190	85	0	0	1
925032902	VR	990	806	190	206	0	86	1
970020000	VR	1528	647	728	47	248	0	1
926013300	VR	990	685	190	85	0	0	1
914100023	VR	1359	600	559	0	79	0	1
980042002	none							?
926023305	VR	990	685	190	85	0	0	1
925023002	VR	990	806	190	206	0	86	1
925020800	VR	990	806	190	206	0	86	1
970030001	foothold-est	850	160	50	0	0	0	1
910320201	VR	800	600	0	0	0	0	1
926010021	VR	990	685	190	85	0	0	1
925030300	VR	990	806	190	206	0	86	1
926120000	foothold-est	2020	640	1220	40	740	0	1
970030006	foothold-est	850	160	50	0	0	0	1
926010035	VR	990	685	190	85	0	0	1
970030008	foothold-est	850	160	50	0	0	0	1
926021103	VR	990	685	190	85	0	0	1
922241005	VR	1200	1190	400	590	0	470	1
926022305	VR	990	685	190	85	0	0	1
926021502	VR	990	685	190	85	0	0	1
913040006	VR	800	600	0	0	0	0	1
926010402	VR	990	685	190	85	0	0	1
980010101	foothold-est	1390	785	590	185	110	65	0
925021604	VR	990	806	190	206	0	86	1
922210500	VR	1335	1526	535	926	55	806	0
926023508	VR	990	685	190	85	0	0	1
926010078	VR	990	685	190	85	0	0	1
926100400	VR	1390	592	590	0	110	0	1
980044102	none							?
922211700	VR	1335	1526	535	926	55	806	0
980000203	VR	805	600	5	0	0	0	1
922240101	VR	905	720	105	120	0	0	1
925021709	VR	990	806	190	206	0	86	1
925020806	VR	990	806	190	206	0	86	1
926020303	VR	990	685	190	85	0	0	1
980000303	VR	810	942	10	342	0	222	1
980000304	VR	711	672	0	72	0	0	1
922240200	VR	903	730	103	130	0	10	1
926010024	VR	990	685	190	85	0	0	1
926130103	VR	1398	851	598	251	118	131	0
980000403	VR	810	942	10	342	0	222	1
980000401	VR	3234	1097	2434	497	1954	377	0
980000500	VR	795	598	0	0	0	0	1
980033207	VR	870	600	70	0	0	0	1
910510200	VR	988	890	188	290	0	170	1
980043003	VR	800	3510	0	2910	0	2790	1
910033116	VR	2160	1297	1360	697	880	577	0
990000641	VR	2428	1200	1628	600	1148	480	0
910100000	VR	1108	665	308	65	0	0	1
925033202	VR	990	806	190	206	0	86	1
925021009	VR	990	806	190	206	0	86	1
925032401	VR	990	806	190	206	0	86	1
980042004	none							?
926021401	VR	990	685	190	85	0	0	1
980010020	foothold-est	868	243	68	0	0	0	1
980010100	foothold-est	850	340	50	0	0	0	1
926021206	VR	990	685	190	85	0	0	1
922240012	VR	9720	934	8920	334	8440	214	0
925032204	VR	990	806	190	206	0	86	1
980010300	foothold-est	850	340	50	0	0	0	1
922231000	VR	1348	9840	548	9240	68	9120	0
926010001	VR	990	685	190	85	0	0	1
922213000	VR	1335	1526	535	926	55	806	0
925022806	VR	990	806	190	206	0	86	1
910031004	VR	1250	1985	450	1385	0	1265	1
914090001	VR	800	600	0	0	0	0	1
910033307	VR	900	735	100	135	0	15	1
980031004	VR	870	600	70	0	0	0	1
925033101	VR	990	806	190	206	0	86	1
980031006	VR	870	600	70	0	0	0	1
925021101	VR	990	806	190	206	0	86	1
980031008	VR	870	600	70	0	0	0	1
980031009	VR	870	600	70	0	0	0	1
926013301	VR	990	685	190	85	0	0	1
980031101	VR	1995	1170	1195	570	715	450	0
922241008	VR	1200	1190	400	590	0	470	1
926120403	VR	980	1245	180	645	0	525	1
910500000	foothold-est	1122	1151	322	551	0	431	1
914100000	VR	1393	950	593	350	113	230	0
980031106	VR	1995	1170	1195	570	715	450	0
926023108	VR	990	685	190	85	0	0	1
980031108	VR	1995	1170	1195	570	715	450	0
980031109	VR	1995	1170	1195	570	715	450	0
980043205	none							?
925030302	VR	990	806	190	206	0	86	1
925021100	VR	990	806	190	206	0	86	1
924010000	VR	1196	770	396	170	0	50	1
925020307	VR	990	806	190	206	0	86	1
980031205	VR	870	600	70	0	0	0	1
980042108	none							?
922240002	VR	9720	934	8920	334	8440	214	0
925020908	VR	990	806	190	206	0	86	1
925021900	VR	990	806	190	206	0	86	1
925021701	VR	990	806	190	206	0	86	1
980031400	VR	834	600	34	0	0	0	1
910031027	VR	1250	1985	450	1385	0	1265	1
910033314	VR	900	735	100	135	0	15	1
926012201	VR	990	685	190	85	0	0	1
926023209	VR	990	685	190	85	0	0	1
980043203	none							?
926021505	VR	990	685	190	85	0	0	1
926013204	VR	990	685	190	85	0	0	1
980032007	VR	870	600	70	0	0	0	1
925023309	VR	990	806	190	206	0	86	1
980032009	VR	870	600	70	0	0	0	1
925021800	VR	990	806	190	206	0	86	1
990000700	VR	2247	607	1447	7	967	0	1
925030603	VR	990	806	190	206	0	86	1
925021505	VR	990	806	190	206	0	86	1
980043004	VR	800	3510	0	2910	0	2790	1
910330306	VR	800	600	0	0	0	0	1
922212900	VR	1335	1526	535	926	55	806	0
925023209	VR	990	806	190	206	0	86	1
926110300	VR	1328	596	528	0	48	0	1
926012400	VR	990	685	190	85	0	0	1
925010000	foothold-est	1390	580	590	0	110	0	1
922010201	VR	800	4320	0	3720	0	3600	1
980030000	VR	983	700	183	100	0	0	1
980032203	VR	870	600	70	0	0	0	1
910033114	VR	2160	1297	1360	697	880	577	0
925020308	VR	990	806	190	206	0	86	1
925022308	VR	990	806	190	206	0	86	1
910310000	foothold-est	1428	1132	628	532	148	412	0
925021301	VR	990	806	190	206	0	86	1
925020704	VR	990	806	190	206	0	86	1
910033112	VR	2160	1297	1360	697	880	577	0
925033501	VR	990	806	190	206	0	86	1
925023302	VR	990	806	190	206	0	86	1
970000103	VR	800	600	0	0	0	0	1
980033002	VR	870	600	70	0	0	0	1
925020408	VR	990	806	190	206	0	86	1
910033310	VR	900	735	100	135	0	15	1
922240119	VR	905	720	105	120	0	0	1
910330307	VR	800	600	0	0	0	0	1
925100700	VR	1053	983	253	383	0	263	1
910510000	VR	1435	890	635	290	155	170	0
926020403	VR	990	685	190	85	0	0	1
980041102	none							?
925021608	VR	990	806	190	206	0	86	1
925031604	VR	990	806	190	206	0	86	1
910040110	VR	1080	600	280	0	0	0	1
910330100	VR	800	600	0	0	0	0	1
926020503	VR	990	685	190	85	0	0	1
914100022	VR	1359	600	559	0	79	0	1
926023106	VR	990	685	190	85	0	0	1
980033108	VR	1995	1170	1195	570	715	450	0
925021808	VR	990	806	190	206	0	86	1
922240114	VR	905	720	105	120	0	0	1
925033503	VR	990	806	190	206	0	86	1
925030503	VR	990	806	190	206	0	86	1
922230001	VR	800	995	0	395	0	275	1
910310003	none							?
980031207	VR	870	600	70	0	0	0	1
910031028	VR	1250	1985	450	1385	0	1265	1
926021408	VR	990	685	190	85	0	0	1
910020304	foothold-est	1030	4600	230	4000	0	3880	1
925032304	VR	990	806	190	206	0	86	1
926100700	VR	796	592	0	0	0	0	1
980033400	VR	834	600	34	0	0	0	1
925020002	VR	990	806	190	206	0	86	1
926010087	VR	990	685	190	85	0	0	1
980041000	foothold-est	884	3143	84	2543	0	2423	1
910040003	VR	1080	600	280	0	0	0	1
910320029	VR	800	600	0	0	0	0	1
910033115	VR	2160	1297	1360	697	880	577	0
926110201	foothold-est	1646	715	846	115	366	0	1
925031503	VR	990	806	190	206	0	86	1
925023004	VR	990	806	190	206	0	86	1
980042105	none							?
900010200	foothold-est	1930	160	1130	0	650	0	1
910031026	VR	1250	1985	450	1385	0	1265	1
926110700	VR	796	592	0	0	0	0	1
980031208	VR	870	600	70	0	0	0	1
925032300	VR	990	806	190	206	0	86	1
980041103	none							?
925020601	VR	990	806	190	206	0	86	1
920010912	foothold-est	770	1915	0	1315	0	1195	1
925021406	VR	990	806	190	206	0	86	1
980043202	none							?
925022701	VR	990	806	190	206	0	86	1
910040320	VR	1080	600	280	0	0	0	1
900090101	VR	800	600	0	0	0	0	1
980041201	none							?
925021005	VR	990	806	190	206	0	86	1
980041203	none							?
914000000	VR	1598	780	798	180	318	60	0
913020200	VR	1258	965	458	365	0	245	1
926000010	foothold-est	1836	1235	1036	635	556	515	0
925022503	VR	990	806	190	206	0	86	1
926021201	VR	990	685	190	85	0	0	1
922230206	VR	904	8244	104	7644	0	7524	1
922010405	foothold-est	1906	535	1106	0	626	0	1
980032206	VR	870	600	70	0	0	0	1
920010700	foothold-est	770	6295	0	5695	0	5575	1
980031202	VR	870	600	70	0	0	0	1
980010000	VR	1340	596	540	0	60	0	1
926020402	VR	990	685	190	85	0	0	1
970030005	foothold-est	850	160	50	0	0	0	1
925023200	VR	990	806	190	206	0	86	1
925030101	VR	990	806	190	206	0	86	1
980000503	VR	801	598	1	0	0	0	1
910033302	VR	900	735	100	135	0	15	1
925020904	VR	990	806	190	206	0	86	1
980042102	none							?
926120300	VR	801	814	1	214	0	94	1
980044201	none							?
922241013	VR	1200	1190	400	590	0	470	1
970000102	VR	798	635	0	35	0	0	1
922010800	VR	800	1660	0	1060	0	940	1
910060003	none							?
980043106	none							?
925031304	VR	990	806	190	206	0	86	1
920010601	foothold-est	770	2035	0	1435	0	1315	1
980042202	none							?
926010040	VR	990	685	190	85	0	0	1
980042204	none							?
980041100	foothold-est	4708	1818	3908	1218	3428	1098	0
925020905	VR	990	806	190	206	0	86	1
926010104	VR	990	685	190	85	0	0	1
980042208	none							?
910031021	VR	1250	1985	450	1385	0	1265	1
925023304	VR	990	806	190	206	0	86	1
910000010	VR	1745	1555	945	955	465	835	0
980042007	none							?
970020001	VR	1665	830	865	230	385	110	0
910600010	VR	1197	598	397	0	0	0	1
980032101	VR	1745	1650	945	1050	465	930	0
925020102	VR	990	806	190	206	0	86	1
925031803	VR	990	806	190	206	0	86	1
925022300	VR	990	806	190	206	0	86	1
922240118	VR	905	720	105	120	0	0	1
922020100	foothold-est	1480	1469	680	869	200	749	0
925023201	VR	990	806	190	206	0	86	1
980043102	none							?
926020304	VR	990	685	190	85	0	0	1
980043104	none							?
926023102	VR	990	685	190	85	0	0	1
980033102	VR	1995	1170	1195	570	715	450	0
910031009	VR	1250	1985	450	1385	0	1265	1
910033309	VR	900	735	100	135	0	15	1
925033800	VR	990	806	190	206	0	86	1
926010301	VR	990	685	190	85	0	0	1
980043107	none							?
925023807	VR	990	806	190	206	0	86	1
924000001	foothold-est	1840	940	1040	340	560	220	0
926021504	VR	990	685	190	85	0	0	1
925031502	VR	990	806	190	206	0	86	1
914090006	VR	800	600	0	0	0	0	1
926020405	VR	990	685	190	85	0	0	1
925021400	VR	990	806	190	206	0	86	1
922210600	VR	1335	1526	535	926	55	806	0
922240001	VR	9720	934	8920	334	8440	214	0
980044001	none							?
926110301	VR	780	3606	0	3006	0	2886	1
980033004	VR	870	600	70	0	0	0	1
910020102	foothold-est	1030	4960	230	4360	0	4240	1
910000018	foothold-est	1650	846	850	246	370	126	0
926020204	VR	990	685	190	85	0	0	1
925021105	VR	990	806	190	206	0	86	1
980044103	none							?
930000600	VR	1618	960	818	360	338	240	0
980044200	VR	800	760	0	160	0	40	1
980042104	none							?
910320001	VR	800	600	0	0	0	0	1
922211200	VR	1335	1526	535	926	55	806	0
925021403	VR	990	806	190	206	0	86	1
910520003	VR	813	600	13	0	0	0	1
980033202	VR	870	600	70	0	0	0	1
910031006	VR	1250	1985	450	1385	0	1265	1
980043100	VR	4670	920	3870	320	3390	200	0
925021003	VR	990	806	190	206	0	86	1
926022208	VR	990	685	190	85	0	0	1
910010200	VR	2064	1834	1264	1234	784	1114	0
910000004	foothold-est	1376	845	576	245	96	125	0
990000420	VR	1980	680	1180	80	700	0	1
926020505	VR	990	685	190	85	0	0	1
925020804	VR	990	806	190	206	0	86	1
914090013	VR	800	600	0	0	0	0	1
925022804	VR	990	806	190	206	0	86	1
980033203	VR	870	600	70	0	0	0	1
926130100	VR	1707	600	907	0	427	0	1
925030502	VR	990	806	190	206	0	86	1
910010400	foothold-est	850	460	50	0	0	0	1
910320302	VR	800	600	0	0	0	0	1
990000620	VR	2068	1712	1268	1112	788	992	0
980032100	VR	1745	1650	945	1050	465	930	0
990000631	VR	1618	1290	818	690	338	570	0
910033104	VR	2160	1297	1360	697	880	577	0
980043109	none							?
922000000	VR	7056	600	6256	0	5776	0	1
925033301	VR	990	806	190	206	0	86	1
926022300	VR	990	685	190	85	0	0	1
922231001	VR	1348	9840	548	9240	68	9120	0
990001100	VR	1616	1030	816	430	336	310	0
925021904	VR	990	806	190	206	0	86	1
140090400	VR	1708	1160	908	560	428	440	0
109060003	foothold-est	930	366	130	0	0	0	1
103000302	none							?
100000003	foothold-est	3988	665	3188	65	2708	0	1
103040447	VR	2574	795	1774	195	1294	75	0
103040434	VR	2448	600	1648	0	1168	0	1
100000006	foothold-est	838	1085	38	485	0	365	1
105040368	none							?
105090330	VR	1065	1780	265	1180	0	1060	1
100000102	VR	800	600	0	0	0	0	1
106021506	VR	1530	960	730	360	250	240	0
100030103	VR	1618	1080	818	480	338	360	0
109050000	foothold-est	926	495	126	0	0	0	1
100020170	none							?
140030000	VR	990	600	190	0	0	0	1
101020001	VR	800	2950	0	2350	0	2230	1
105090311	foothold-est	2560	2045	1760	1445	1280	1325	0
105060100	foothold-est	3250	2620	2450	2020	1970	1900	0
105050119	VR	1085	1579	285	979	0	859	1
101000200	foothold-est	1156	3574	356	2974	0	2854	1
100010100	foothold-est	1738	1115	938	515	458	395	0
101030103	VR	1710	2060	910	1460	430	1340	0
100020100	foothold-est	1300	520	500	0	20	0	1
100020101	none							?
100020102	none							?
109030101	foothold-est	1896	1862	1096	1262	616	1142	0
101000004	VR	800	600	0	0	0	0	1
100020105	none							?
109010110	foothold-est	2186	1446	1386	846	906	726	0
103020200	foothold-est	3268	1805	2468	1205	1988	1085	0
100020112	none							?
101020007	VR	800	2250	0	1650	0	1530	1
100040101	foothold-est	1806	1262	1006	662	526	542	0
106020601	VR	901	1320	101	720	0	600	1
130000100	VR	1258	1130	458	530	0	410	1
109010103	foothold-est	1286	886	486	286	6	166	0
130010100	VR	2245	1665	1445	1065	965	945	0
106021508	VR	1530	960	730	360	250	240	0
100020169	none							?
109080002	VR	2398	3080	1598	2480	1118	2360	0
105050106	VR	1085	1579	285	979	0	859	1
100020106	none							?
103000907	VR	4260	920	3460	320	2980	200	0
105050115	VR	1085	1579	285	979	0	859	1
100020122	none							?
100020123	none							?
106021606	VR	1693	1105	893	505	413	385	0
100030101	VR	1197	835	397	235	0	115	1
105040357	none							?
105040365	none							?
106021003	VR	810	1320	10	720	0	600	1
107000001	foothold-est	3280	706	2480	106	2000	0	1
105040358	none							?
101010100	foothold-est	1876	1516	1076	916	596	796	0
105050199	VR	1085	1579	285	979	0	859	1
103040466	VR	2448	600	1648	0	1168	0	1
100050000	foothold-est	1716	2036	916	1436	436	1316	0
105100000	VR	980	2659	180	2059	0	1939	1
100020180	none							?
109010105	foothold-est	2006	937	1206	337	726	217	0
100020138	none							?
105040323	none							?
105070001	foothold-est	3880	2800	3080	2200	2600	2080	0
100020158	none							?
100020142	none							?
105040369	none							?
108000716	VR	1525	2280	725	1680	245	1560	0
105050134	VR	1085	1579	285	979	0	859	1
100020172	none							?
100020147	none							?
105050171	VR	1085	1579	285	979	0	859	1
108000712	VR	1525	2280	725	1680	245	1560	0
100020181	none							?
120000202	VR	940	600	140	0	0	0	1
101030001	foothold-est	1526	1435	726	835	246	715	0
105050123	VR	1085	1579	285	979	0	859	1
109040003	foothold-est	2450	2033	1650	1433	1170	1313	0
105080000	foothold-est	2260	2105	1460	1505	980	1385	0
108000708	VR	2334	1385	1534	785	1054	665	0
105050102	VR	1085	1579	285	979	0	859	1
102040000	foothold-est	3170	1922	2370	1322	1890	1202	0
100020192	none							?
108000201	VR	800	3260	0	2660	0	2540	1
109040000	foothold-est	1636	1015	836	415	356	295	0
108000402	foothold-est	1214	1756	414	1156	0	1036	1
108010620	VR	1708	1565	908	965	428	845	0
101040003	foothold-est	2380	935	1580	335	1100	215	0
103010001	foothold-est	1370	1185	570	585	90	465	0
195030000	foothold-est	1896	969	1096	369	616	249	0
105040329	none							?
105090334	VR	1065	1780	265	1180	0	1060	1
106021603	VR	1693	1105	893	505	413	385	0
102050000	foothold-est	2810	2068	2010	1468	1530	1348	0
109040004	foothold-est	2180	2606	1380	2006	900	1886	0
101020000	foothold-est	2141	6467	1341	5867	861	5747	0
107000403	VR	1785	1920	985	1320	505	1200	0
105050129	VR	1085	1579	285	979	0	859	1
106010106	foothold-est	2008	780	1208	180	728	60	0
105040316	foothold-est	1820	4195	1020	3595	540	3475	0
100020167	none							?
103040201	VR	2670	813	1870	213	1390	93	0
100020128	none							?
100020136	none							?
102000001	VR	800	600	0	0	0	0	1
100020182	none							?
108000710	VR	1525	2280	725	1680	245	1560	0
109090100	VR	1080	600	280	0	0	0	1
103000300	foothold-est	1154	160	354	0	0	0	1
100000204	VR	800	600	0	0	0	0	1
130030001	VR	1438	1665	638	1065	158	945	0
100020188	none							?
106021004	VR	810	1320	10	720	0	600	1
101030406	foothold-est	1892	1885	1092	1285	612	1165	0
109090203	VR	1080	600	280	0	0	0	1
103000902	VR	2250	860	1450	260	970	140	0
109060001	foothold-est	930	366	130	0	0	0	1
105040000	foothold-est	1816	3280	1016	2680	536	2560	0
103000104	VR	3790	970	2990	370	2510	250	0
103040431	VR	2448	600	1648	0	1168	0	1
100020197	none							?
106021605	VR	1693	1105	893	505	413	385	0
105050200	foothold-est	3520	2165	2720	1565	2240	1445	0
102020100	foothold-est	1817	1947	1017	1347	537	1227	0
103040415	VR	2574	795	1774	195	1294	75	0
105090323	VR	1065	1780	265	1180	0	1060	1
109060004	VR	4290	600	3490	0	3010	0	1
105050158	VR	1085	1579	285	979	0	859	1
140020300	VR	1969	959	1169	359	689	239	0
105050120	VR	1085	1579	285	979	0	859	1
103040450	VR	2576	795	1776	195	1296	75	0
100030301	VR	1505	1050	705	450	225	330	0
103000890	VR	911	630	111	30	0	0	1
100030320	VR	2158	1470	1358	870	878	750	0
100030400	VR	1708	1080	908	480	428	360	0
140020100	VR	1618	1670	818	1070	338	950	0
106020000	VR	1530	1080	730	480	250	360	0
109030003	foothold-est	3156	2804	2356	2204	1876	2084	0
100000104	VR	800	600	0	0	0	0	1
103040464	VR	2448	600	1648	0	1168	0	1
106010103	foothold-est	1648	898	848	298	368	178	0
109010104	foothold-est	2186	755	1386	155	906	35	0
100010000	foothold-est	2728	1475	1928	875	1448	755	0
105050183	VR	1085	1579	285	979	0	859	1
108000400	foothold-est	1214	1756	414	1156	0	1036	1
104020000	foothold-est	4258	1805	3458	1205	2978	1085	0
100040106	foothold-est	1716	1082	916	482	436	362	0
100040110	VR	1226	1929	426	1329	0	1209	1
103000105	VR	3790	970	2990	370	2510	250	0
100000000	foothold-est	7406	1047	6606	447	6126	327	0
105030000	foothold-est	2180	3163	1380	2563	900	2443	0
101000002	VR	800	600	0	0	0	0	1
105040401	VR	800	620	0	20	0	0	1
100020104	none							?
109020001	foothold-est	1826	1146	1026	546	546	426	0
105050155	VR	1085	1579	285	979	0	859	1
105050126	VR	1085	1579	285	979	0	859	1
106021007	VR	810	1320	10	720	0	600	1
100020133	none							?
101000104	foothold-est	1086	3482	286	2882	0	2762	1
104000001	VR	800	600	0	0	0	0	1
108010201	foothold-est	1360	1086	560	486	80	366	0
109010106	foothold-est	2366	755	1566	155	1086	35	0
105050166	VR	1085	1579	285	979	0	859	1
108000701	VR	2334	1385	1534	785	1054	665	0
109090201	VR	1080	600	280	0	0	0	1
110020001	VR	1580	1940	780	1340	300	1220	0
105040364	none							?
105050180	VR	1085	1579	285	979	0	859	1
100020191	none							?
100020146	none							?
101020002	VR	800	2660	0	2060	0	1940	1
100020140	none							?
105050114	VR	1085	1579	285	979	0	859	1
105050165	VR	1085	1579	285	979	0	859	1
130010220	VR	1165	775	365	175	0	55	1
100020109	none							?
106020401	VR	1350	1290	550	690	70	570	0
100020129	none							?
101020010	VR	800	2180	0	1580	0	1460	1
103000805	foothold-est	1186	1165	386	565	0	445	1
100020143	none							?
190000000	foothold-est	2008	1205	1208	605	728	485	0
101030101	VR	1710	1444	910	844	430	724	0
130010120	VR	1618	1415	818	815	338	695	0
102000003	VR	800	600	0	0	0	0	1
104000002	VR	800	600	0	0	0	0	1
100020148	none							?
105040338	none							?
101030107	VR	1618	1093	818	493	338	373	0
100020199	none							?
100040102	VR	800	2490	0	1890	0	1770	1
102010000	foothold-est	3686	1142	2886	542	2406	422	0
108000300	foothold-est	1436	1885	636	1285	156	1165	0
109010200	foothold-est	1916	3246	1116	2646	636	2526	0
105040332	none							?
105050107	VR	1085	1579	285	979	0	859	1
101030400	foothold-est	2066	2046	1266	1446	786	1326	0
106021008	VR	810	1320	10	720	0	600	1
108010400	VR	3379	675	2579	75	2099	0	1
103040419	VR	2574	795	1774	195	1294	75	0
105040354	none							?
192000001	foothold-est	2696	1165	1896	565	1416	445	0
105090800	foothold-est	2196	1368	1396	768	916	648	0
101040000	foothold-est	3956	1255	3156	655	2676	535	0
109030402	foothold-est	3066	2432	2266	1832	1786	1712	0
100030200	VR	3238	1480	2438	880	1958	760	0
105050103	VR	1085	1579	285	979	0	859	1
120000100	VR	4201	598	3401	0	2921	0	1
105090327	VR	1065	1780	265	1180	0	1060	1
100000105	VR	800	600	0	0	0	0	1
102000005	VR	800	600	0	0	0	0	1
102000004	VR	800	600	0	0	0	0	1
105040336	none							?
101030100	foothold-est	2156	1708	1356	1108	876	988	0
107000401	VR	2245	1920	1445	1320	965	1200	0
100020165	none							?
102020200	foothold-est	1804	2228	1004	1628	524	1508	0
106021002	VR	810	1320	10	720	0	600	1
109090000	VR	1440	600	640	0	160	0	1
108000709	VR	2334	1385	1534	785	1054	665	0
105090322	VR	1065	1780	265	1180	0	1060	1
106000100	foothold-est	2426	1495	1626	895	1146	775	0
104040002	foothold-est	1828	1385	1028	785	548	665	0
105050174	VR	1085	1579	285	979	0	859	1
103000002	VR	800	650	0	50	0	0	1
103000003	VR	800	960	0	360	0	240	1
105050118	VR	1085	1579	285	979	0	859	1
103000800	VR	2020	1874	1220	1274	740	1154	0
140020200	VR	1618	1670	818	1070	338	950	0
106020403	VR	1440	1295	640	695	160	575	0
106021005	VR	810	1320	10	720	0	600	1
103000009	VR	800	600	0	0	0	0	1
100020164	none							?
100020125	none							?
197000000	VR	2470	600	1670	0	1190	0	1
103000103	VR	3970	970	3170	370	2690	250	0
191000000	foothold-est	1896	2640	1096	2040	616	1920	0
105040363	none							?
100000001	foothold-est	1196	826	396	226	0	106	1
106020900	VR	800	600	0	0	0	0	1
108000500	VR	4197	598	3397	0	2917	0	1
105050143	VR	1085	1579	285	979	0	859	1
109060005	foothold-est	930	366	130	0	0	0	1
108000502	VR	4197	598	3397	0	2917	0	1
108000703	VR	2334	1385	1534	785	1054	665	0
100020150	none							?
105090400	foothold-est	1746	2893	946	2293	466	2173	0
103000802	foothold-est	1996	1237	1196	637	716	517	0
109090101	VR	1080	600	280	0	0	0	1
106021602	VR	1693	1105	893	505	413	385	0
107000402	VR	1832	1920	1032	1320	552	1200	0
130020000	VR	1258	2025	458	1425	0	1305	1
105050197	VR	1085	1579	285	979	0	859	1
103000901	VR	1300	2010	500	1410	20	1290	0
109090303	none							?
105050191	VR	1085	1579	285	979	0	859	1
100000202	foothold-est	3806	2205	3006	1605	2526	1485	0
100020149	none							?
101000001	VR	800	600	0	0	0	0	1
100000200	foothold-est	4886	756	4086	156	3606	36	0
105040311	foothold-est	1550	3055	750	2455	270	2335	0
105040313	foothold-est	2000	2815	1200	2215	720	2095	0
106010105	foothold-est	1828	1027	1028	427	548	307	0
100040002	VR	800	2390	0	1790	0	1670	1
103040460	VR	2448	600	1648	0	1168	0	1
195010000	VR	1100	2370	300	1770	0	1650	1
105050116	VR	1085	1579	285	979	0	859	1
103030000	foothold-est	3088	1685	2288	1085	1808	965	0
108000302	foothold-est	1436	1885	636	1285	156	1165	0
100020117	none							?
105090338	VR	1065	1780	265	1180	0	1060	1
100020155	none							?
106021609	VR	1693	1105	893	505	413	385	0
105040367	none							?
103040103	VR	2670	813	1870	213	1390	93	0
103040200	VR	2670	813	1870	213	1390	93	0
100020113	none							?
105100101	VR	813	600	13	0	0	0	1
103040203	VR	2670	813	1870	213	1390	93	0
103000008	VR	800	600	0	0	0	0	1
106021009	VR	810	1320	10	720	0	600	1
106010102	foothold-est	2188	1057	1388	457	908	337	0
105050104	VR	1085	1579	285	979	0	859	1
108010600	VR	1708	1365	908	765	428	645	0
100020177	none							?
101030000	foothold-est	2290	2395	1490	1795	1010	1675	0
106021500	VR	1530	960	730	360	250	240	0
103040413	VR	2574	795	1774	195	1294	75	0
110020000	VR	3985	2240	3185	1640	2705	1520	0
109010201	foothold-est	2456	1026	1656	426	1176	306	0
103040416	VR	2574	795	1774	195	1294	75	0
103040417	VR	2574	795	1774	195	1294	75	0
103040418	VR	2574	795	1774	195	1294	75	0
105050181	VR	1085	1579	285	979	0	859	1
105090337	VR	1065	1780	265	1180	0	1060	1
103040421	VR	2576	795	1776	195	1296	75	0
103040422	VR	2576	795	1776	195	1296	75	0
195000000	foothold-est	2800	2825	2000	2225	1520	2105	0
105050168	VR	1085	1579	285	979	0	859	1
100020135	none							?
100020176	none							?
103040427	VR	2576	795	1776	195	1296	75	0
105040300	foothold-est	3076	1451	2276	851	1796	731	0
103040429	VR	2576	795	1776	195	1296	75	0
140020000	VR	1618	1370	818	770	338	650	0
101020009	VR	800	2670	0	2070	0	1950	1
100000002	foothold-est	1840	850	1040	250	560	130	0
100020137	none							?
108000301	foothold-est	1436	1885	636	1285	156	1165	0
103040435	VR	2448	600	1648	0	1168	0	1
100030000	VR	3742	2251	2942	1651	2462	1531	0
106020001	VR	800	600	0	0	0	0	1
109030403	foothold-est	3156	2804	2356	2204	1876	2084	0
105040331	none							?
103040455	VR	2576	795	1776	195	1296	75	0
103040441	VR	2574	795	1774	195	1294	75	0
105050159	VR	1085	1579	285	979	0	859	1
105090328	VR	1065	1780	265	1180	0	1060	1
100020118	none							?
100020185	none							?
103040446	VR	2574	795	1774	195	1294	75	0
140010110	VR	1495	11460	695	10860	215	10740	0
103040448	VR	2574	795	1774	195	1294	75	0
108000713	VR	1525	2280	725	1680	245	1560	0
105050132	VR	1085	1579	285	979	0	859	1
110000000	VR	3180	1190	2380	590	1900	470	0
105040315	foothold-est	1640	2455	840	1855	360	1735	0
190000001	foothold-est	1648	1175	848	575	368	455	0
103040454	VR	2576	795	1776	195	1296	75	0
103040461	VR	2448	600	1648	0	1168	0	1
105050178	VR	1085	1579	285	979	0	859	1
105100301	VR	1200	820	400	220	0	100	1
105050125	VR	1085	1579	285	979	0	859	1
107000400	VR	3310	1440	2510	840	2030	720	0
105050193	VR	1085	1579	285	979	0	859	1
103000005	VR	800	600	0	0	0	0	1
130010200	VR	2338	1820	1538	1220	1058	1100	0
105090900	foothold-est	1624	1196	824	596	344	476	0
100020107	none							?
103040465	VR	2448	600	1648	0	1168	0	1
103000906	VR	1380	3730	580	3130	100	3010	0
105090301	foothold-est	1444	1699	644	1099	164	979	0
105050151	VR	1085	1579	285	979	0	859	1
103040301	VR	2670	813	1870	213	1390	93	0
109030001	foothold-est	1896	1862	1096	1262	616	1142	0
106020501	VR	1080	1040	280	440	0	320	1
103000200	VR	4680	970	3880	370	3400	250	0
100020124	none							?
106021001	VR	810	1320	10	720	0	600	1
104000004	VR	780	589	0	0	0	0	1
104000200	foothold-est	2818	1865	2018	1265	1538	1145	0
103040444	VR	2574	795	1774	195	1294	75	0
108010500	VR	3379	675	2579	75	2099	0	1
105050160	VR	1085	1579	285	979	0	859	1
140000010	foothold-est	940	662	140	62	0	0	1
104010002	foothold-est	3898	1356	3098	756	2618	636	0
105040355	none							?
104030000	foothold-est	3538	1907	2738	1307	2258	1187	0
105090324	VR	1065	1780	265	1180	0	1060	1
105090321	VR	1065	1780	265	1180	0	1060	1
100020111	none							?
101020003	VR	770	2530	0	1930	0	1810	1
106021501	VR	1530	960	730	360	250	240	0
100000205	VR	800	600	0	0	0	0	1
106000130	foothold-est	2336	1461	1536	861	1056	741	0
105040353	none							?
106000120	foothold-est	2336	1461	1536	861	1056	741	0
105050300	foothold-est	3430	2812	2630	2212	2150	2092	0
105040301	foothold-est	1096	2095	296	1495	0	1375	1
100030001	foothold-est	2998	905	2198	305	1718	185	0
105090333	VR	1065	1780	265	1180	0	1060	1
140000011	VR	800	650	0	50	0	0	1
105070100	VR	900	2380	100	1780	0	1660	1
105040306	foothold-est	1996	1855	1196	1255	716	1135	0
105040310	foothold-est	1460	3415	660	2815	180	2695	0
100020139	none							?
103000202	VR	3790	970	2990	370	2510	250	0
105050100	foothold-est	2800	2620	2000	2020	1520	1900	0
103040451	VR	2576	795	1776	195	1296	75	0
105050121	VR	1085	1579	285	979	0	859	1
105050189	VR	1085	1579	285	979	0	859	1
101030112	VR	850	2139	50	1539	0	1419	1
120000105	VR	800	600	0	0	0	0	1
110040000	VR	3180	1740	2380	1140	1900	1020	0
106021504	VR	1530	960	730	360	250	240	0
105050182	VR	1085	1579	285	979	0	859	1
100040001	VR	800	2036	0	1436	0	1316	1
101030102	VR	1980	1895	1180	1295	700	1175	0
108010501	foothold-est	1358	1086	558	486	78	366	0
100020130	none							?
103040410	VR	2574	795	1774	195	1294	75	0
105050146	VR	1085	1579	285	979	0	859	1
103040439	VR	2448	600	1648	0	1168	0	1
103000904	VR	1990	3000	1190	2400	710	2280	0
108000714	VR	1525	2280	725	1680	245	1560	0
105040334	none							?
109090200	VR	1080	600	280	0	0	0	1
109030002	foothold-est	3066	2432	2266	1832	1786	1712	0
100020000	foothold-est	2368	875	1568	275	1088	155	0
130030006	VR	1528	1665	728	1065	248	945	0
106021604	VR	1693	1105	893	505	413	385	0
105040340	none							?
105040341	none							?
103030200	foothold-est	2638	1625	1838	1025	1358	905	0
101020008	VR	770	2670	0	2070	0	1950	1
103040458	VR	2576	795	1776	195	1296	75	0
108010101	foothold-est	1358	1086	558	486	78	366	0
110030001	VR	1580	1560	780	960	300	840	0
105040304	foothold-est	1276	2755	476	2155	0	2035	1
101000301	VR	1600	1450	800	850	320	730	0
101000100	foothold-est	1536	4205	736	3605	256	3485	0
100020198	none							?
108000711	VR	1525	2280	725	1680	245	1560	0
105050177	VR	1085	1579	285	979	0	859	1
101040002	foothold-est	2156	992	1356	392	876	272	0
105040361	none							?
100020152	none							?
109030302	foothold-est	3066	2432	2266	1832	1786	1712	0
103040300	VR	2670	813	1870	213	1390	93	0
101000101	foothold-est	1086	4120	286	3520	0	3400	1
140090000	VR	993	600	193	0	0	0	1
106021503	VR	1530	960	730	360	250	240	0
100020174	none							?
105040342	none							?
103040433	VR	2448	600	1648	0	1168	0	1
101030404	foothold-est	2066	1468	1266	868	786	748	0
100020194	none							?
105040366	none							?
105050117	VR	1085	1579	285	979	0	859	1
106000140	foothold-est	2606	1461	1806	861	1326	741	0
109090103	VR	1080	600	280	0	0	0	1
108000602	VR	1348	2565	548	1965	68	1845	0
109010100	foothold-est	3896	3606	3096	3006	2616	2886	0
106021201	VR	800	600	0	0	0	0	1
103040400	VR	2576	795	1776	195	1296	75	0
103040463	VR	2448	600	1648	0	1168	0	1
100030310	VR	2428	1780	1628	1180	1148	1060	0
100020157	none							?
100000100	foothold-est	5786	756	4986	156	4506	36	0
105050139	VR	1085	1579	285	979	0	859	1
105050105	VR	1085	1579	285	979	0	859	1
105050164	VR	1085	1579	285	979	0	859	1
101030300	foothold-est	2156	1693	1356	1093	876	973	0
105050108	VR	1085	1579	285	979	0	859	1
103000801	VR	1498	910	698	310	218	190	0
180000000	foothold-est	838	485	38	0	0	0	1
102020300	foothold-est	1796	1780	996	1180	516	1060	0
109010102	foothold-est	2186	1446	1386	846	906	726	0
100020190	none							?
105040347	none							?
101010103	VR	975	2615	175	2015	0	1895	1
100020193	none							?
109030301	foothold-est	1896	1862	1096	1262	616	1142	0
100020151	none							?
105100401	VR	1200	820	400	220	0	100	1
105040343	none							?
102040001	foothold-est	1370	1185	570	585	90	465	0
108010610	VR	1440	1485	640	885	160	765	0
100040000	foothold-est	3383	2444	2583	1844	2103	1724	0
106010000	foothold-est	3448	1625	2648	1025	2168	905	0
107000100	foothold-est	3730	1068	2930	468	2450	348	0
103000310	VR	1198	600	398	0	0	0	1
103000101	VR	3970	970	3170	370	2690	250	0
107000300	VR	3689	1380	2889	780	2409	660	0
103040412	VR	2574	795	1774	195	1294	75	0
109090104	VR	1080	600	280	0	0	0	1
106021100	VR	2250	1315	1450	715	970	595	0
107000301	VR	810	600	10	0	0	0	1
105050133	VR	1085	1579	285	979	0	859	1
107000501	foothold-est	1550	2333	750	1733	270	1613	0
105050140	VR	1085	1579	285	979	0	859	1
101020004	VR	800	1960	0	1360	0	1240	1
192000000	foothold-est	3056	1165	2256	565	1776	445	0
106021700	VR	1696	1105	896	505	416	385	0
120000301	VR	800	825	0	225	0	105	1
105050148	VR	1085	1579	285	979	0	859	1
140090500	VR	1619	1160	819	560	339	440	0
105050142	VR	1085	1579	285	979	0	859	1
105050130	VR	1085	1579	285	979	0	859	1
103000301	none							?
105050145	VR	1085	1579	285	979	0	859	1
103040432	VR	2448	600	1648	0	1168	0	1
103010000	foothold-est	4610	1924	3810	1324	3330	1204	0
105050186	VR	1085	1579	285	979	0	859	1
100020195	none							?
108000401	foothold-est	1214	1756	414	1156	0	1036	1
105040327	none							?
105050152	VR	1085	1579	285	979	0	859	1
100020179	none							?
105050154	VR	1085	1579	285	979	0	859	1
106010101	foothold-est	1288	1379	488	779	8	659	0
105050156	VR	1085	1579	285	979	0	859	1
191000001	VR	800	2400	0	1800	0	1680	1
103020000	foothold-est	2638	1505	1838	905	1358	785	0
103040303	VR	2670	813	1870	213	1390	93	0
106021006	VR	810	1320	10	720	0	600	1
105050161	VR	1085	1579	285	979	0	859	1
108010700	VR	1969	959	1169	359	689	239	0
105040314	foothold-est	1910	2635	1110	2035	630	1915	0
101030104	VR	2430	1675	1630	1075	1150	955	0
101030403	foothold-est	2066	2046	1266	1446	786	1326	0
101020006	VR	800	2390	0	1790	0	1670	1
105100400	VR	1200	910	400	310	0	190	1
108000102	foothold-est	2350	2885	1550	2285	1070	2165	0
105050169	VR	1085	1579	285	979	0	859	1
100030100	VR	808	590	8	0	0	0	1
105050000	foothold-est	3250	2560	2450	1960	1970	1840	0
106000002	foothold-est	2246	1465	1446	865	966	745	0
105050157	VR	1085	1579	285	979	0	859	1
106020700	foothold-est	2290	558	1490	0	1010	0	1
100020186	none							?
100040004	VR	800	2190	0	1590	0	1470	1
105040326	none							?
105090310	VR	2314	3257	1514	2657	1034	2537	0
105050179	VR	1085	1579	285	979	0	859	1
103040452	VR	2576	795	1776	195	1296	75	0
105070300	VR	1100	2240	300	1640	0	1520	1
101030109	VR	1973	1360	1173	760	693	640	0
108010200	VR	3379	675	2579	75	2099	0	1
106021200	foothold-est	2066	1272	1266	672	786	552	0
105050153	VR	1085	1579	285	979	0	859	1
105050196	VR	1085	1579	285	979	0	859	1
105050149	VR	1085	1579	285	979	0	859	1
101010101	foothold-est	1647	2285	847	1685	367	1565	0
107000200	foothold-est	3370	944	2570	344	2090	224	0
100020108	none							?
103000903	VR	1280	3100	480	2500	0	2380	1
105050111	VR	1085	1579	285	979	0	859	1
105040352	none							?
105050194	VR	1085	1579	285	979	0	859	1
105050195	VR	1085	1579	285	979	0	859	1
109090302	none							?
105040305	foothold-est	2086	3235	1286	2635	806	2515	0
102000000	foothold-est	3326	2826	2526	2226	2046	2106	0
105050110	VR	1085	1579	285	979	0	859	1
103040102	VR	2670	813	1870	213	1390	93	0
105090331	VR	1065	1780	265	1180	0	1060	1
105050400	foothold-est	3430	1360	2630	760	2150	640	0
101030105	VR	1976	1080	1176	480	696	360	0
100040100	foothold-est	2086	2841	1286	2241	806	2121	0
105050109	VR	1085	1579	285	979	0	859	1
100020168	none							?
103040443	VR	2574	795	1774	195	1294	75	0
105100100	VR	1980	960	1180	360	700	240	0
101030401	foothold-est	2066	1798	1266	1198	786	1078	0
105040333	none							?
105040303	foothold-est	1276	3415	476	2815	0	2695	1
100020134	none							?
105090000	foothold-est	2916	4507	2116	3907	1636	3787	0
105040302	foothold-est	1460	2815	660	2215	180	2095	0
105090200	VR	800	2060	0	1460	0	1340	1
105090300	VR	2074	3090	1274	2490	794	2370	0
105040351	none							?
103040414	VR	2574	795	1774	195	1294	75	0
105090312	VR	2340	1560	1540	960	1060	840	0
120010000	VR	963	600	163	0	0	0	1
105090320	VR	1065	1780	265	1180	0	1060	1
101030405	foothold-est	1886	1249	1086	649	606	529	0
105050147	VR	1085	1579	285	979	0	859	1
100020115	none							?
106021402	VR	800	3300	0	2700	0	2580	1
105090325	VR	1065	1780	265	1180	0	1060	1
105040344	none							?
106010104	foothold-est	1558	923	758	323	278	203	0
104000400	foothold-est	1648	1235	848	635	368	515	0
108000100	foothold-est	2350	2885	1550	2285	1070	2165	0
105040335	none							?
100000101	VR	800	915	0	315	0	195	1
130000210	VR	1075	1124	275	524	0	404	1
100020196	none							?
103040411	VR	2574	795	1774	195	1294	75	0
105090335	VR	1065	1780	265	1180	0	1060	1
105090336	VR	1065	1780	265	1180	0	1060	1
103040420	VR	2576	795	1776	195	1296	75	0
100000203	foothold-est	2726	2436	1926	1836	1446	1716	0
100040103	foothold-est	1716	1622	916	1022	436	902	0
104040000	foothold-est	2278	1745	1478	1145	998	1025	0
106000200	foothold-est	2246	1813	1446	1213	966	1093	0
108010100	VR	3379	675	2579	75	2099	0	1
105090700	foothold-est	2546	1393	1746	793	1266	673	0
101000103	foothold-est	1986	1915	1186	1315	706	1195	0
109080003	VR	2398	3080	1598	2480	1118	2360	0
103040449	VR	2574	795	1774	195	1294	75	0
103040428	VR	2576	795	1776	195	1296	75	0
103030100	foothold-est	2368	1625	1568	1025	1088	905	0
105100300	VR	1200	910	400	310	0	190	1
108000704	VR	2334	1385	1534	785	1054	665	0
105050167	VR	1085	1579	285	979	0	859	1
100020160	none							?
103020100	foothold-est	2638	1656	1838	1056	1358	936	0
103000007	VR	1530	780	730	180	250	60	0
104030001	foothold-est	2548	965	1748	365	1268	245	0
105090329	VR	1065	1780	265	1180	0	1060	1
100020116	none							?
109010202	foothold-est	1556	1446	756	846	276	726	0
101000400	VR	844	773	44	173	0	53	1
106020300	VR	1710	1110	910	510	430	390	0
108010630	VR	1618	1415	818	815	338	695	0
101030402	foothold-est	2066	1792	1266	1192	786	1072	0
106000300	foothold-est	2246	2169	1446	1569	966	1449	0
105050173	VR	1085	1579	285	979	0	859	1
106010100	foothold-est	3808	1445	3008	845	2528	725	0
130010020	VR	1440	1485	640	885	160	765	0
103040468	VR	2448	600	1648	0	1168	0	1
108010300	VR	3379	675	2579	75	2099	0	1
105070200	VR	910	2240	110	1640	0	1520	1
105050190	VR	1085	1579	285	979	0	859	1
195020000	foothold-est	3096	2472	2296	1872	1816	1752	0
103000004	VR	800	600	0	0	0	0	1
100020162	none							?
104000003	VR	800	600	0	0	0	0	1
108000600	VR	1348	2565	548	1965	68	1845	0
106020100	VR	1620	1380	820	780	340	660	0
103040438	VR	2448	600	1648	0	1168	0	1
101000005	VR	800	600	0	0	0	0	1
120000102	VR	895	595	95	0	0	0	1
100020141	none							?
120000103	VR	1000	600	200	0	0	0	1
105040350	none							?
105090326	VR	1065	1780	265	1180	0	1060	1
106020600	VR	1028	1260	228	660	0	540	1
104040001	foothold-est	1828	1325	1028	725	548	605	0
103000001	VR	800	670	0	70	0	0	1
130000120	VR	1258	731	458	131	0	11	1
109030303	foothold-est	3156	2804	2356	2204	1876	2084	0
106021000	VR	2880	1440	2080	840	1600	720	0
109080001	VR	2398	3080	1598	2480	1118	2360	0
105050113	VR	1085	1579	285	979	0	859	1
105090500	foothold-est	2254	877	1454	277	974	157	0
108000707	VR	2334	1385	1534	785	1054	665	0
120000104	VR	900	800	100	200	0	80	1
102000002	VR	800	600	0	0	0	0	1
130010000	VR	2158	1665	1358	1065	878	945	0
105040349	none							?
110010000	VR	3980	1540	3180	940	2700	820	0
105040348	none							?
105040322	none							?
101030111	VR	850	1774	50	1174	0	1054	1
105070002	foothold-est	1300	1238	500	638	20	518	0
105050135	VR	1085	1579	285	979	0	859	1
108000202	VR	800	3260	0	2660	0	2540	1
105070000	foothold-est	3250	2885	2450	2285	1970	2165	0
105050124	VR	1085	1579	285	979	0	859	1
100020184	none							?
104010000	foothold-est	5158	2465	4358	1865	3878	1745	0
106021502	VR	1530	960	730	360	250	240	0
105040402	VR	800	620	0	20	0	0	1
100020161	none							?
109010000	foothold-est	1376	1206	576	606	96	486	0
103000908	VR	1110	3850	310	3250	0	3130	1
100020114	none							?
105040330	none							?
106021509	VR	1530	960	730	360	250	240	0
106021600	VR	1693	1105	893	505	413	385	0
130000110	VR	1258	1055	458	455	0	335	1
109070000	foothold-est	1736	1506	936	906	456	786	0
105050128	VR	1085	1579	285	979	0	859	1
108000200	VR	800	3260	0	2660	0	2540	1
105040324	none							?
106021401	VR	1530	960	730	360	250	240	0
106021607	VR	1693	1105	893	505	413	385	0
105040325	none							?
130010210	VR	1708	1135	908	535	428	415	0
105050138	VR	1085	1579	285	979	0	859	1
106021800	VR	944	1260	144	660	0	540	1
109010204	foothold-est	1556	1086	756	486	276	366	0
101030108	VR	1612	1715	812	1115	332	995	0
105090100	foothold-est	2826	3168	2026	2568	1546	2448	0
103040442	VR	2574	795	1774	195	1294	75	0
103000900	VR	4530	2800	3730	2200	3250	2080	0
103000804	VR	870	2930	70	2330	0	2210	1
103040456	VR	2576	795	1776	195	1296	75	0
108000700	VR	2334	1385	1534	785	1054	665	0
105050101	VR	1085	1579	285	979	0	859	1
193000000	VR	800	600	0	0	0	0	1
107000500	foothold-est	2270	2333	1470	1733	990	1613	0
100020159	none							?
105050184	VR	1085	1579	285	979	0	859	1
108000101	foothold-est	2350	2885	1550	2285	1070	2165	0
103000905	VR	2250	860	1450	260	970	140	0
105040321	none							?
106020800	VR	2971	1320	2171	720	1691	600	0
180000001	foothold-est	838	485	38	0	0	0	1
109090301	none							?
103040202	VR	2670	813	1870	213	1390	93	0
105040359	none							?
100040104	VR	800	2490	0	1890	0	1770	1
103000100	VR	800	600	0	0	0	0	1
109010108	foothold-est	2366	1056	1566	456	1086	336	0
100020121	none							?
108000501	VR	4197	598	3397	0	2917	0	1
140090100	VR	2068	1160	1268	560	788	440	0
101030200	foothold-est	2156	1752	1356	1152	876	1032	0
109090202	VR	1080	600	280	0	0	0	1
105040346	none							?
101000300	VR	2315	738	1515	138	1035	18	0
105050198	VR	1085	1579	285	979	0	859	1
103000803	foothold-est	1276	1114	476	514	0	394	1
100030102	VR	2788	1380	1988	780	1508	660	0
105050137	VR	1085	1579	285	979	0	859	1
106020500	VR	1080	1040	280	440	0	320	1
108000705	VR	2334	1385	1534	785	1054	665	0
130030002	VR	1528	1665	728	1065	248	945	0
100020119	none							?
109090300	foothold-est	4708	1445	3908	845	3428	725	0
103040423	VR	2576	795	1776	195	1296	75	0
103040457	VR	2576	795	1776	195	1296	75	0
104010001	foothold-est	3448	1145	2648	545	2168	425	0
130000200	VR	4228	1265	3428	665	2948	545	0
100030300	VR	1708	1460	908	860	428	740	0
103000102	VR	1925	1770	1125	1170	645	1050	0
100020120	none							?
100020144	none							?
108000717	VR	1525	2280	725	1680	245	1560	0
108000718	VR	1525	2280	725	1680	245	1560	0
108000719	VR	1525	2280	725	1680	245	1560	0
104000100	foothold-est	3358	833	2558	233	2078	113	0
103040467	VR	2448	600	1648	0	1168	0	1
108000715	VR	1525	2280	725	1680	245	1560	0
101020005	VR	800	2290	0	1690	0	1570	1
101000000	foothold-est	2804	4712	2004	4112	1524	3992	0
100040105	foothold-est	1716	1462	916	862	436	742	0
106021608	VR	1693	1105	893	505	413	385	0
108010401	foothold-est	1358	1086	558	486	78	366	0
106020502	VR	800	600	0	0	0	0	1
100020187	none							?
103000006	VR	800	790	0	190	0	70	1
140010000	VR	1438	1160	638	560	158	440	0
103040430	VR	2448	600	1648	0	1168	0	1
130030000	VR	2788	2120	1988	1520	1508	1400	0
108010640	VR	1258	2025	458	1425	0	1305	1
109040001	foothold-est	1906	2562	1106	1962	626	1842	0
105040400	VR	800	741	0	141	0	21	1
103040436	VR	2448	600	1648	0	1168	0	1
101010102	foothold-est	1647	2283	847	1683	367	1563	0
103040000	VR	2503	813	1703	213	1223	93	0
100020163	none							?
105050112	VR	1085	1579	285	979	0	859	1
105040100	foothold-est	1726	2200	926	1600	446	1480	0
105040337	none							?
109060000	VR	4290	600	3490	0	3010	0	1
105050144	VR	1085	1579	285	979	0	859	1
100020145	none							?
100000201	VR	800	735	0	135	0	15	1
109010109	foothold-est	2006	966	1206	366	726	246	0
103000201	VR	3790	970	2990	370	2510	250	0
106000000	foothold-est	2966	1994	2166	1394	1686	1274	0
109090102	VR	1080	600	280	0	0	0	1
106000110	foothold-est	2606	1461	1806	861	1326	741	0
106020402	VR	1350	1170	550	570	70	450	0
130010010	VR	1708	1365	908	765	428	645	0
109010205	foothold-est	1556	1086	756	486	276	366	0
101040001	foothold-est	2786	1285	1986	685	1506	565	0
105040200	foothold-est	1906	1615	1106	1015	626	895	0
103040426	VR	2576	795	1776	195	1296	75	0
105090600	foothold-est	2106	1488	1306	888	826	768	0
105050176	VR	1085	1579	285	979	0	859	1
100020103	none							?
109030102	foothold-est	3066	2432	2266	1832	1786	1712	0
120000000	VR	5810	1557	5010	957	4530	837	0
109030201	foothold-est	1896	1862	1096	1262	616	1142	0
109030202	foothold-est	3066	2432	2266	1832	1786	1712	0
102030000	foothold-est	3326	2095	2526	1495	2046	1375	0
130000101	VR	2539	1785	1739	1185	1259	1065	0
105040356	none							?
106021505	VR	1530	960	730	360	250	240	0
109030401	foothold-est	1896	1862	1096	1262	616	1142	0
108010701	VR	982	2680	182	2080	0	1960	1
105050185	VR	1085	1579	285	979	0	859	1
100020131	none							?
130010110	VR	1708	1565	908	965	428	845	0
101010000	foothold-est	1941	1792	1141	1192	661	1072	0
100020154	none							?
105050141	VR	1085	1579	285	979	0	859	1
103040302	VR	2670	813	1870	213	1390	93	0
109050001	foothold-est	926	606	126	6	0	0	1
105040362	none							?
105050131	VR	1085	1579	285	979	0	859	1
109010203	foothold-est	1556	1446	756	846	276	726	0
196000000	foothold-est	2550	1157	1750	557	1270	437	0
109080000	VR	2398	3080	1598	2480	1118	2360	0
100020156	none							?
109010101	foothold-est	1286	757	486	157	6	37	0
103000000	foothold-est	5205	1933	4405	1333	3925	1213	0
105090339	VR	1065	1780	265	1180	0	1060	1
101000102	foothold-est	1716	2752	916	2152	436	2032	0
103040424	VR	2576	795	1776	195	1296	75	0
103040440	VR	2574	795	1774	195	1294	75	0
103040425	VR	2576	795	1776	195	1296	75	0
105040201	VR	798	598	0	0	0	0	1
106021601	VR	1693	1105	893	505	413	385	0
105050187	VR	1085	1579	285	979	0	859	1
105050162	VR	1085	1579	285	979	0	859	1
109060002	VR	4290	600	3490	0	3010	0	1
105050170	VR	1085	1579	285	979	0	859	1
109040002	foothold-est	3346	1240	2546	640	2066	520	0
105040328	none							?
197010000	VR	2282	600	1482	0	1002	0	1
108010702	VR	982	2680	182	2080	0	1960	1
105060000	foothold-est	3340	2705	2540	2105	2060	1985	0
106020400	VR	1710	1440	910	840	430	720	0
100020126	none							?
103000909	VR	2250	860	1450	260	970	140	0
105050175	VR	1085	1579	285	979	0	859	1
103040469	VR	2448	600	1648	0	1168	0	1
105050188	VR	1085	1579	285	979	0	859	1
109090304	none							?
110030000	VR	3180	1540	2380	940	1900	820	0
100000103	VR	800	600	0	0	0	0	1
101000003	VR	800	820	0	220	0	100	1
196010000	VR	982	2680	182	2080	0	1960	1
103040459	VR	2576	795	1776	195	1296	75	0
120000101	VR	1090	600	290	0	0	0	1
108000706	VR	2334	1385	1534	785	1054	665	0
106021507	VR	1530	960	730	360	250	240	0
105040320	foothold-est	1276	1195	476	595	0	475	1
105050172	VR	1085	1579	285	979	0	859	1
120000200	VR	6001	600	5201	0	4721	0	1
104000000	foothold-est	6314	1831	5514	1231	5034	1111	0
109090204	VR	1080	600	280	0	0	0	1
120000300	VR	4197	598	3397	0	2917	0	1
105050136	VR	1085	1579	285	979	0	859	1
100020127	none							?
130000000	VR	2968	955	2168	355	1688	235	0
108010301	foothold-est	1360	1086	560	486	80	366	0
100020189	none							?
108000601	VR	1348	2565	548	1965	68	1845	0
103040445	VR	2574	795	1774	195	1294	75	0
106021010	VR	810	1320	10	720	0	600	1
140020110	VR	988	1160	188	560	0	440	1
120000201	VR	1200	600	400	0	0	0	1
100000004	foothold-est	1648	1685	848	1085	368	965	0
105040339	none							?
105050163	VR	1085	1579	285	979	0	859	1
100040003	VR	800	2250	0	1650	0	1530	1
105040312	foothold-est	1730	3295	930	2695	450	2575	0
103040437	VR	2448	600	1648	0	1168	0	1
103040101	VR	2670	813	1870	213	1390	93	0
140000012	foothold-est	694	658	0	58	0	0	1
102020000	foothold-est	2786	1759	1986	1159	1506	1039	0
100020110	none							?
100020153	none							?
100020166	none							?
103040453	VR	2576	795	1776	195	1296	75	0
105040360	none							?
130030005	VR	1258	1665	458	1065	0	945	1
106021300	foothold-est	2624	1100	1824	500	1344	380	0
140000000	VR	5668	1190	4868	590	4388	470	0
105090332	VR	1065	1780	265	1180	0	1060	1
105050192	VR	1085	1579	285	979	0	859	1
109010107	foothold-est	926	1159	126	559	0	439	1
106020200	VR	1710	1200	910	600	430	480	0
109010206	foothold-est	1556	1386	756	786	276	666	0
109030203	foothold-est	3156	2804	2356	2204	1876	2084	0
100020171	none							?
140010111	VR	1495	11460	695	10860	215	10740	0
106000001	foothold-est	1796	1760	996	1160	516	1040	0
140010210	VR	988	1160	188	560	0	440	1
101030110	VR	850	1897	50	1297	0	1177	1
105050150	VR	1085	1579	285	979	0	859	1
106000101	foothold-est	3056	1461	2256	861	1776	741	0
140000001	VR	800	654	0	54	0	0	1
100020175	none							?
101030106	VR	1977	1153	1177	553	697	433	0
105040345	none							?
103040100	VR	2670	813	1870	213	1390	93	0
140090200	VR	1618	1160	818	560	338	440	0
140090300	VR	1618	1160	818	560	338	440	0
100020178	none							?
130030003	VR	1618	1665	818	1065	338	945	0
108000702	VR	2334	1385	1534	785	1054	665	0
100020132	none							?
100020183	none							?
140010100	VR	1798	980	998	380	518	260	0
190000002	foothold-est	2188	867	1388	267	908	147	0
106021400	VR	800	1260	0	660	0	540	1
104000300	foothold-est	2008	1967	1208	1367	728	1247	0
130030004	VR	1708	1665	908	1065	428	945	0
108000503	VR	4197	598	3397	0	2917	0	1
140010200	VR	1798	1400	998	800	518	680	0
107000000	foothold-est	3190	1128	2390	528	1910	408	0
105070400	VR	1100	2240	300	1640	0	1520	1
109030103	foothold-est	3156	2804	2356	2204	1876	2084	0
100000005	foothold-est	1018	965	218	365	0	245	1
105050122	VR	1085	1579	285	979	0	859	1
105050127	VR	1085	1579	285	979	0	859	1
100020173	none							?
103040462	VR	2448	600	1648	0	1168	0	1
001010200	VR	1255	904	455	304	0	184	1
001000002	foothold-est	940	552	140	0	0	0	1
001000003	VR	800	600	0	0	0	0	1
001010100	VR	1255	994	455	394	0	274	1
001000000	VR	2700	1353	1900	753	1420	633	0
000040000	VR	1440	1655	640	1055	160	935	0
001020400	VR	800	600	0	0	0	0	1
000000000	VR	800	600	0	0	0	0	1
001010000	VR	1345	1535	545	935	65	815	0
002010000	VR	800	600	0	0	0	0	1
001020300	VR	800	600	0	0	0	0	1
000030001	VR	990	1115	190	515	0	395	1
000030000	VR	1440	1054	640	454	160	334	0
001020500	VR	800	600	0	0	0	0	1
001010400	VR	1165	994	365	394	0	274	1
000010000	VR	1705	1230	905	630	425	510	0
001000001	VR	800	600	0	0	0	0	1
001020000	VR	1080	995	280	395	0	275	1
001010300	VR	1165	994	365	394	0	274	1
000020000	VR	1080	995	280	395	0	275	1
001020100	VR	800	600	0	0	0	0	1
000050000	VR	1618	1654	818	1054	338	934	0
002000000	VR	3960	2387	3160	1787	2680	1667	0
002000001	VR	800	600	0	0	0	0	1
001020200	VR	800	600	0	0	0	0	1
889100012	VR	800	600	0	0	0	0	1
889100021	VR	1251	778	451	178	0	58	1
809050001	VR	800	600	0	0	0	0	1
809050000	VR	800	600	0	0	0	0	1
800020130	foothold-est	2908	365	2108	0	1628	0	1
800020100	foothold-est	3448	1145	2648	545	2168	425	0
800000000	foothold-est	6238	1189	5438	589	4958	469	0
889100022	VR	800	600	0	0	0	0	1
801020000	foothold-est	2900	665	2100	65	1620	0	1
800030000	foothold-est	2728	1715	1928	1115	1448	995	0
809050008	VR	800	600	0	0	0	0	1
809050004	VR	800	600	0	0	0	0	1
801040004	VR	2993	635	2193	35	1713	0	1
809000101	VR	800	600	0	0	0	0	1
809000201	VR	800	600	0	0	0	0	1
801000001	VR	800	600	0	0	0	0	1
801000002	VR	800	600	0	0	0	0	1
801000100	VR	800	600	0	0	0	0	1
889100002	VR	800	600	0	0	0	0	1
801040000	foothold-est	1640	365	840	0	360	0	1
809050007	VR	800	600	0	0	0	0	1
801000210	VR	2399	650	1599	50	1119	0	1
809050002	VR	800	600	0	0	0	0	1
809050005	VR	800	600	0	0	0	0	1
809050011	VR	800	600	0	0	0	0	1
800020200	foothold-est	2998	1053	2198	453	1718	333	0
800020400	VR	2942	1373	2142	773	1662	653	0
801040002	VR	2248	629	1448	29	968	0	1
889100001	VR	1074	597	274	0	0	0	1
800010001	foothold-est	2728	1519	1928	919	1448	799	0
801000300	foothold-est	4520	425	3720	0	3240	0	1
800020110	foothold-est	3268	545	2468	0	1988	0	1
801040100	VR	1631	637	831	37	351	0	1
809050015	VR	800	600	0	0	0	0	1
809050006	VR	800	600	0	0	0	0	1
801000110	VR	2399	650	1599	50	1119	0	1
801000000	foothold-est	4880	494	4080	0	3600	0	1
889100100	foothold-est	1020	306	220	0	0	0	1
801000200	VR	800	600	0	0	0	0	1
801040101	foothold-est	1640	365	840	0	360	0	1
809050017	VR	800	600	0	0	0	0	1
801030000	foothold-est	3890	665	3090	65	2610	0	1
809050013	VR	800	600	0	0	0	0	1
800020000	foothold-est	2008	1685	1208	1085	728	965	0
809050010	VR	800	600	0	0	0	0	1
889100000	foothold-est	1020	546	220	0	0	0	1
801040003	VR	2448	637	1648	37	1168	0	1
800020120	foothold-est	2908	365	2108	0	1628	0	1
801010000	foothold-est	3260	665	2460	65	1980	0	1
800010000	foothold-est	3718	1595	2918	995	2438	875	0
809050016	VR	800	600	0	0	0	0	1
889100011	VR	1432	809	632	209	152	89	0
809050012	VR	800	600	0	0	0	0	1
809050014	VR	800	600	0	0	0	0	1
800020300	foothold-est	2998	1053	2198	453	1718	333	0
889100010	foothold-est	1020	546	220	0	0	0	1
809050009	VR	800	600	0	0	0	0	1
801040001	VR	3368	631	2568	31	2088	0	1
800020101	foothold-est	2008	1685	1208	1085	728	965	0
800010100	foothold-est	1288	1145	488	545	8	425	0
889100020	foothold-est	1020	546	220	0	0	0	1
809050003	VR	800	600	0	0	0	0	1
240020402	VR	1529	1260	729	660	249	540	0
240070403	foothold-est	2201	422	1401	0	921	0	1
251010419	VR	1590	995	790	395	310	275	0
251010100	VR	1371	1367	571	767	91	647	0
221040200	foothold-est	2904	1094	2104	494	1624	374	0
200000111	foothold-est	2190	1094	1390	494	910	374	0
240030101	VR	1886	1992	1086	1392	606	1272	0
240020522	none							?
221023410	VR	800	2245	0	1645	0	1525	1
200090045	VR	800	600	0	0	0	0	1
240070204	VR	990	1095	190	495	0	375	1
250010503	VR	1617	1520	817	920	337	800	0
200090040	VR	800	600	0	0	0	0	1
240020513	none							?
200000150	VR	2070	650	1270	50	790	0	1
200000141	foothold-est	2100	707	1300	107	820	0	1
200000151	VR	1888	1520	1088	920	608	800	0
260020645	none							?
200000160	VR	2050	650	1250	50	770	0	1
261000001	VR	843	1184	43	584	0	464	1
229030000	VR	2698	2803	1898	2203	1418	2083	0
240010101	foothold-est	2650	1300	1850	700	1370	580	0
240070010	VR	1260	1200	460	600	0	480	1
261000010	VR	793	593	0	0	0	0	1
221023448	VR	800	2245	0	1645	0	1525	1
221030500	foothold-est	4614	1004	3814	404	3334	284	0
240020514	none							?
200090053	VR	800	600	0	0	0	0	1
240070304	VR	1079	1180	279	580	0	460	1
200060000	foothold-est	3000	1025	2200	425	1720	305	0
200090210	VR	1620	1260	820	660	340	540	0
280020001	VR	7620	650	6820	50	6340	0	1
240020524	none							?
209000009	foothold-est	1290	756	490	156	10	36	0
221023436	VR	800	2245	0	1645	0	1525	1
240040933	VR	1597	2020	797	1420	317	1300	0
260020664	none							?
220060300	foothold-est	2177	2528	1377	1928	897	1808	0
261020317	VR	1606	640	806	40	326	0	1
220000002	VR	800	600	0	0	0	0	1
270010410	foothold-est	1245	160	445	0	0	0	1
280010110	VR	2674	770	1874	170	1394	50	0
240070207	VR	990	1095	190	495	0	375	1
240070034	VR	1260	1200	460	600	0	480	1
221020200	VR	800	2014	0	1414	0	1294	1
260020631	none							?
221022100	VR	800	2262	0	1662	0	1542	1
261020400	VR	2409	637	1609	37	1129	0	1
220020300	VR	4207	600	3407	0	2927	0	1
220070201	VR	2345	2979	1545	2379	1065	2259	0
260020654	none							?
240080300	foothold-est	1519	2024	719	1424	239	1304	0
222020300	VR	800	2695	0	2095	0	1975	1
240070020	VR	1260	1200	460	600	0	480	1
200080600	VR	800	2280	0	1680	0	1560	1
240040816	VR	1589	2020	789	1420	309	1300	0
209000001	foothold-est	1200	822	400	222	0	102	1
240000111	VR	1747	1668	947	1068	467	948	0
200080900	VR	800	2040	0	1440	0	1320	1
260020661	none							?
221023411	VR	800	2245	0	1645	0	1525	1
211000001	VR	800	1100	0	500	0	380	1
209000015	foothold-est	1470	858	670	258	190	138	0
261020343	VR	1606	640	806	40	326	0	1
200000152	VR	1740	1090	940	490	460	370	0
280010041	VR	1508	1439	708	839	228	719	0
229030300	foothold-est	980	333	180	0	0	0	1
200050000	foothold-est	2010	1955	1210	1355	730	1235	0
270020100	VR	2400	1606	1600	1006	1120	886	0
200010000	foothold-est	1920	2177	1120	1577	640	1457	0
240030103	VR	1800	2016	1000	1416	520	1296	0
240040805	VR	1589	2020	789	1420	309	1300	0
200090052	VR	800	600	0	0	0	0	1
260020637	none							?
229030600	VR	3022	1353	2222	753	1742	633	0
240040901	VR	1597	2020	797	1420	317	1300	0
230040300	foothold-est	1059	2454	259	1854	0	1734	1
240070503	VR	1050	696	250	96	0	0	1
200090011	VR	800	600	0	0	0	0	1
240030100	foothold-est	3550	1600	2750	1000	2270	880	0
260020630	foothold-est	1750	640	950	40	470	0	1
240070208	VR	990	1095	190	495	0	375	1
222020210	VR	800	600	0	0	0	0	1
200082100	VR	800	3780	0	3180	0	3060	1
221000001	VR	800	1555	0	955	0	835	1
240070202	VR	2006	785	1206	185	726	65	0
200081000	VR	810	2280	10	1680	0	1560	1
260010402	VR	1438	388	638	0	158	0	1
240040944	VR	1597	2020	797	1420	317	1300	0
200090030	VR	800	600	0	0	0	0	1
200090031	VR	800	600	0	0	0	0	1
200090024	VR	800	600	0	0	0	0	1
251010418	VR	1590	995	790	395	310	275	0
240070501	VR	1800	1630	1000	1030	520	910	0
270010500	VR	2400	1606	1600	1006	1120	886	0
261020335	VR	1606	640	806	40	326	0	1
260010301	VR	1523	955	723	355	243	235	0
240040922	VR	1597	2020	797	1420	317	1300	0
230030200	foothold-est	2444	1149	1644	549	1164	429	0
221023500	VR	1093	2640	293	2040	0	1920	1
270000000	foothold-est	4431	160	3631	0	3151	0	1
220020200	VR	3758	600	2958	0	2478	0	1
240040837	VR	1589	2020	789	1420	309	1300	0
200090044	VR	800	600	0	0	0	0	1
240040943	VR	1597	2020	797	1420	317	1300	0
261020345	VR	1606	640	806	40	326	0	1
230020100	foothold-est	3190	1720	2390	1120	1910	1000	0
221023421	VR	800	2245	0	1645	0	1525	1
211041800	foothold-est	1916	1642	1116	1042	636	922	0
200090058	VR	800	600	0	0	0	0	1
200090046	VR	800	600	0	0	0	0	1
200082200	VR	800	2640	0	2040	0	1920	1
251010415	VR	1590	995	790	395	310	275	0
200090054	VR	800	600	0	0	0	0	1
221023600	VR	1093	2640	293	2040	0	1920	1
200090056	VR	800	600	0	0	0	0	1
240070603	VR	1040	1500	240	900	0	780	1
261020700	VR	2004	814	1204	214	724	94	0
240070023	VR	1260	1200	460	600	0	480	1
211040800	VR	892	2690	92	2090	0	1970	1
261020600	VR	2006	638	1206	38	726	0	1
200090062	VR	808	1020	8	420	0	300	1
240040824	VR	1589	2020	789	1420	309	1300	0
240070053	VR	1260	1200	460	600	0	480	1
260020640	none							?
261020318	VR	1606	640	806	40	326	0	1
220030400	VR	3666	600	2866	0	2386	0	1
230010000	foothold-est	3010	1300	2210	700	1730	580	0
200090069	VR	808	1020	8	420	0	300	1
200000110	VR	2050	650	1250	50	770	0	1
200090071	VR	808	1020	8	420	0	300	1
240020526	none							?
270050000	foothold-est	1610	160	810	0	330	0	1
280010130	VR	2314	600	1514	0	1034	0	1
230040410	VR	1652	600	852	0	372	0	1
240020502	none							?
220060000	foothold-est	2196	2823	1396	2223	916	2103	0
220060201	VR	1720	3260	920	2660	440	2540	0
200090079	VR	808	1020	8	420	0	300	1
240040832	VR	1589	2020	789	1420	309	1300	0
200090090	VR	808	1080	8	480	0	360	1
240050101	VR	1799	964	999	364	519	244	0
200090110	VR	1620	1260	820	660	340	540	0
221023430	VR	800	2245	0	1645	0	1525	1
280011001	VR	1503	1697	703	1097	223	977	0
240040919	VR	1597	2020	797	1420	317	1300	0
240070308	VR	1079	1180	279	580	0	460	1
240040840	VR	1589	2020	789	1420	309	1300	0
240040829	VR	1589	2020	789	1420	309	1300	0
240080100	foothold-est	1482	2172	682	1572	202	1452	0
260000300	VR	2340	1355	1540	755	1060	635	0
260020400	VR	2430	1175	1630	575	1150	455	0
240040909	VR	1597	2020	797	1420	317	1300	0
200000161	foothold-est	2100	708	1300	108	820	0	1
240040935	VR	1597	2020	797	1420	317	1300	0
221023800	VR	800	2143	0	1543	0	1423	1
200090072	VR	808	1020	8	420	0	300	1
209000006	foothold-est	1290	757	490	157	10	37	0
280011000	VR	1145	1440	345	840	0	720	1
209000008	foothold-est	1290	756	490	156	10	36	0
240011000	foothold-est	1930	1240	1130	640	650	520	0
240040938	VR	1597	2020	797	1420	317	1300	0
200080300	VR	800	2390	0	1790	0	1670	1
200090034	VR	800	600	0	0	0	0	1
240010200	foothold-est	2830	1240	2030	640	1550	520	0
229020400	foothold-est	1030	648	230	48	0	0	1
240060200	VR	1340	915	540	315	60	195	0
260020653	none							?
251010412	VR	1590	995	790	395	310	275	0
209080100	VR	1200	600	400	0	0	0	1
211000000	foothold-est	5970	1295	5170	695	4690	575	0
240040838	VR	1589	2020	789	1420	309	1300	0
260020666	none							?
200000201	VR	800	600	0	0	0	0	1
240040803	VR	1589	2020	789	1420	309	1300	0
211000200	VR	4335	1503	3535	903	3055	783	0
220020000	VR	1420	2165	620	1565	140	1445	0
260020600	VR	1890	1025	1090	425	610	305	0
200080000	foothold-est	2280	1775	1480	1175	1000	1055	0
200090077	VR	808	1020	8	420	0	300	1
211040001	foothold-est	1920	1266	1120	666	640	546	0
221030601	foothold-est	2454	1064	1654	464	1174	344	0
240040808	VR	1589	2020	789	1420	309	1300	0
200090027	VR	800	600	0	0	0	0	1
240000001	VR	800	600	0	0	0	0	1
211040300	VR	982	2680	182	2080	0	1960	1
250010300	VR	1530	1173	730	573	250	453	0
211040401	VR	982	2580	182	1980	0	1860	1
240040848	VR	1589	2020	789	1420	309	1300	0
200020000	foothold-est	2010	1277	1210	677	730	557	0
211040700	VR	982	2580	182	1980	0	1860	1
220010700	VR	2102	600	1302	0	822	0	1
230000003	VR	800	1905	0	1305	0	1185	1
240020520	none							?
240020518	none							?
250010400	VR	1437	1053	637	453	157	333	0
211041300	foothold-est	2910	1056	2110	456	1630	336	0
211041100	foothold-est	4350	1056	3550	456	3070	336	0
229030400	VR	2698	2803	1898	2203	1418	2083	0
221023429	VR	800	2245	0	1645	0	1525	1
200090036	VR	800	600	0	0	0	0	1
230010200	foothold-est	3640	1450	2840	850	2360	730	0
260010200	VR	1613	955	813	355	333	235	0
211042000	VR	3932	696	3132	96	2652	0	1
211042100	VR	4290	645	3490	45	3010	0	1
280011003	VR	1503	1697	703	1097	223	977	0
211000101	VR	800	600	0	0	0	0	1
230020101	foothold-est	2830	1260	2030	660	1550	540	0
211042400	VR	1360	600	560	0	80	0	1
211000102	VR	800	600	0	0	0	0	1
240070209	VR	990	1095	190	495	0	375	1
260020669	none							?
229030800	VR	8707	712	7907	112	7427	0	1
240000004	VR	800	600	0	0	0	0	1
261020304	VR	1606	640	806	40	326	0	1
240040842	VR	1589	2020	789	1420	309	1300	0
240020000	foothold-est	2020	1240	1220	640	740	520	0
222010310	VR	1620	1270	820	670	340	550	0
200090001	VR	800	600	0	0	0	0	1
200090057	VR	800	600	0	0	0	0	1
200090064	VR	808	1020	8	420	0	300	1
240070609	VR	1040	1500	240	900	0	780	1
261020339	VR	1606	640	806	40	326	0	1
240050105	VR	1799	964	999	364	519	244	0
270010200	VR	2400	1606	1600	1006	1120	886	0
200090066	VR	808	1020	8	420	0	300	1
240070506	VR	1050	696	250	96	0	0	1
240070400	VR	2428	1460	1628	860	1148	740	0
260020638	none							?
221021700	VR	800	2113	0	1513	0	1393	1
240070205	VR	990	1095	190	495	0	375	1
240040923	VR	1597	2020	797	1420	317	1300	0
220010100	VR	2102	600	1302	0	822	0	1
221021500	VR	1093	3490	293	2890	0	2770	1
200081100	VR	800	2040	0	1440	0	1320	1
200090067	VR	808	1020	8	420	0	300	1
240040925	VR	1597	2020	797	1420	317	1300	0
260000301	VR	1502	660	702	60	222	0	1
200081900	VR	800	2351	0	1751	0	1631	1
260000000	VR	5760	995	4960	395	4480	275	0
200090200	VR	1800	1260	1000	660	520	540	0
240020400	foothold-est	2830	1120	2030	520	1550	400	0
251010427	VR	1590	995	790	395	310	275	0
221030200	foothold-est	4254	1004	3454	404	2974	284	0
260000207	VR	800	600	0	0	0	0	1
251010300	VR	1263	1080	463	480	0	360	1
200090300	VR	800	588	0	0	0	0	1
240080700	VR	2465	603	1665	3	1185	0	1
260020634	none							?
261020310	VR	1606	640	806	40	326	0	1
211030000	foothold-est	2910	1157	2110	557	1630	437	0
220030100	VR	3758	600	2958	0	2478	0	1
222010100	VR	2339	1280	1539	680	1059	560	0
250010301	VR	1977	1197	1177	597	697	477	0
209000010	foothold-est	1200	754	400	154	0	34	1
261030000	VR	1257	1045	457	445	0	325	1
270020110	foothold-est	1245	160	445	0	0	0	1
240020501	foothold-est	1930	1360	1130	760	650	640	0
261020325	VR	1606	640	806	40	326	0	1
260020678	none							?
240040846	VR	1589	2020	789	1420	309	1300	0
240040610	VR	807	830	7	230	0	110	1
240070602	VR	2366	1427	1566	827	1086	707	0
220050300	VR	1860	3575	1060	2975	580	2855	0
200000121	foothold-est	2190	997	1390	397	910	277	0
240040000	VR	800	2209	0	1609	0	1489	1
240040841	VR	1589	2020	789	1420	309	1300	0
230040400	foothold-est	1480	2315	680	1715	200	1595	0
261020301	VR	1606	640	806	40	326	0	1
200090050	VR	800	600	0	0	0	0	1
251010424	VR	1590	995	790	395	310	275	0
200010200	foothold-est	1920	1920	1120	1320	640	1200	0
220070100	foothold-est	2547	2312	1747	1712	1267	1592	0
250000002	VR	800	600	0	0	0	0	1
240040210	VR	800	2044	0	1444	0	1324	1
200000112	VR	1980	1630	1180	1030	700	910	0
270010100	VR	2399	1606	1599	1006	1119	886	0
220070400	foothold-est	3035	290	2235	0	1755	0	1
260020677	none							?
200060001	VR	1248	2020	448	1420	0	1300	1
200081201	VR	800	600	0	0	0	0	1
240040947	VR	1597	2020	797	1420	317	1300	0
221000100	VR	800	600	0	0	0	0	1
200082000	VR	800	2228	0	1628	0	1508	1
221000300	VR	800	600	0	0	0	0	1
221000400	VR	2560	1130	1760	530	1280	410	0
221020000	VR	800	2033	0	1433	0	1313	1
221020100	VR	800	1764	0	1164	0	1044	1
200080100	VR	800	1160	0	560	0	440	1
240010000	VR	2250	1700	1450	1100	970	980	0
240050600	VR	810	790	10	190	0	70	1
221020500	VR	1093	2640	293	2040	0	1920	1
221023426	VR	800	2245	0	1645	0	1525	1
200010131	foothold-est	2190	1199	1390	599	910	479	0
261020340	VR	1606	640	806	40	326	0	1
221020800	VR	800	1668	0	1068	0	948	1
261030001	VR	1440	4620	640	4020	160	3900	0
230010201	VR	1100	650	300	50	0	0	1
260020100	VR	2520	1235	1720	635	1240	515	0
200090025	VR	800	600	0	0	0	0	1
261020320	VR	1606	640	806	40	326	0	1
240070508	VR	1050	696	250	96	0	0	1
220000300	VR	6210	1955	5410	1355	4930	1235	0
211040200	VR	1072	2980	272	2380	0	2260	1
280011002	VR	1503	1697	703	1097	223	977	0
261020300	VR	1606	640	806	40	326	0	1
200090039	VR	800	600	0	0	0	0	1
220000305	VR	800	600	0	0	0	0	1
200090076	VR	808	1020	8	420	0	300	1
221022200	VR	800	7113	0	6513	0	6393	1
221022300	VR	800	2383	0	1783	0	1663	1
261020315	VR	1606	640	806	40	326	0	1
200030000	foothold-est	2730	1166	1930	566	1450	446	0
260000201	VR	800	602	0	2	0	0	1
240040924	VR	1597	2020	797	1420	317	1300	0
261020000	VR	1604	600	804	0	324	0	1
221022900	VR	800	2100	0	1500	0	1380	1
240020527	none							?
240040912	VR	1597	2020	797	1420	317	1300	0
200000000	foothold-est	5250	1848	4450	1248	3970	1128	0
240040814	VR	1589	2020	789	1420	309	1300	0
251010413	VR	1590	995	790	395	310	275	0
200081400	VR	800	2160	0	1560	0	1440	1
240020521	none							?
221023403	VR	800	2245	0	1645	0	1525	1
221023404	VR	800	2245	0	1645	0	1525	1
240040849	VR	1589	2020	789	1420	309	1300	0
221023406	VR	800	2245	0	1645	0	1525	1
221023407	VR	800	2245	0	1645	0	1525	1
221023408	VR	800	2245	0	1645	0	1525	1
240020511	none							?
240020525	none							?
240040806	VR	1589	2020	789	1420	309	1300	0
220010300	VR	2102	600	1302	0	822	0	1
251010000	VR	1579	1260	779	660	299	540	0
250010302	VR	1440	1120	640	520	160	400	0
221023415	VR	800	2245	0	1645	0	1525	1
280010010	VR	2314	600	1514	0	1034	0	1
280010091	VR	1507	1396	707	796	227	676	0
200081500	VR	800	2100	0	1500	0	1380	1
240070408	none							?
240070021	VR	1260	1200	460	600	0	480	1
221023418	VR	800	2245	0	1645	0	1525	1
261020312	VR	1606	640	806	40	326	0	1
260000302	VR	2191	682	1391	82	911	0	1
221023424	VR	800	2245	0	1645	0	1525	1
240040611	VR	810	1124	10	524	0	404	1
200090061	VR	808	1020	8	420	0	300	1
261000000	foothold-est	7240	1146	6440	546	5960	426	0
221030401	foothold-est	3804	1214	3004	614	2524	494	0
240020530	none							?
260020200	VR	2430	1115	1630	515	1150	395	0
221023431	VR	800	2245	0	1645	0	1525	1
222000000	VR	7110	1510	6310	910	5830	790	0
221023433	VR	800	2245	0	1645	0	1525	1
222020400	VR	800	820	0	220	0	100	1
270010111	foothold-est	1243	1442	443	842	0	722	1
280010100	VR	2586	600	1786	0	1306	0	1
221023437	VR	800	2245	0	1645	0	1525	1
260020663	none							?
260020646	none							?
240040945	VR	1597	2020	797	1420	317	1300	0
221023441	VR	800	2245	0	1645	0	1525	1
211040600	VR	982	2740	182	2140	0	2020	1
261020331	VR	1606	640	806	40	326	0	1
240080601	none							?
260010000	VR	1878	955	1078	355	598	235	0
260000206	VR	800	600	0	0	0	0	1
240080200	foothold-est	1430	2197	630	1597	150	1477	0
211040400	VR	982	2450	182	1850	0	1730	1
260020636	none							?
220060301	VR	2007	3260	1207	2660	727	2540	0
221021400	VR	1093	2640	293	2040	0	1920	1
200080101	VR	1027	1160	227	560	0	440	1
261020348	VR	1606	640	806	40	326	0	1
240050000	VR	1440	790	640	190	160	70	0
221023900	VR	800	2176	0	1576	0	1456	1
221024000	VR	800	2146	0	1546	0	1426	1
230030001	foothold-est	3240	1615	2440	1015	1960	895	0
261010100	VR	2195	600	1395	0	915	0	1
270030500	VR	2400	1606	1600	1006	1120	886	0
240040200	VR	800	2488	0	1888	0	1768	1
221021800	VR	800	2033	0	1433	0	1313	1
221030000	foothold-est	5514	1034	4714	434	4234	314	0
221030100	foothold-est	3894	1064	3094	464	2614	344	0
230030101	VR	1100	650	300	50	0	0	1
261020329	VR	1606	640	806	40	326	0	1
200090032	VR	800	600	0	0	0	0	1
260020610	VR	1619	785	819	185	339	65	0
221021300	VR	800	2287	0	1687	0	1567	1
280010071	VR	1057	1492	257	892	0	772	1
260020650	none							?
200010100	foothold-est	1920	1475	1120	875	640	755	0
240000110	foothold-est	2380	1560	1580	960	1100	840	0
200090073	VR	808	1020	8	420	0	300	1
221040100	foothold-est	2544	1034	1744	434	1264	314	0
220000303	VR	800	1200	0	600	0	480	1
221030300	foothold-est	3084	1094	2284	494	1804	374	0
250010304	VR	1530	1280	730	680	250	560	0
211041600	foothold-est	1916	1462	1116	862	636	742	0
240040902	VR	1597	2020	797	1420	317	1300	0
221040401	foothold-est	3624	1170	2824	570	2344	450	0
240040916	VR	1597	2020	797	1420	317	1300	0
261020200	VR	1993	626	1193	26	713	0	1
261020303	VR	1606	640	806	40	326	0	1
230010400	foothold-est	2519	820	1719	220	1239	100	0
200090000	VR	1630	1500	830	900	350	780	0
220060100	foothold-est	2183	2613	1383	2013	903	1893	0
240040905	VR	1597	2020	797	1420	317	1300	0
222010101	VR	2339	1263	1539	663	1059	543	0
222010102	VR	2070	1537	1270	937	790	817	0
250010200	VR	1261	1228	461	628	0	508	1
250000000	VR	7016	1245	6216	645	5736	525	0
222010300	VR	3240	1340	2440	740	1960	620	0
200090023	VR	800	600	0	0	0	0	1
221021600	VR	1095	11680	295	11080	0	10960	1
222010401	VR	1890	1040	1090	440	610	320	0
221021000	VR	1095	10530	295	9930	0	9810	1
240040845	VR	1589	2020	789	1420	309	1300	0
209000004	foothold-est	1200	843	400	243	0	123	1
222020110	VR	800	600	0	0	0	0	1
221040402	foothold-est	3624	1514	2824	914	2344	794	0
211040900	VR	892	2650	92	2050	0	1930	1
251010420	VR	1590	995	790	395	310	275	0
251010421	VR	1590	995	790	395	310	275	0
209000007	foothold-est	1380	755	580	155	100	35	0
229030500	VR	8707	712	7907	112	7427	0	1
261020302	VR	1606	640	806	40	326	0	1
200090063	VR	808	1020	8	420	0	300	1
229030700	VR	2698	2803	1898	2203	1418	2083	0
261020319	VR	1606	640	806	40	326	0	1
222020200	VR	800	2143	0	1543	0	1423	1
221023425	VR	800	2245	0	1645	0	1525	1
251010411	VR	1590	995	790	395	310	275	0
240040914	VR	1597	2020	797	1420	317	1300	0
260020651	none							?
280010060	VR	2587	600	1787	0	1307	0	1
221023000	VR	800	2391	0	1791	0	1671	1
200090038	VR	800	600	0	0	0	0	1
240020503	none							?
240040826	VR	1589	2020	789	1420	309	1300	0
229030900	VR	3022	1353	2222	753	1742	633	0
200090051	VR	800	600	0	0	0	0	1
230000001	VR	800	998	0	398	0	278	1
251010500	VR	1794	1605	994	1005	514	885	0
200090033	VR	800	600	0	0	0	0	1
261020311	VR	1606	640	806	40	326	0	1
222010200	VR	2520	1280	1720	680	1240	560	0
221022000	VR	800	2240	0	1640	0	1520	1
240040511	VR	1589	2020	789	1420	309	1300	0
240020100	foothold-est	2380	1480	1580	880	1100	760	0
250020300	VR	2070	1489	1270	889	790	769	0
221000000	foothold-est	7126	1289	6326	689	5846	569	0
209080000	VR	2910	800	2110	200	1630	80	0
280020000	VR	7080	650	6280	50	5800	0	1
221030400	foothold-est	2814	1094	2014	494	1534	374	0
200010111	foothold-est	1920	1355	1120	755	640	635	0
240070401	VR	1618	1560	818	960	338	840	0
240040907	VR	1597	2020	797	1420	317	1300	0
200010301	foothold-est	1290	1637	490	1037	10	917	0
230040401	VR	800	600	0	0	0	0	1
270010310	foothold-est	1245	160	445	0	0	0	1
240050310	VR	3240	790	2440	190	1960	70	0
240070064	VR	1260	1200	460	600	0	480	1
221021900	VR	800	1815	0	1215	0	1095	1
200090400	VR	800	995	0	395	0	275	1
240020516	none							?
240050300	VR	3240	790	2440	190	1960	70	0
220000001	VR	800	600	0	0	0	0	1
230040301	VR	800	600	0	0	0	0	1
221023434	VR	800	2245	0	1645	0	1525	1
240040948	VR	1597	2020	797	1420	317	1300	0
209000003	foothold-est	1200	843	400	243	0	123	1
200010302	foothold-est	1290	1637	490	1037	10	917	0
240000000	VR	5219	1626	4419	1026	3939	906	0
220000000	VR	6300	1955	5500	1355	5020	1235	0
260000303	VR	1746	668	946	68	466	0	1
221021200	VR	800	1935	0	1335	0	1215	1
222020211	VR	800	600	0	0	0	0	1
240000005	VR	800	600	0	0	0	0	1
240000006	VR	800	600	0	0	0	0	1
240000100	foothold-est	1570	585	770	0	290	0	1
240070040	VR	1260	1200	460	600	0	480	1
200090048	VR	800	600	0	0	0	0	1
222010201	VR	1170	1860	370	1260	0	1140	1
200081300	VR	800	1620	0	1020	0	900	1
220050200	VR	1778	1840	978	1240	498	1120	0
280010031	VR	1508	1370	708	770	228	650	0
221023100	VR	800	2413	0	1813	0	1693	1
200000002	VR	800	600	0	0	0	0	1
240010500	foothold-est	1660	1600	860	1000	380	880	0
240010501	VR	1079	1012	279	412	0	292	1
200010120	foothold-est	1740	1459	940	859	460	739	0
200000130	VR	2050	650	1250	50	770	0	1
211040100	VR	1072	3030	272	2430	0	2310	1
260010100	VR	1433	955	633	355	153	235	0
220000005	VR	800	600	0	0	0	0	1
209000014	foothold-est	1380	858	580	258	100	138	0
240020505	none							?
200000200	foothold-est	2910	2286	2110	1686	1630	1566	0
230010300	foothold-est	2650	1240	1850	640	1370	520	0
240020102	VR	1529	1260	729	660	249	540	0
240070033	VR	1260	1200	460	600	0	480	1
220000004	VR	800	600	0	0	0	0	1
240050104	VR	1799	964	999	364	519	244	0
221023446	VR	800	2245	0	1645	0	1525	1
200010110	foothold-est	1740	1535	940	935	460	815	0
240020500	foothold-est	1930	1360	1130	760	650	640	0
221022800	VR	1095	10530	295	9930	0	9810	1
211000100	foothold-est	4890	977	4090	377	3610	257	0
200040000	foothold-est	2370	2075	1570	1475	1090	1355	0
220000302	VR	800	600	0	0	0	0	1
220000006	VR	1928	2005	1128	1405	648	1285	0
251010410	VR	1590	995	790	395	310	275	0
222010000	VR	2520	1530	1720	930	1240	810	0
200081600	VR	800	1800	0	1200	0	1080	1
240020509	none							?
240040818	VR	1589	2020	789	1420	309	1300	0
261000020	VR	1338	577	538	0	58	0	1
251010416	VR	1590	995	790	395	310	275	0
221022400	VR	1093	2670	293	2070	0	1950	1
221023416	VR	800	2245	0	1645	0	1525	1
240020515	none							?
240070031	VR	1260	1200	460	600	0	480	1
211041900	foothold-est	1188	4222	388	3622	0	3502	1
240040834	VR	1589	2020	789	1420	309	1300	0
240020519	none							?
240010700	foothold-est	1660	1046	860	446	380	326	0
220070000	foothold-est	2532	2164	1732	1564	1252	1444	0
222020100	VR	800	2318	0	1718	0	1598	1
220020500	VR	3666	600	2866	0	2386	0	1
240040100	VR	800	2654	0	2054	0	1934	1
240010300	VR	1709	1883	909	1283	429	1163	0
261020332	VR	1606	640	806	40	326	0	1
260020635	none							?
240020528	none							?
270050300	foothold-est	1610	160	810	0	330	0	1
221024500	VR	800	1470	0	870	0	750	1
270030410	foothold-est	1244	812	444	212	0	92	1
240020300	foothold-est	2560	1120	1760	520	1280	400	0
240080801	VR	1933	926	1133	326	653	206	0
200090041	VR	800	600	0	0	0	0	1
240040843	VR	1589	2020	789	1420	309	1300	0
229020300	foothold-est	1030	648	230	48	0	0	1
240030104	VR	2159	1835	1359	1235	879	1115	0
240070041	VR	1260	1200	460	600	0	480	1
260020700	VR	1620	885	820	285	340	165	0
230040001	VR	800	600	0	0	0	0	1
270030400	VR	2400	1606	1600	1006	1120	886	0
229020000	foothold-est	1030	648	230	48	0	0	1
229020200	foothold-est	1030	648	230	48	0	0	1
240080600	foothold-est	2639	895	1839	295	1359	175	0
261020337	VR	1606	640	806	40	326	0	1
240040400	VR	800	2416	0	1816	0	1696	1
260020673	none							?
240040500	VR	1596	2020	796	1420	316	1300	0
221020900	VR	800	1928	0	1328	0	1208	1
221000200	VR	937	7164	137	6564	0	6444	1
240030300	foothold-est	3010	1180	2210	580	1730	460	0
260020660	none							?
240040600	VR	1598	1356	798	756	318	636	0
209000100	VR	1000	600	200	0	0	0	1
221040400	foothold-est	2814	1484	2014	884	1534	764	0
240040612	VR	810	1124	10	524	0	404	1
240070505	VR	1050	696	250	96	0	0	1
240020512	none							?
240070024	VR	1260	1200	460	600	0	480	1
200080400	VR	800	1860	0	1260	0	1140	1
260010401	VR	808	695	8	95	0	0	1
250000100	VR	3865	1425	3065	825	2585	705	0
240070203	VR	990	1095	190	495	0	375	1
200000301	VR	1197	715	397	115	0	0	1
240040939	VR	1597	2020	797	1420	317	1300	0
261020334	VR	1606	640	806	40	326	0	1
221023432	VR	800	2245	0	1645	0	1525	1
220020600	VR	1420	2165	620	1565	140	1445	0
261020306	VR	1606	640	806	40	326	0	1
240070100	foothold-est	1930	640	1130	40	650	0	1
270030411	foothold-est	1243	812	443	212	0	92	1
260010501	VR	1253	1025	453	425	0	305	1
250010500	VR	1705	1385	905	785	425	665	0
220010200	VR	2102	600	1302	0	822	0	1
261020321	VR	1606	640	806	40	326	0	1
240040800	VR	1589	2020	789	1420	309	1300	0
209000013	foothold-est	840	859	40	259	0	139	1
240040820	VR	1589	2020	789	1420	309	1300	0
240040821	VR	1589	2020	789	1420	309	1300	0
251010426	VR	1590	995	790	395	310	275	0
280010011	VR	1508	1439	708	839	228	719	0
260020632	none							?
240040920	VR	1597	2020	797	1420	317	1300	0
240040700	VR	800	1223	0	623	0	503	1
250020100	VR	2070	840	1270	240	790	120	0
260020401	VR	1710	1115	910	515	430	395	0
261010003	VR	2193	662	1393	62	913	0	1
230040100	foothold-est	1154	1903	354	1303	0	1183	1
260020000	VR	2520	1055	1720	455	1240	335	0
220030200	VR	4207	600	3407	0	2927	0	1
240040942	VR	1597	2020	797	1420	317	1300	0
240030102	VR	2159	1754	1359	1154	879	1034	0
240040835	VR	1589	2020	789	1420	309	1300	0
240040836	VR	1589	2020	789	1420	309	1300	0
230010100	foothold-est	2470	1210	1670	610	1190	490	0
240070607	VR	1040	1500	240	900	0	780	1
240040839	VR	1589	2020	789	1420	309	1300	0
240070300	VR	2427	1185	1627	585	1147	465	0
221023412	VR	800	2245	0	1645	0	1525	1
221023440	VR	800	2245	0	1645	0	1525	1
261020327	VR	1606	640	806	40	326	0	1
240040844	VR	1589	2020	789	1420	309	1300	0
260020656	none							?
240070604	VR	1040	1500	240	900	0	780	1
230000002	VR	800	1951	0	1351	0	1231	1
220060400	foothold-est	3035	160	2235	0	1755	0	1
221023439	VR	800	2245	0	1645	0	1525	1
200080500	VR	780	1980	0	1380	0	1260	1
260020648	none							?
240070062	VR	1260	1200	460	600	0	480	1
240020504	none							?
240040904	VR	1597	2020	797	1420	317	1300	0
221023442	VR	800	2245	0	1645	0	1525	1
221023402	VR	800	2245	0	1645	0	1525	1
221023200	VR	1093	3047	293	2447	0	2327	1
270030300	VR	2400	1606	1600	1006	1120	886	0
221022700	VR	1093	2640	293	2040	0	1920	1
270030000	foothold-est	1244	810	444	210	0	90	1
222010402	VR	1704	1040	904	440	424	320	0
261010101	VR	2193	662	1393	62	913	0	1
220011000	VR	2192	600	1392	0	912	0	1
200090075	VR	808	1020	8	420	0	300	1
240020200	VR	2506	1561	1706	961	1226	841	0
221040300	foothold-est	3894	1004	3094	404	2614	284	0
240040917	VR	1597	2020	797	1420	317	1300	0
240040918	VR	1597	2020	797	1420	317	1300	0
240040510	VR	1591	2020	791	1420	311	1300	0
261020336	VR	1606	640	806	40	326	0	1
261000002	VR	923	600	123	0	0	0	1
240020506	none							?
260020644	none							?
240070054	VR	1260	1200	460	600	0	480	1
251010422	VR	1590	995	790	395	310	275	0
261020323	VR	1606	640	806	40	326	0	1
221023449	VR	800	2245	0	1645	0	1525	1
200081700	VR	800	2400	0	1800	0	1680	1
261000011	VR	800	600	0	0	0	0	1
240040931	VR	1597	2020	797	1420	317	1300	0
261020330	VR	1606	640	806	40	326	0	1
240070201	VR	1980	785	1180	185	700	65	0
260020641	none							?
240070301	VR	1920	1180	1120	580	640	460	0
230040420	VR	1440	800	640	200	160	80	0
260020652	none							?
230020200	foothold-est	2560	2070	1760	1470	1280	1350	0
200090049	VR	800	600	0	0	0	0	1
211040500	VR	982	2780	182	2180	0	2060	1
240080000	foothold-est	1539	1646	739	1046	259	926	0
240070050	VR	1260	1200	460	600	0	480	1
240040807	VR	1589	2020	789	1420	309	1300	0
220000111	VR	2030	1190	1230	590	750	470	0
200050001	foothold-est	840	203	40	0	0	0	1
280010081	VR	1507	1520	707	920	227	800	0
240040946	VR	1597	2020	797	1420	317	1300	0
261010000	VR	2180	600	1380	0	900	0	1
220000400	VR	3540	1955	2740	1355	2260	1235	0
240040949	VR	1597	2020	797	1420	317	1300	0
261020401	VR	1202	637	402	37	0	0	1
280010030	VR	2314	600	1514	0	1034	0	1
221023400	VR	800	10530	0	9930	0	9810	1
270000100	foothold-est	2367	665	1567	65	1087	0	1
240050103	VR	1799	964	999	364	519	244	0
240070000	VR	1440	740	640	140	160	20	0
221024400	VR	800	2306	0	1706	0	1586	1
200081200	VR	800	2580	0	1980	0	1860	1
221030600	foothold-est	3984	1454	3184	854	2704	734	0
211050000	foothold-est	2910	1157	2110	557	1630	437	0
240050400	VR	1980	790	1180	190	700	70	0
240050500	VR	810	790	10	190	0	70	1
261020309	VR	1606	640	806	40	326	0	1
280010040	VR	2587	600	1787	0	1307	0	1
240060100	VR	900	735	100	135	0	15	1
222010400	VR	2520	1540	1720	940	1240	820	0
261020350	VR	1606	640	806	40	326	0	1
221020700	VR	800	2032	0	1432	0	1312	1
240040804	VR	1589	2020	789	1420	309	1300	0
260020671	none							?
240070013	VR	1260	1200	460	600	0	480	1
240070014	VR	1260	1200	460	600	0	480	1
270020210	foothold-est	1243	812	443	212	0	92	1
200090510	VR	3549	927	2749	327	2269	207	0
240050102	VR	1799	964	999	364	519	244	0
211040102	VR	800	1680	0	1080	0	960	1
280011004	VR	1503	1697	703	1097	223	977	0
251010402	VR	1995	1561	1195	961	715	841	0
240010100	foothold-est	3010	1300	2210	700	1730	580	0
240040906	VR	1597	2020	797	1420	317	1300	0
280010120	VR	2314	600	1514	0	1034	0	1
200090047	VR	800	600	0	0	0	0	1
261020316	VR	1606	640	806	40	326	0	1
221021100	VR	1090	10530	290	9930	0	9810	1
221023700	VR	800	2023	0	1423	0	1303	1
240020510	none							?
220000110	VR	1823	1355	1023	755	543	635	0
240040802	VR	1589	2020	789	1420	309	1300	0
240070307	VR	1079	1180	279	580	0	460	1
220060200	foothold-est	2196	3163	1396	2563	916	2443	0
200090060	VR	808	1020	8	420	0	300	1
260010600	VR	2423	1025	1623	425	1143	305	0
240070060	VR	1260	1200	460	600	0	480	1
251010425	VR	1590	995	790	395	310	275	0
240070305	VR	1079	1180	279	580	0	460	1
220000500	VR	3420	1400	2620	800	2140	680	0
240070200	VR	1977	785	1177	185	697	65	0
200081800	VR	800	2280	0	1680	0	1560	1
220080000	VR	4141	986	3341	386	2861	266	0
260020670	none							?
261040000	VR	1188	598	388	0	0	0	1
240040812	VR	1589	2020	789	1420	309	1300	0
200090065	VR	808	1020	8	420	0	300	1
200090078	VR	808	1020	8	420	0	300	1
240080301	none							?
240040827	VR	1589	2020	789	1420	309	1300	0
220000301	VR	800	600	0	0	0	0	1
211010000	foothold-est	3090	1146	2290	546	1810	426	0
280010101	VR	2585	600	1785	0	1305	0	1
240040819	VR	1589	2020	789	1420	309	1300	0
221040301	VR	2245	1038	1445	438	965	318	0
220070300	foothold-est	2547	2425	1747	1825	1267	1705	0
240040927	VR	1597	2020	797	1420	317	1300	0
220050100	VR	1777	1640	977	1040	497	920	0
229020100	foothold-est	1030	648	230	48	0	0	1
250010700	VR	1980	1800	1180	1200	700	1080	0
240070306	VR	1079	1180	279	580	0	460	1
240040847	VR	1589	2020	789	1420	309	1300	0
260020633	none							?
200090020	VR	800	600	0	0	0	0	1
240040940	VR	1597	2020	797	1420	317	1300	0
240040300	VR	800	2416	0	1816	0	1696	1
220010400	VR	2102	600	1302	0	822	0	1
240070303	VR	1079	1180	279	580	0	460	1
270020410	foothold-est	1245	160	445	0	0	0	1
240070405	none							?
240070406	none							?
260010201	VR	1613	955	813	355	333	235	0
240070302	VR	1918	1180	1118	580	638	460	0
270030200	VR	2400	1606	1600	1006	1120	886	0
221023450	VR	800	2245	0	1645	0	1525	1
209000012	foothold-est	1380	858	580	258	100	138	0
240020508	none							?
221023401	VR	800	2245	0	1645	0	1525	1
260020643	none							?
220040000	VR	1779	1840	979	1240	499	1120	0
200090022	VR	800	600	0	0	0	0	1
211042101	VR	3840	646	3040	46	2560	0	1
261020333	VR	1606	640	806	40	326	0	1
270020200	VR	2400	1606	1600	1006	1120	886	0
221030301	foothold-est	4074	1454	3274	854	2794	734	0
221023435	VR	800	2245	0	1645	0	1525	1
220040400	VR	2028	1840	1228	1240	748	1120	0
240070402	VR	2158	1560	1358	960	878	840	0
211041200	foothold-est	2640	1116	1840	516	1360	396	0
200090074	VR	808	1020	8	420	0	300	1
240070606	VR	1040	1500	240	900	0	780	1
240010600	foothold-est	1930	1210	1130	610	650	490	0
240070608	VR	1040	1500	240	900	0	780	1
261020324	VR	1606	640	806	40	326	0	1
220000307	VR	800	600	0	0	0	0	1
240080040	foothold-est	1018	309	218	0	0	0	1
240080041	foothold-est	1018	309	218	0	0	0	1
240010901	foothold-est	2830	1360	2030	760	1550	640	0
261020313	VR	1606	640	806	40	326	0	1
200090500	VR	3574	812	2774	212	2294	92	0
240070042	VR	1260	1200	460	600	0	480	1
221023447	VR	800	2245	0	1645	0	1525	1
240040929	VR	1597	2020	797	1420	317	1300	0
260020662	none							?
280011005	VR	1503	1697	703	1097	223	977	0
240080400	foothold-est	1429	1941	629	1341	149	1221	0
200000140	VR	2050	650	1250	50	770	0	1
209000005	foothold-est	1200	858	400	258	0	138	1
240020529	none							?
221022500	VR	1093	2670	293	2070	0	1950	1
221023409	VR	800	2245	0	1645	0	1525	1
221023428	VR	800	2245	0	1645	0	1525	1
260020667	none							?
240080800	VR	1933	926	1133	326	653	206	0
240010900	foothold-est	1480	1300	680	700	200	580	0
240080501	none							?
260020620	VR	1978	835	1178	235	698	115	0
270010210	foothold-est	1245	160	445	0	0	0	1
220070200	foothold-est	2547	1939	1747	1339	1267	1219	0
240070030	VR	1260	1200	460	600	0	480	1
230020000	foothold-est	2515	820	1715	220	1235	100	0
250010100	VR	1617	1170	817	570	337	450	0
280010080	VR	2314	600	1514	0	1034	0	1
200000120	VR	2050	650	1250	50	770	0	1
240040934	VR	1597	2020	797	1420	317	1300	0
220010500	VR	2100	600	1300	0	820	0	1
250010303	VR	1708	1382	908	782	428	662	0
260000100	VR	1800	995	1000	395	520	275	0
260000200	VR	4320	995	3520	395	3040	275	0
250010600	VR	1889	1475	1089	875	609	755	0
250010501	VR	1706	1139	906	539	426	419	0
250010502	VR	1798	1170	998	570	518	450	0
200090043	VR	800	600	0	0	0	0	1
240040823	VR	1589	2020	789	1420	309	1300	0
240040815	VR	1589	2020	789	1420	309	1300	0
260010700	VR	2513	955	1713	355	1233	235	0
240070032	VR	1260	1200	460	600	0	480	1
200000203	VR	800	600	0	0	0	0	1
240020517	none							?
240020101	VR	1529	1260	729	660	249	540	0
220030000	VR	3667	600	2867	0	2387	0	1
220030300	VR	3757	600	2957	0	2477	0	1
220020100	VR	3663	600	2863	0	2383	0	1
221023438	VR	800	2245	0	1645	0	1525	1
251010101	VR	1257	1430	457	830	0	710	1
251010102	VR	1157	1020	357	420	0	300	1
240040928	VR	1597	2020	797	1420	317	1300	0
240070043	VR	1260	1200	460	600	0	480	1
251010400	VR	2108	1635	1308	1035	828	915	0
211040101	VR	990	1482	190	882	0	762	1
200010121	foothold-est	2010	1199	1210	599	730	479	0
240070101	foothold-est	2740	580	1940	0	1460	0	1
251010404	VR	846	732	46	132	0	12	1
240070605	VR	1040	1500	240	900	0	780	1
200010130	foothold-est	1740	1459	940	859	460	739	0
240020523	none							?
230030000	foothold-est	3243	1196	2443	596	1963	476	0
251010414	VR	1590	995	790	395	310	275	0
211040000	foothold-est	3180	1157	2380	557	1900	437	0
251000000	VR	4276	1300	3476	700	2996	580	0
221024100	VR	800	1808	0	1208	0	1088	1
240070063	VR	1260	1200	460	600	0	480	1
240010400	VR	1883	1586	1083	986	603	866	0
220080001	VR	1246	600	446	0	0	0	1
240030000	VR	2970	1605	2170	1005	1690	885	0
200000001	VR	800	600	0	0	0	0	1
251010423	VR	1590	995	790	395	310	275	0
200082301	VR	800	600	0	0	0	0	1
280010020	VR	2314	600	1514	0	1034	0	1
200090410	VR	800	1075	0	475	0	355	1
240040937	VR	1597	2020	797	1420	317	1300	0
251010428	VR	1590	995	790	395	310	275	0
240040908	VR	1597	2020	797	1420	317	1300	0
211042200	VR	5190	650	4390	50	3910	0	1
220010800	VR	2102	600	1302	0	822	0	1
240050200	VR	1530	790	730	190	250	70	0
260000110	foothold-est	511	883	0	283	0	163	1
221023444	VR	800	2245	0	1645	0	1525	1
221022600	VR	1093	2670	293	2070	0	1950	1
251010401	VR	1906	1400	1106	800	626	680	0
240010800	foothold-est	1930	1300	1130	700	650	580	0
260000204	VR	800	600	0	0	0	0	1
200080200	VR	800	2300	0	1700	0	1580	1
240070500	VR	1790	817	990	217	510	97	0
250000003	VR	800	600	0	0	0	0	1
211041000	VR	892	2680	92	2080	0	1960	1
220010600	VR	2102	600	1302	0	822	0	1
260020649	none							?
260020676	none							?
221023445	VR	800	2245	0	1645	0	1525	1
240040817	VR	1589	2020	789	1420	309	1300	0
260010500	VR	1523	1025	723	425	243	305	0
261020338	VR	1606	640	806	40	326	0	1
220050000	VR	1777	1640	977	1040	497	920	0
260010300	VR	1613	955	813	355	333	235	0
220010001	VR	800	600	0	0	0	0	1
221020300	VR	800	1808	0	1208	0	1088	1
229030200	VR	3022	1353	2222	753	1742	633	0
240040833	VR	1589	2020	789	1420	309	1300	0
250010000	VR	1436	1470	636	870	156	750	0
200000202	VR	800	600	0	0	0	0	1
240040903	VR	1597	2020	797	1420	317	1300	0
260000202	VR	800	600	0	0	0	0	1
240040822	VR	1589	2020	789	1420	309	1300	0
200080700	VR	800	2026	0	1426	0	1306	1
240070409	none							?
220040200	VR	1778	1840	978	1240	498	1120	0
209000000	VR	4160	1300	3360	700	2880	580	0
221023420	VR	800	2245	0	1645	0	1525	1
260020500	VR	1800	900	1000	300	520	180	0
211020000	foothold-est	3270	1116	2470	516	1990	396	0
220040100	VR	1959	1840	1159	1240	679	1120	0
200090021	VR	800	600	0	0	0	0	1
261020500	VR	1603	943	803	343	323	223	0
240070044	VR	1260	1200	460	600	0	480	1
200090028	VR	800	600	0	0	0	0	1
200090042	VR	800	600	0	0	0	0	1
221040201	foothold-est	2454	1244	1654	644	1174	524	0
240070600	VR	3048	1583	2248	983	1768	863	0
251010200	VR	1262	1180	462	580	0	460	1
200090010	VR	1750	1500	950	900	470	780	0
240040809	VR	1589	2020	789	1420	309	1300	0
260020639	none							?
240040401	VR	800	2055	0	1455	0	1335	1
270020500	VR	2400	1606	1600	1006	1120	886	0
221024200	VR	800	1918	0	1318	0	1198	1
209000002	foothold-est	1290	858	490	258	10	138	0
261010002	VR	1465	652	665	52	185	0	1
240070061	VR	1260	1200	460	600	0	480	1
240080201	none							?
260010400	VR	1523	955	723	355	243	235	0
240040830	VR	1589	2020	789	1420	309	1300	0
229030100	VR	8707	712	7907	112	7427	0	1
222010001	VR	1976	1126	1176	526	696	406	0
240070507	VR	1050	696	250	96	0	0	1
240070206	VR	990	1095	190	495	0	375	1
221023422	VR	800	2245	0	1645	0	1525	1
240040900	VR	1597	2020	797	1420	317	1300	0
260020655	none							?
240040930	VR	1597	2020	797	1420	317	1300	0
260020657	none							?
240070011	VR	1260	1200	460	600	0	480	1
261020342	VR	1606	640	806	40	326	0	1
240040911	VR	1597	2020	797	1420	317	1300	0
230020300	foothold-est	2650	1660	1850	1060	1370	940	0
240070509	VR	1050	696	250	96	0	0	1
240040520	VR	1597	2020	797	1420	317	1300	0
240080500	foothold-est	1378	1973	578	1373	98	1253	0
260020665	none							?
200080800	VR	800	2160	0	1560	0	1440	1
220040300	VR	1778	1840	978	1240	498	1120	0
240070052	VR	1260	1200	460	600	0	480	1
240060000	VR	900	735	100	135	0	15	1
250020200	VR	2341	1240	1541	640	1061	520	0
221020600	VR	1093	2640	293	2040	0	1920	1
220010000	VR	2102	600	1302	0	822	0	1
221040000	foothold-est	2904	1034	2104	434	1624	314	0
260020674	none							?
221023443	VR	800	2245	0	1645	0	1525	1
261020100	VR	1602	851	802	251	322	131	0
222010002	VR	1649	1672	849	1072	369	952	0
260020642	none							?
200090068	VR	808	1020	8	420	0	300	1
200000100	VR	4576	693	3776	93	3296	0	1
261010001	VR	1914	655	1114	55	634	0	1
240080401	none							?
240040921	VR	1597	2020	797	1420	317	1300	0
221023300	VR	1093	2640	293	2040	0	1920	1
240040926	VR	1597	2020	797	1420	317	1300	0
250000001	VR	800	600	0	0	0	0	1
261000021	VR	800	600	0	0	0	0	1
240040910	VR	1597	2020	797	1420	317	1300	0
240040913	VR	1597	2020	797	1420	317	1300	0
220000304	VR	800	600	0	0	0	0	1
200090070	VR	808	1020	8	420	0	300	1
200090055	VR	800	600	0	0	0	0	1
260020659	none							?
221024300	VR	800	1914	0	1314	0	1194	1
240040915	VR	1597	2020	797	1420	317	1300	0
270020400	VR	2400	1606	1600	1006	1120	886	0
240070601	VR	2247	1428	1447	828	967	708	0
221023413	VR	800	2245	0	1645	0	1525	1
270030110	foothold-est	1245	160	445	0	0	0	1
261020322	VR	1606	640	806	40	326	0	1
260010001	VR	1163	955	363	355	0	235	1
222000001	VR	800	1160	0	560	0	440	1
220010900	VR	2102	600	1302	0	822	0	1
261020305	VR	1606	640	806	40	326	0	1
280010150	VR	2314	600	1514	0	1034	0	1
261020307	VR	1606	640	806	40	326	0	1
261020308	VR	1606	640	806	40	326	0	1
240040825	VR	1589	2020	789	1420	309	1300	0
221023405	VR	800	2245	0	1645	0	1525	1
200000132	VR	1740	1090	940	490	460	370	0
200070000	foothold-est	2100	2315	1300	1715	820	1595	0
240070051	VR	1260	1200	460	600	0	480	1
261020314	VR	1606	640	806	40	326	0	1
280010070	VR	2314	600	1514	0	1034	0	1
240040801	VR	1589	2020	789	1420	309	1300	0
200082300	VR	800	2524	0	1924	0	1804	1
220020400	VR	3757	600	2957	0	2477	0	1
220000003	VR	800	600	0	0	0	0	1
240040932	VR	1597	2020	797	1420	317	1300	0
240040310	VR	800	2120	0	1520	0	1400	1
200090035	VR	800	600	0	0	0	0	1
240040936	VR	1597	2020	797	1420	317	1300	0
251010429	VR	1590	995	790	395	310	275	0
251000100	VR	862	680	62	80	0	0	1
211042300	VR	2760	600	1960	0	1480	0	1
221023423	VR	800	2245	0	1645	0	1525	1
240030200	foothold-est	3010	1420	2210	820	1730	700	0
270030100	VR	2400	1606	1600	1006	1120	886	0
200010300	foothold-est	1560	1681	760	1081	280	961	0
261020328	VR	1606	640	806	40	326	0	1
251010417	VR	1590	995	790	395	310	275	0
260020672	none							?
230040000	foothold-est	1036	2035	236	1435	0	1315	1
211041700	foothold-est	1916	1642	1116	1042	636	922	0
240040810	VR	1589	2020	789	1420	309	1300	0
260020668	none							?
240040828	VR	1589	2020	789	1420	309	1300	0
240040813	VR	1589	2020	789	1420	309	1300	0
240080701	VR	2465	603	1665	3	1185	0	1
261020341	VR	1606	640	806	40	326	0	1
200000122	VR	1740	1090	940	490	460	370	0
280090000	VR	800	600	0	0	0	0	1
261020344	VR	1606	640	806	40	326	0	1
230000000	foothold-est	3102	1365	2302	765	1822	645	0
270040000	foothold-est	3242	160	2442	0	1962	0	1
261020347	VR	1606	640	806	40	326	0	1
240070407	none							?
261020349	VR	1606	640	806	40	326	0	1
240040811	VR	1589	2020	789	1420	309	1300	0
240020600	VR	1888	1260	1088	660	608	540	0
280030000	VR	1230	600	430	0	0	0	1
221023414	VR	800	2245	0	1645	0	1525	1
240070012	VR	1260	1200	460	600	0	480	1
260020675	none							?
200000131	foothold-est	2100	970	1300	370	820	250	0
240020401	VR	1529	1260	729	660	249	540	0
220000306	VR	800	1200	0	600	0	480	1
200000300	foothold-est	3000	1138	2200	538	1720	418	0
240020507	none							?
270010000	foothold-est	2851	229	2051	0	1571	0	1
200040001	foothold-est	2370	1037	1570	437	1090	317	0
270010110	foothold-est	1244	881	444	281	0	161	1
240040831	VR	1589	2020	789	1420	309	1300	0
261010102	VR	1946	625	1146	25	666	0	1
222020111	VR	800	600	0	0	0	0	1
220011001	VR	800	600	0	0	0	0	1
221020400	VR	800	2288	0	1688	0	1568	1
260000203	VR	800	600	0	0	0	0	1
260020647	none							?
230010001	foothold-est	2830	1600	2030	1000	1550	880	0
270020000	foothold-est	1244	810	444	210	0	90	1
240070404	none							?
200090059	VR	800	600	0	0	0	0	1
240070502	VR	1858	1280	1058	680	578	560	0
220000100	VR	2160	1355	1360	755	880	635	0
270020211	foothold-est	1242	230	442	0	0	0	1
270020300	VR	2400	1606	1600	1006	1120	886	0
270020310	foothold-est	1245	160	445	0	0	0	1
230030100	foothold-est	2443	1252	1643	652	1163	532	0
200090029	VR	800	600	0	0	0	0	1
270010300	VR	2400	1606	1600	1006	1120	886	0
221023427	VR	800	2245	0	1645	0	1525	1
211041400	foothold-est	2640	1176	1840	576	1360	456	0
240050100	VR	2790	790	1990	190	1510	70	0
240070504	VR	1050	696	250	96	0	0	1
200080601	VR	800	600	0	0	0	0	1
250020000	foothold-est	2110	160	1310	0	830	0	1
240070022	VR	1260	1200	460	600	0	480	1
280011006	VR	1503	1697	703	1097	223	977	0
250010504	VR	1617	1520	817	920	337	800	0
270030310	foothold-est	1245	160	445	0	0	0	1
240080051	foothold-est	1160	320	360	0	0	0	1
261010103	VR	1945	625	1145	25	665	0	1
270040100	foothold-est	1834	160	1034	0	554	0	1
221023419	VR	800	2245	0	1645	0	1525	1
270050100	VR	1788	850	988	250	508	130	0
270050200	foothold-est	2441	160	1641	0	1161	0	1
200090026	VR	800	600	0	0	0	0	1
280010000	foothold-est	1826	1702	1026	1102	546	982	0
240000003	VR	800	600	0	0	0	0	1
240000002	VR	800	600	0	0	0	0	1
260000205	VR	800	600	0	0	0	0	1
222020000	VR	800	1198	0	598	0	478	1
261020346	VR	1606	640	806	40	326	0	1
209000011	foothold-est	1380	858	580	258	100	138	0
230020201	VR	1100	650	300	50	0	0	1
280010050	VR	2314	600	1514	0	1034	0	1
240040521	VR	1599	1560	799	960	319	840	0
270030210	foothold-est	1245	160	445	0	0	0	1
200090037	VR	800	600	0	0	0	0	1
270010400	VR	2400	1606	1600	1006	1120	886	0
261020326	VR	1606	640	806	40	326	0	1
280010090	VR	2314	600	1514	0	1034	0	1
221023417	VR	800	2245	0	1645	0	1525	1
200090080	VR	808	1080	8	480	0	360	1
200090310	VR	770	600	0	0	0	0	1
260020300	VR	2430	1115	1630	515	1150	395	0
200090100	VR	1800	1260	1000	660	520	540	0
221020701	VR	800	4038	0	3438	0	3318	1
280010140	VR	2314	600	1514	0	1034	0	1
220070301	VR	2379	3014	1579	2414	1099	2294	0
240040941	VR	1597	2020	797	1420	317	1300	0
260020658	none							?
240070309	VR	1079	1180	279	580	0	460	1
230040200	foothold-est	1205	1858	405	1258	0	1138	1
251010403	VR	1689	1666	889	1066	409	946	0
240080050	foothold-est	1160	320	360	0	0	0	1
240080101	none							?
221030501	foothold-est	3444	1514	2644	914	2164	794	0
211041500	foothold-est	1826	1342	1026	742	546	622	0
260020679	none							?
240070102	foothold-est	2740	700	1940	100	1460	0	1
