category	archive	image	verdict	hisChildren	v84Children	overlapChildren	collidingFields	hisOnlyFields	v84OnlyFields	identicalOverlap
A DISJOINT at child level	Item	Item.wz/Consume/0202.img	DISJOINT	02022002,02022023,02022121,02022198,02022337,02022436,02022437,02022450,02022451,02022452,02023000,02023001,02023002,02023003	02020033,02020034,02020035,02022469,02022470,02022503,02022504,02022505,02022506,02022507,02022508,02022509,02022510,02022511,02022512,02022513,02022514,02022515,02022516,02022517,02022518,02022519,02022520,02022521,02022522,02022523,02022524,02022539,02022540,02022541,02022542,02022543,02022547,02022548,02022549,02022637,02022642,02022652,02022653,02022654,02022655,02022656,02022657,02022658,02022659,02022660,02022661,02022662,02022695					
A DISJOINT at child level	Item	Item.wz/Consume/0204.img	DISJOINT	02040728,02040729,02040730,02040731,02040732,02040733,02040734,02040735,02040736,02040737,02040738,02040739	02040120,02040211,02040212,02040227,02040228,02040229,02040230,02043714,02043814,02047000,02047001,02047002,02047100,02047101,02047102,02047200,02047201,02047202,02047203,02047204,02047205,02047206,02047207,02047208,02047300,02047301,02047302,02047303,02047304,02047305,02047306,02047307,02047308,02047309					
A DISJOINT at child level	Item	Item.wz/Etc/0400.img	DISJOINT	04000313,04001015,04001016,04001018,04001022,04001023,04001094,04001106,04001111,04001207,04001256,04001257,04001258,04001259,04001260,04001372,04001373	04000566,04000567,04000568,04000569,04000570,04000571,04001326,04001327,04001328,04001329,04001330,04001331,04001332,04001333,04001339,04001395,04001399,04001401,04001402,04001435					
A DISJOINT at child level	Item	Item.wz/Install/0301.img	DISJOINT	03010045	03010069,03010097,03010107,03010108,03010120					
A DISJOINT at child level	Map	Map.wz/MapHelper.img	DISJOINT	AvatarMegaphone	mark					
A DISJOINT at child level	Mob	Mob.wz/6300005.img	DISJOINT	die1	info					
A DISJOINT at child level	Mob	Mob.wz/9300196.img	DISJOINT	die1	info					
A DISJOINT at child level	String	String.wz/Pet.img	DISJOINT	5000040,5000043,5000046	5000067					
B DISJOINT at field level	Character	Character.wz/Cap/01002728.img	OVERLAP	alert,backDefault,default,fly,info,jump,ladder,proneStab,rope,shoot1,shoot2,shootF,sit,stabO1,stabO2,stabOF,stabT1,stabT2,stabTF,stand1,stand2,swingO1,swingO2,swingO3,swingOF,swingP1,swingP2,swingPF,swingT1,swingT2,swingT3,swingTF,walk1,walk2	info	info		info/icon,info/iconRaw,info/level	info/notExtend	
B DISJOINT at field level	Character	Character.wz/Cap/01002784.img	OVERLAP	alert,backDefault,default,fly,info,jump,prone,sit,walk1,walk2	walk2	walk2		walk2/0	walk2/2	
B DISJOINT at field level	Character	Character.wz/Longcoat/01050131.img	OVERLAP	alert,fly,info,jump,ladder,proneStab,rope,shoot1,shoot2,shootF,sit,stabO1,stabO2,stabOF,stabT1,stabT2,stabTF,stand1,stand2,swingO1,swingO2,swingO3,swingOF,swingP1,swingP2,swingPF,swingT1,swingT2,swingT3,swingTF,walk1,walk2	info	info		info/icon,info/iconRaw	info/timeLimited	
B DISJOINT at field level	Character	Character.wz/Longcoat/01050132.img	OVERLAP	alert,fly,info,jump,ladder,proneStab,rope,shoot1,shoot2,shootF,sit,stabO1,stabO2,stabOF,stabT1,stabT2,stabTF,stand1,stand2,swingO1,swingO2,swingO3,swingOF,swingP1,swingP2,swingPF,swingT1,swingT2,swingT3,swingTF,walk1,walk2	info	info		info/icon,info/iconRaw	info/timeLimited	
B DISJOINT at field level	Character	Character.wz/Longcoat/01050133.img	OVERLAP	alert,fly,info,jump,ladder,proneStab,rope,shoot1,shoot2,shootF,sit,stabO1,stabO2,stabOF,stabT1,stabT2,stabTF,stand1,stand2,swingO1,swingO2,swingO3,swingOF,swingP1,swingP2,swingPF,swingT1,swingT2,swingT3,swingTF,walk1,walk2	info	info		info/icon,info/iconRaw	info/timeLimited	
B DISJOINT at field level	Character	Character.wz/Longcoat/01050134.img	OVERLAP	alert,fly,info,jump,ladder,proneStab,rope,shoot1,shoot2,shootF,sit,stabO1,stabO2,stabOF,stabT1,stabT2,stabTF,stand1,stand2,swingO1,swingO2,swingO3,swingOF,swingP1,swingP2,swingPF,swingT1,swingT2,swingT3,swingTF,walk1,walk2	info	info		info/icon,info/iconRaw	info/timeLimited	
B DISJOINT at field level	Character	Character.wz/Longcoat/01051150.img	OVERLAP	alert,fly,info,jump,ladder,proneStab,rope,shoot1,shoot2,shootF,sit,stabO1,stabO2,stabOF,stabT1,stabT2,stabTF,stand1,stand2,swingO1,swingO2,swingO3,swingOF,swingP1,swingP2,swingPF,swingT1,swingT2,swingT3,swingTF,walk1,walk2	info	info		info/icon,info/iconRaw	info/timeLimited	
B DISJOINT at field level	Character	Character.wz/Longcoat/01051151.img	OVERLAP	alert,fly,info,jump,ladder,proneStab,rope,shoot1,shoot2,shootF,sit,stabO1,stabO2,stabOF,stabT1,stabT2,stabTF,stand1,stand2,swingO1,swingO2,swingO3,swingOF,swingP1,swingP2,swingPF,swingT1,swingT2,swingT3,swingTF,walk1,walk2	info	info		info/icon,info/iconRaw	info/timeLimited	
B DISJOINT at field level	Character	Character.wz/Longcoat/01051152.img	OVERLAP	alert,fly,info,jump,ladder,proneStab,rope,shoot1,shoot2,shootF,sit,stabO1,stabO2,stabOF,stabT1,stabT2,stabTF,stand1,stand2,swingO1,swingO2,swingO3,swingOF,swingP1,swingP2,swingPF,swingT1,swingT2,swingT3,swingTF,walk1,walk2	info	info		info/icon,info/iconRaw	info/timeLimited	
B DISJOINT at field level	Character	Character.wz/Longcoat/01051153.img	OVERLAP	alert,fly,info,jump,ladder,proneStab,rope,shoot1,shoot2,shootF,sit,stabO1,stabO2,stabOF,stabT1,stabT2,stabTF,stand1,stand2,swingO1,swingO2,swingO3,swingOF,swingP1,swingP2,swingPF,swingT1,swingT2,swingT3,swingTF,walk1,walk2	info	info		info/icon,info/iconRaw	info/timeLimited	
B DISJOINT at field level	Character	Character.wz/Weapon/01382025.img	OVERLAP	alert,fly,info,jump,proneStab,shoot1,shootF,stabO1,stand1,swingO1,swingO2,swingO3,walk1	info	info		info/icon,info/iconRaw,info/level	info/incINT,info/incMAD,info/notSale,info/only,info/reqINT,info/reqLevel,info/reqLUK,info/tuc	
B DISJOINT at field level	Etc	Etc.wz/ItemMake.img	OVERLAP	0,2,8	0,2	0,2		0/04260007,0/04260008,2/01072362,2/01382008	0/01142156,0/01142157,2/01942002,2/01952002,2/01962002,2/01972002	
B DISJOINT at field level	Mob	Mob.wz/3300005.img	OVERLAP	info	info	info		info/boss	info/category	
B DISJOINT at field level	Mob	Mob.wz/3300006.img	OVERLAP	info	info	info		info/boss	info/category	
B DISJOINT at field level	Mob	Mob.wz/3300007.img	OVERLAP	info	info	info		info/boss	info/category	
B DISJOINT at field level	Mob	Mob.wz/4130103.img	OVERLAP	info	info	info		info/HPgaugeHide,info/hpTagBgcolor,info/hpTagColor	info/category,info/mobType	
B DISJOINT at field level	Mob	Mob.wz/5090000.img	OVERLAP	info	info	info		info/eva,info/exp,info/HPgaugeHide,info/hpTagBgcolor,info/hpTagColor,info/maxHP	info/category	
B DISJOINT at field level	Mob	Mob.wz/5090001.img	OVERLAP	info	info	info		info/eva,info/exp,info/HPgaugeHide,info/hpTagBgcolor,info/hpTagColor,info/level,info/maxHP,info/maxMP	info/category	
B DISJOINT at field level	Mob	Mob.wz/5120100.img	OVERLAP	info	info	info		info/HPgaugeHide,info/hpTagBgcolor,info/hpTagColor	info/category,info/mobType	
B DISJOINT at field level	Mob	Mob.wz/6090000.img	OVERLAP	info	info	info		info/exp,info/HPgaugeHide,info/hpTagBgcolor,info/hpTagColor,info/level	info/category,info/mobType	
B DISJOINT at field level	Mob	Mob.wz/6090001.img	OVERLAP	info	info	info		info/exp,info/HPgaugeHide,info/hpTagBgcolor,info/hpTagColor	info/category	
B DISJOINT at field level	Mob	Mob.wz/6090002.img	OVERLAP	info	info	info		info/eva,info/exp,info/HPgaugeHide,info/hpTagBgcolor,info/hpTagColor,info/maxHP,info/maxMP	info/category	
B DISJOINT at field level	Mob	Mob.wz/6090003.img	OVERLAP	info	info	info		info/exp,info/HPgaugeHide,info/hpTagBgcolor,info/hpTagColor	info/category,info/mobType	
B DISJOINT at field level	Mob	Mob.wz/6090004.img	OVERLAP	info	info	info		info/eva,info/HPgaugeHide,info/hpTagBgcolor,info/hpTagColor,info/maxHP	info/category,info/mobType	
B DISJOINT at field level	Mob	Mob.wz/7090000.img	OVERLAP	info	info	info		info/eva,info/HPgaugeHide,info/hpTagBgcolor,info/hpTagColor,info/maxHP	info/category	
B DISJOINT at field level	Mob	Mob.wz/7120100.img	OVERLAP	info	info	info		info/HPgaugeHide,info/hpTagBgcolor,info/hpTagColor,info/maxHP	info/category	
B DISJOINT at field level	Mob	Mob.wz/7120101.img	OVERLAP	info	info	info		info/HPgaugeHide,info/hpTagBgcolor,info/hpTagColor,info/maxHP	info/category	
B DISJOINT at field level	Mob	Mob.wz/7120102.img	OVERLAP	info	info	info		info/HPgaugeHide,info/hpTagBgcolor,info/hpTagColor,info/maxHP	info/category	
B DISJOINT at field level	Mob	Mob.wz/8090000.img	OVERLAP	info	info	info		info/eva,info/HPgaugeHide,info/hpTagBgcolor,info/hpTagColor,info/maxHP	info/category,info/mobType	
B DISJOINT at field level	Mob	Mob.wz/8120100.img	OVERLAP	info	info	info		info/HPgaugeHide,info/hpTagBgcolor,info/hpTagColor,info/maxHP	info/category	
B DISJOINT at field level	Mob	Mob.wz/8120101.img	OVERLAP	info	info	info		info/HPgaugeHide,info/hpTagBgcolor,info/hpTagColor,info/maxHP	info/category	
B DISJOINT at field level	Mob	Mob.wz/8140510.img	OVERLAP	info	info	info		info/HPgaugeHide,info/hpTagBgcolor,info/hpTagColor,info/maxHP	info/category	
B DISJOINT at field level	Mob	Mob.wz/8150000.img	OVERLAP	info	info	info		info/HPgaugeHide,info/hpTagBgcolor,info/hpTagColor	info/category,info/elemAttr	
B DISJOINT at field level	Mob	Mob.wz/8220007.img	OVERLAP	info	info	info		info/HPgaugeHide,info/hpTagBgcolor,info/hpTagColor	info/category	
B DISJOINT at field level	Mob	Mob.wz/8220009.img	OVERLAP	info	info	info		info/HPgaugeHide,info/hpTagBgcolor,info/hpTagColor	info/category	
B DISJOINT at field level	Mob	Mob.wz/8520000.img	OVERLAP	info	info	info		info/removeAfter	info/category,info/mobType	
B DISJOINT at field level	Mob	Mob.wz/8810018.img	OVERLAP	info	info	info		info/boss	info/category	
B DISJOINT at field level	Mob	Mob.wz/8820000.img	OVERLAP	info	info	info		info/revive	info/category	
B DISJOINT at field level	Mob	Mob.wz/8820002.img	OVERLAP	info	info	info		info/HPgaugeHide,info/hpTagBgcolor,info/hpTagColor	info/category,info/elemAttr,info/mobType	
B DISJOINT at field level	Mob	Mob.wz/8820003.img	OVERLAP	info	info	info		info/HPgaugeHide,info/hpTagBgcolor,info/hpTagColor,info/revive	info/category,info/mobType	
B DISJOINT at field level	Mob	Mob.wz/8820004.img	OVERLAP	info	info	info		info/HPgaugeHide,info/hpTagBgcolor,info/hpTagColor,info/revive	info/category,info/mobType	
B DISJOINT at field level	Mob	Mob.wz/8820005.img	OVERLAP	info	info	info		info/HPgaugeHide,info/hpTagBgcolor,info/hpTagColor,info/revive	info/category,info/mobType	
B DISJOINT at field level	Mob	Mob.wz/8820006.img	OVERLAP	info	info	info		info/HPgaugeHide,info/hpTagBgcolor,info/hpTagColor,info/revive	info/category,info/mobType	
B DISJOINT at field level	Mob	Mob.wz/8820010.img	OVERLAP	info	info	info		info/boss	info/category	
B DISJOINT at field level	Mob	Mob.wz/8820011.img	OVERLAP	info	info	info		info/boss	info/category	
B DISJOINT at field level	Mob	Mob.wz/8820012.img	OVERLAP	info	info	info		info/boss	info/category	
B DISJOINT at field level	Mob	Mob.wz/8820013.img	OVERLAP	info	info	info		info/boss	info/category	
B DISJOINT at field level	Mob	Mob.wz/8820014.img	OVERLAP	info	info	info		info/boss	info/category	
B DISJOINT at field level	Mob	Mob.wz/8830000.img	OVERLAP	info	info	info		info/HPgaugeHide,info/hpTagBgcolor,info/hpTagColor	info/category,info/mobType	
B DISJOINT at field level	Mob	Mob.wz/8830003.img	OVERLAP	info	info	info		info/boss	info/category,info/defaultHP,info/defaultMP	
B DISJOINT at field level	Mob	Mob.wz/8830010.img	OVERLAP	info	info	info		info/boss	info/category	
B DISJOINT at field level	Mob	Mob.wz/9001000.img	OVERLAP	info	info	info		info/HPgaugeHide,info/hpTagBgcolor,info/hpTagColor	info/category,info/mobType	
B DISJOINT at field level	Mob	Mob.wz/9001001.img	OVERLAP	info	info	info		info/HPgaugeHide,info/hpTagBgcolor,info/hpTagColor	info/category,info/mobType	
B DISJOINT at field level	Mob	Mob.wz/9001002.img	OVERLAP	info	info	info		info/HPgaugeHide,info/hpTagBgcolor,info/hpTagColor	info/category,info/mobType	
B DISJOINT at field level	Mob	Mob.wz/9001003.img	OVERLAP	info	info	info		info/HPgaugeHide,info/hpTagBgcolor,info/hpTagColor	info/category,info/mobType	
B DISJOINT at field level	Mob	Mob.wz/9001004.img	OVERLAP	info	info	info		info/HPgaugeHide,info/hpTagBgcolor,info/hpTagColor	info/category,info/mobType	
B DISJOINT at field level	Mob	Mob.wz/9001008.img	OVERLAP	info	info	info		info/boss,info/HPgaugeHide,info/hpTagBgcolor,info/hpTagColor	info/category,info/mobType	
B DISJOINT at field level	Mob	Mob.wz/9300003.img	OVERLAP	info	info	info		info/boss,info/HPgaugeHide,info/hpTagBgcolor,info/hpTagColor	info/category,info/elemAttr	
B DISJOINT at field level	Mob	Mob.wz/9300012.img	OVERLAP	info	info	info		info/HPgaugeHide,info/hpTagBgcolor,info/hpTagColor	info/category,info/elemAttr	
B DISJOINT at field level	Mob	Mob.wz/9300093.img	OVERLAP	info	info	info		info/dropItemPeriod	info/category	
B DISJOINT at field level	Mob	Mob.wz/9303002.img	OVERLAP	info	info	info		info/boss	info/category	
B DISJOINT at field level	Mob	Mob.wz/9400014.img	OVERLAP	info	info	info		info/HPgaugeHide,info/hpTagBgcolor,info/hpTagColor	info/category	
B DISJOINT at field level	Mob	Mob.wz/9400205.img	OVERLAP	info	info	info		info/HPgaugeHide,info/hpTagBgcolor,info/hpTagColor	info/category	
B DISJOINT at field level	Mob	Mob.wz/9500340.img	OVERLAP	info	info	info		info/boss,info/HPgaugeHide,info/hpTagBgcolor,info/hpTagColor,info/revive	info/category,info/elemAttr	
B DISJOINT at field level	Mob	Mob.wz/9500343.img	OVERLAP	info	info	info		info/default,info/HPgaugeHide,info/hpTagBgcolor,info/hpTagColor	info/category,info/elemAttr	
B DISJOINT at field level	Mob	Mob.wz/9500358.img	OVERLAP	info	info	info		info/HPgaugeHide,info/hpTagBgcolor,info/hpTagColor	info/category,info/elemAttr	
B DISJOINT at field level	Quest	Quest.wz/Act.img	OVERLAP	10005,10030,10031,10032,10033,10056,10064,10066,1007,10072,10081,10111,10112,10113,10114,1018,1024,10240,10241,10242,10243,10244,10245,10246,10247,10248,10249,1025,10250,10251,10252,10253,10254,10255,10256,10260,10261,10262,10263,10268,10270,10271,10272,10286,10300,10301,10302,1034,10390,10391,10392,10393,1041,10430,1115,1116,1117,1118,1119,1120,1121,1122,1123,1124,2000,2001,2005,2006,2009,2010,2011,2012,2013,2015,2018,2020,2021,2024,2025,2026,2027,2028,2029,2030,2031,2032,2033,2034,2035,2036,2037,2038,2039,2040,2041,2042,2043,2045,2046,20512,2052,20521,20525,20528,2053,2054,2058,2059,2060,2061,2062,2065,2067,2070,2071,20711,20713,20717,2072,20728,2076,2083,2084,2086,2088,2089,2091,2094,2095,2096,2097,2110,2116,2117,2119,2126,2145,2155,2156,21601,21604,21606,21608,21610,21613,2162,2164,2167,2168,2169,2170,21707,21709,21710,2172,21723,2173,21730,21737,2174,21743,21745,21752,2176,2177,2180,2181,2182,2183,2184,2185,2187,2191,2192,2204,2205,2206,2207,2210,2211,2213,2223,2243,2244,2246,2248,2250,2251,2255,2261,2263,2272,2275,2280,2281,2285,2287,2312,2317,2318,2323,2328,2329,2410,2411,2412,2413,2414,28001,28102,28103,28120,28121,28122,28129,28130,28164,28167,28170,28175,28179,28182,28184,28189,28198,28201,28209,28214,28219,28222,28229,28231,28235,28238,28241,28243,28244,28246,28248,28250,28255,28256,28267,28273,28279,28281,28282,28296,28297,28298,28303,28307,28310,28314,28317,28321,28331,28338,28339,28340,28341,28344,29510,3002,3003,3010,3013,3018,3020,3021,3022,3023,3024,3025,3026,3027,3028,3029,3031,3037,3038,3039,3040,3041,3043,3046,3047,3048,3049,3052,3054,3057,3060,3061,3062,3064,3065,3066,3067,3068,3076,3084,3088,3093,3097,3100,3101,3102,3103,3104,3205,3207,3208,3209,3221,3222,3224,3225,3227,3229,3235,3236,3237,3244,3248,3250,3305,3306,3307,3312,3324,3327,3329,3330,3332,3334,3337,3359,3367,3369,3380,3384,3401,3402,3403,3405,3406,3411,3413,3414,3415,3416,3419,3421,3422,3424,3426,3430,3431,3432,3433,3434,3436,3437,3438,3440,3441,3443,3444,3445,3447,3449,3454,3458,3514,3521,3522,3528,3536,3537,3600,3612,3613,3614,3620,3622,3624,3625,3626,3627,3628,3629,3631,3632,3634,3635,3648,3700,3701,3702,3703,3704,3710,3721,3722,3728,3803,3804,3806,3814,3815,3816,3818,3820,3825,3828,3830,3837,3840,3902,3908,3909,3911,3917,3918,3921,3922,3927,3928,3932,3936,3948,4000,4001,4003,4008,4009,4014,4100,4102,4105,4106,4107,4108,4109,4202,4208,4209,4210,4300,4302,4303,4304,4306,4308,4503,4504,4505,4506,4507,4508,4509,4522,4541,4542,4543,4544,4545,4546,4547,4548,4549,4550,4551,4552,4553,4554,4555,4556,4557,4558,4559,4560,4576,4914,4915,4916,4917,4918,4924,4925,4943,4944,4945,4946,4949,4950,4952,4953,4962,5069,6002,6004,6006,6017,6018,6019,6020,6023,6024,6025,6030,6031,6032,6100,6107,6120,6121,6122,6123,6124,6131,6180,6210,6211,6220,6222,6224,6263,6273,6281,6292,6293,6296,6297,6301,6303,6310,6312,6314,6340,6350,6360,6361,6380,6390,7100,7101,7103,7301,7303,7778,8000,8002,8005,8007,8012,8013,8027,8028,8029,8030,8032,8033,8034,8035,8036,8038,8039,8040,8042,8043,8047,8049,8050,8051,8052,8060,8062,8064,8067,8068,8069,8070,8075,8076,8077,8081,8082,8083,8084,8184,8206,8221,8222,8224,8225,8226,8231,8232,8233,8234,8246,8248,8249,8251,8254,8255,8256,8295,8299,8569,8700,8701,8713,8804,8805,8830,8832,8848,8849,8850,8851,8853,8854,8855,8856,8857,8858,8859,8860,8863,8864,8865,8866,8868,8873,8874,8875,8881,9011,9012,9052,9053,9055,9056,9058,9059,9141,9151,9155,9191,9192,9290,9291,9330,9331,9332,9333,9340,9350,9351,9352,9381,9383,9384,9387,9389,9395,9397,9399,9423,9424,9425,9426,9427,9429,9430,9440,9442,9444,9450,9451,9470,9471,9474,9475,9476,9477,9495,9503,9504,9511,9520,9521,9522,9523,9524,9525,9526,9527,9528,9630,9631,9632,9633,9635,9636,9637,9638,9640,9641,9642,9706,9711,9712,9713,9714,9731,9732,9740,9741,9742,9818,9823,9825,9861,9863,9865,9868,9870,9871,9873,9889,9923,9945,9946,9962,9963,9987,9988,9992,9994,9996	10430,10480,10481,10482,10483,10484,10485,10486,10487,10490,10491,10492,10493,10494,10496,10497,10500,10501,10502,10503,10504,10505,10506,10507,10510,10514,10516,10520,10521,19011,2193,2194,2195,2196,22000,22001,22002,22003,22004,22005,22006,22007,22008,22009,22010,22100,22101,22102,22103,22104,22105,22106,22107,22108,22109,22300,22400,22401,22402,22403,22404,22405,22406,22407,22408,22409,22410,22411,22412,22413,22500,22501,22502,22503,22504,22505,22506,22507,22508,22509,22510,22511,22512,22513,22514,22515,22516,22517,22518,22519,22520,22521,22522,22523,22524,22525,22526,22527,22528,22529,22530,22531,22532,22533,22534,22535,22536,22537,22538,22539,22540,22541,22542,22543,22544,22545,22546,22547,22548,22549,22550,22551,22552,22553,22554,22555,22556,22557,22558,22559,22560,22561,22562,22563,22564,22565,22566,22567,22568,22569,22570,22571,22572,22573,22574,22575,22576,22577,22578,22579,22580,22581,22582,22583,22584,22585,22586,22587,22588,22589,22590,22591,22592,22593,22594,22595,22596,22602,22603,2344,28178,28346,28347,28348,28349,28350,28351,28353,28354,28355,28356,28357,28358,28359,28360,28361,28362,28363,28364,28365,29934,29935,29936,29937,29938,29939,29940,3540,3756,3757,3758,3759,3760,3761,4919,6000,6029	10430		10430/1	10430/0	
B DISJOINT at field level	Skill	Skill.wz/000.img	OVERLAP	skill	skill	skill		skill/0000100,skill/0001011	skill/0001025,skill/0001026,skill/0001027,skill/0001028,skill/0001029,skill/0001030,skill/0001037,skill/0001038,skill/0001039	
B DISJOINT at field level	Skill	Skill.wz/1000.img	OVERLAP	skill	skill	skill		skill/10000012,skill/10000100,skill/10001011	skill/10001025,skill/10001026,skill/10001027,skill/10001028,skill/10001029,skill/10001030,skill/10001037,skill/10001038,skill/10001039	
B DISJOINT at field level	Skill	Skill.wz/2000.img	OVERLAP	skill	skill	skill		skill/20000100,skill/20001011	skill/20001025,skill/20001026,skill/20001027,skill/20001028,skill/20001029,skill/20001030,skill/20001037,skill/20001038,skill/20001039	
B DISJOINT at field level	String	String.wz/Map.img	OVERLAP	etc,ossyria,victoria	etc,event,maple,ossyria,victoria	etc,ossyria,victoria		etc/674030000,etc/674030100,etc/674030200,etc/674030300,etc/777777777,etc/889100000,etc/889100001,etc/889100002,etc/889100010,etc/889100011,etc/889100012,etc/889100020,etc/889100021,etc/889100022,etc/889100100,etc/914090010,etc/914090011,etc/914090012,etc/914090013,etc/925021600,ossyria/270010410,victoria/180000000,victoria/180000001,victoria/180000002,victoria/180000003	etc/900010000,etc/900010100,etc/900010200,etc/900020100,etc/900020110,etc/900020200,etc/900020210,etc/900020220,etc/900030000,etc/900090000,etc/900090001,etc/900090002,etc/900090003,etc/900090004,etc/900090100,etc/900090101,etc/900090102,etc/900090103,etc/910032200,etc/910050000,etc/910050300,etc/910060100,etc/910060101,etc/910510300,etc/910600000,etc/910600010,etc/914100000,etc/914100010,etc/914100020,etc/914100021,etc/914100022,etc/914100023,etc/922030000,etc/922030001,etc/922030010,etc/922030011,etc/922030020,etc/922030021,etc/922030022,etc/922231001,etc/923020000,etc/923020001,etc/923020010,etc/923020020,etc/923020100,etc/923020109,etc/923020110,etc/923020111,etc/923020112,etc/923020113,etc/923020114,etc/923020120,etc/923020189,etc/923020190,etc/924900000,etc/924900100,etc/924900200,etc/924900300,etc/924900400,etc/924900500,etc/925110000,etc/950000000,etc/980000700,etc/980000701,etc/980000702,etc/980000703,etc/980000704,etc/980000800,etc/980000801,etc/980000802,etc/980000803,etc/980000804,etc/980000900,etc/980000901,etc/980000902,etc/980000903,etc/980000904,ossyria/200000000,ossyria/200090080,ossyria/200090090,ossyria/211000000,ossyria/220000000,ossyria/221000000,ossyria/222000000,ossyria/230000000,ossyria/240000000,ossyria/240080000,ossyria/240080040,ossyria/240080041,ossyria/240080050,ossyria/240080051,ossyria/240080100,ossyria/240080200,ossyria/240080300,ossyria/240080400,ossyria/240080500,ossyria/240080600,ossyria/240080700,ossyria/240080800,ossyria/250000000,ossyria/251000000,ossyria/683070400,ossyria/683070401,ossyria/683070402,victoria/100000000,victoria/100030301,victoria/100030320,victoria/101000000,victoria/102000000,victoria/103000000,victoria/104000000,victoria/105040300,victoria/109060002,victoria/110000000,victoria/120000200	
C TRUE OVERLAP (same field, both moved)	Character	Character.wz/Cap/01002777.img	OVERLAP	backDefault,default,info	info	info	info/level	info/icon,info/iconRaw		
C TRUE OVERLAP (same field, both moved)	Character	Character.wz/Cap/01002791.img	OVERLAP	backDefault,default,info	info	info	info/level	info/icon,info/iconRaw		
C TRUE OVERLAP (same field, both moved)	Character	Character.wz/Dragon/01942002.img	OVERLAP	info	info	info	info/level	info/icon,info/iconRaw	info/equipTradeBlock	
C TRUE OVERLAP (same field, both moved)	Character	Character.wz/Dragon/01952002.img	OVERLAP	info	info	info	info/level	info/icon,info/iconRaw	info/equipTradeBlock	
C TRUE OVERLAP (same field, both moved)	Character	Character.wz/Dragon/01962002.img	OVERLAP	info	info	info	info/level	info/icon,info/iconRaw	info/equipTradeBlock	
C TRUE OVERLAP (same field, both moved)	Character	Character.wz/Dragon/01972002.img	OVERLAP	info	info	info	info/level	info/icon,info/iconRaw	info/equipTradeBlock	
C TRUE OVERLAP (same field, both moved)	Character	Character.wz/Glove/01082235.img	OVERLAP	alert,fly,info,jump,ladder,proneStab,rope,shoot1,shoot2,shootF,sit,stabO1,stabO2,stabOF,stabT1,stabT2,stabTF,stand1,stand2,swingO1,swingO2,swingO3,swingOF,swingP1,swingP2,swingPF,swingT1,swingT2,swingT3,swingTF,walk1,walk2	info	info	info/level	info/icon,info/iconRaw		
C TRUE OVERLAP (same field, both moved)	Character	Character.wz/Glove/01082240.img	OVERLAP	alert,fly,info,jump,ladder,proneStab,rope,shoot1,shoot2,shootF,sit,stabO1,stabO2,stabOF,stabT1,stabT2,stabTF,stand1,stand2,swingO1,swingO2,swingO3,swingOF,swingP1,swingP2,swingPF,swingT1,swingT2,swingT3,swingTF,walk1,walk2	info	info	info/level	info/icon,info/iconRaw		
C TRUE OVERLAP (same field, both moved)	Character	Character.wz/Longcoat/01052156.img	OVERLAP	alert,fly,info,jump,ladder,proneStab,rope,shoot1,shoot2,shootF,sit,stabO1,stabO2,stabOF,stabT1,stabT2,stabTF,stand1,stand2,swingO1,swingO2,swingO3,swingOF,swingP1,swingP2,swingPF,swingT1,swingT2,swingT3,swingTF,walk1,walk2	info,shootF	info,shootF	info/level	info/icon,info/iconRaw,shootF/0,shootF/1	shootF/2	
C TRUE OVERLAP (same field, both moved)	Character	Character.wz/Longcoat/01052161.img	OVERLAP	alert,fly,info,jump,ladder,proneStab,rope,shoot1,shoot2,shootF,sit,stabO1,stabO2,stabOF,stabT1,stabT2,stabTF,stand1,stand2,swingO1,swingO2,swingO3,swingOF,swingP1,swingP2,swingPF,swingT1,swingT2,swingT3,swingTF,walk1,walk2	info,shootF	info,shootF	info/level	info/icon,info/iconRaw,shootF/0,shootF/1	shootF/2	
C TRUE OVERLAP (same field, both moved)	Character	Character.wz/Shield/01092057.img	OVERLAP	alert,fly,info,jump,proneStab,stabO1,stabO2,stabOF,stand1,swingO1,swingO2,swingO3,swingOF,walk1	info	info	info/level	info/icon,info/iconRaw		
C TRUE OVERLAP (same field, both moved)	Character	Character.wz/Shoes/01072356.img	OVERLAP	alert,fly,info,jump,ladder,proneStab,rope,shoot1,shoot2,shootF,sit,stabO1,stabO2,stabOF,stabT1,stabT2,stabTF,stand1,swingO1,swingO2,swingO3,swingOF,swingP1,swingP2,swingPF,swingT1,swingT2,swingT3,swingTF,walk1	info	info	info/level	info/icon,info/iconRaw		
C TRUE OVERLAP (same field, both moved)	Character	Character.wz/Shoes/01072362.img	OVERLAP	alert,fly,info,jump,ladder,proneStab,rope,shoot1,shoot2,shootF,sit,stabO1,stabO2,stabOF,stabT1,stabT2,stabTF,stand1,swingO1,swingO2,swingO3,swingOF,swingP1,swingP2,swingPF,swingT1,swingT2,swingT3,swingTF,walk1	info	info	info/level	info/icon,info/iconRaw		
C TRUE OVERLAP (same field, both moved)	Character	Character.wz/TamingMob/01912033.img	OVERLAP	1902040,info	1902040,info	1902040,info	1902040/fly,1902040/jump,1902040/ladder,1902040/prone,1902040/rope,1902040/stand1,1902040/tired,1902040/walk1,info/icon,info/iconRaw			
C TRUE OVERLAP (same field, both moved)	Character	Character.wz/TamingMob/01912034.img	OVERLAP	1902041,info	1902041,info	1902041,info	1902041/fly,1902041/jump,1902041/prone,1902041/stand1,1902041/tired,1902041/walk1,info/icon,info/iconRaw	1902041/ladder,1902041/rope	1902041/stand2	
C TRUE OVERLAP (same field, both moved)	Character	Character.wz/TamingMob/01912035.img	OVERLAP	1902042,info	1902042,info	1902042,info	1902042/fly,1902042/jump,1902042/ladder,1902042/prone,1902042/rope,1902042/stand1,1902042/tired,1902042/walk1,info/icon,info/iconRaw		1902042/stand2	
C TRUE OVERLAP (same field, both moved)	Character	Character.wz/Weapon/01372044.img	OVERLAP	alert,fly,info,jump,proneStab,shoot1,shootF,stabO1,stabO2,stand1,swingO1,swingO2,swingO3,walk1	info	info	info/level	info/icon,info/iconRaw		
C TRUE OVERLAP (same field, both moved)	Character	Character.wz/Weapon/01372045.img	OVERLAP	alert,fly,info,jump,proneStab,shoot1,shootF,stabO1,stabO2,stand1,swingO1,swingO2,swingO3,walk1	info	info	info/level	info/icon,info/iconRaw		
C TRUE OVERLAP (same field, both moved)	Character	Character.wz/Weapon/01382057.img	OVERLAP	alert,fly,info,jump,proneStab,shoot1,shootF,stabO1,stabO2,stand1,swingO1,swingO2,swingO3,walk1	info	info	info/level	info/icon,info/iconRaw		
C TRUE OVERLAP (same field, both moved)	Character	Character.wz/Weapon/01382059.img	OVERLAP	alert,fly,info,jump,proneStab,shoot1,shootF,stabO1,stabO2,stand1,swingO1,swingO2,swingO3,walk1	info	info	info/level	info/icon,info/iconRaw		
C TRUE OVERLAP (same field, both moved)	Item	Item.wz/Consume/0228.img	OVERLAP	02280000,02280001,02280002,02280003,02280004,02280005,02280006,02280007,02280008,02280009,02280010,02280011,02280012,02280013,02280014,02280015,02280016,02280017,02280018,02280019,02280020,02280021,02280022,02280023,02280024,02280025	02280002,02280003,02280026,02280027,02280028,02280029	02280002,02280003	02280002/info,02280003/info			
C TRUE OVERLAP (same field, both moved)	Item	Item.wz/Consume/0229.img	OVERLAP	02290000,02290001,02290002,02290003,02290004,02290005,02290006,02290007,02290008,02290009,02290010,02290011,02290012,02290013,02290014,02290015,02290016,02290017,02290018,02290019,02290020,02290021,02290022,02290023,02290024,02290025,02290026,02290027,02290028,02290029,02290030,02290031,02290032,02290033,02290034,02290035,02290036,02290037,02290038,02290039,02290040,02290041,02290042,02290043,02290044,02290045,02290046,02290047,02290048,02290049,02290050,02290051,02290052,02290053,02290054,02290055,02290056,02290057,02290058,02290059,02290060,02290061,02290062,02290063,02290064,02290065,02290066,02290067,02290068,02290069,02290070,02290071,02290072,02290073,02290074,02290075,02290076,02290077,02290078,02290079,02290080,02290081,02290082,02290083,02290084,02290085,02290086,02290087,02290088,02290089,02290090,02290091,02290092,02290093,02290094,02290095,02290096,02290097,02290098,02290099,02290100,02290101,02290102,02290103,02290104,02290105,02290106,02290107,02290108,02290110,02290111,02290112,02290113,02290114,02290115,02290116,02290117,02290118,02290119,02290120,02290121,02290122,02290123,02290124,02290125,02290126,02290127,02290128,02290129,02290130,02290131,02290132,02290133,02290134,02290135,02290136,02290137,02290138,02290139	02290096,02290125,02290140,02290141,02290142,02290143,02290144,02290145,02290146,02290147,02290148,02290149,02290150,02290151,02290152	02290096,02290125	02290096/info,02290125/info			
C TRUE OVERLAP (same field, both moved)	Item	Item.wz/Etc/0403.img	OVERLAP	04031061,04031062,04031209,04031217,04031437,04031523,04031524,04031527,04031594,04031595,04031596,04031597,04031901,04031903,04031906,04031992,04032013,04032094,04032095,04032118,04032133,04032474	04031179,04032473,04032474,04032477,04032497,04032498,04032526,04032527,04032528,04032529,04032530,04032531,04032532,04032533,04032534,04032535,04032536,04032537,04032538,04032539,04032557,04032632,04032639	04032474	04032474/info			
C TRUE OVERLAP (same field, both moved)	Map	Map.wz/Map/Map1/101000000.img	OVERLAP	0,1,2,3,foothold,info,life,miniMap,ToolTip	life,miniMap,portal	life,miniMap	life/24,life/25,life/26,life/27,miniMap/canvas	life/0,life/1,life/10,life/11,life/12,life/13,life/14,life/15,life/16,life/17,life/18,life/19,life/2,life/20,life/21,life/22,life/23,life/3,life/4,life/5,life/6,life/7,life/8,life/9		
C TRUE OVERLAP (same field, both moved)	Map	Map.wz/Map/Map1/102000000.img	OVERLAP	2,3,4,5,foothold,info,life,miniMap,seat	life,miniMap,portal	life,miniMap	life/24,life/25,life/26,miniMap/canvas	life/0,life/1,life/10,life/11,life/12,life/13,life/14,life/15,life/16,life/17,life/18,life/19,life/2,life/20,life/21,life/22,life/23,life/3,life/4,life/5,life/6,life/7,life/8,life/9		
C TRUE OVERLAP (same field, both moved)	Map	Map.wz/Map/Map1/102000004.img	OVERLAP	1,back,foothold,life,portal	life	life	life/0,life/8	life/1,life/2,life/3,life/4,life/5,life/6,life/7		
C TRUE OVERLAP (same field, both moved)	Map	Map.wz/Map/Map1/103000000.img	OVERLAP	2,3,4,5,6,7,foothold,info,life,miniMap	life,portal	life	life/21,life/26,life/27	life/0,life/1,life/10,life/11,life/12,life/13,life/14,life/15,life/16,life/17,life/18,life/19,life/2,life/20,life/22,life/23,life/24,life/25,life/28,life/3,life/4,life/5,life/6,life/7,life/8,life/9		
C TRUE OVERLAP (same field, both moved)	Map	Map.wz/Map/Map1/120000105.img	OVERLAP	back,foothold,life,portal	0,1,foothold,ladderRope,life,portal	foothold,life,portal	foothold/1,life/0,life/1,life/10,life/2,life/3,life/4,life/5,life/6,life/7,life/8,life/9	portal/2	foothold/0,portal/1	
C TRUE OVERLAP (same field, both moved)	Map	Map.wz/Map/Map1/130000000.img	OVERLAP	2,3,foothold,life,miniMap,portal	1,miniMap	miniMap	miniMap/canvas			
C TRUE OVERLAP (same field, both moved)	Map	Map.wz/Map/Map1/130000101.img	OVERLAP	life	2,3,4,foothold,ladderRope,life,miniMap	life	life/50	life/0,life/1,life/10,life/11,life/12,life/13,life/14,life/15,life/16,life/17,life/18,life/19,life/2,life/20,life/21,life/22,life/23,life/24,life/25,life/26,life/27,life/28,life/29,life/3,life/30,life/31,life/32,life/33,life/34,life/35,life/36,life/37,life/38,life/39,life/4,life/40,life/41,life/42,life/43,life/44,life/45,life/46,life/47,life/48,life/49,life/5,life/6,life/7,life/8,life/9		
C TRUE OVERLAP (same field, both moved)	Map	Map.wz/Map/Map2/250000000.img	OVERLAP	0,1,2,3,4,5,foothold,life,miniMap,portal,seat	life,portal	life,portal	life/17,life/21,portal/15	life/0,life/1,life/10,life/11,life/12,life/13,life/14,life/15,life/16,life/18,life/19,life/2,life/20,life/3,life/4,life/5,life/6,life/7,life/8,life/9	portal/11,portal/12,portal/13,portal/14,portal/16,portal/17,portal/18,portal/19,portal/20,portal/21,portal/22,portal/23,portal/24,portal/25,portal/26,portal/27,portal/28	
C TRUE OVERLAP (same field, both moved)	Map	Map.wz/Map/Map2/251000000.img	OVERLAP	4,foothold,life,miniMap,portal	life,portal	life,portal	life/13,life/14,life/15,portal/8	life/0,life/1,life/10,life/11,life/12,life/2,life/3,life/4,life/5,life/6,life/7,life/8,life/9	portal/10,portal/11,portal/12,portal/13,portal/14,portal/15,portal/7,portal/9	
C TRUE OVERLAP (same field, both moved)	Map	Map.wz/Map/Map2/261000000.img	OVERLAP	2,3,4,6,foothold,life,miniMap,portal,seat	portal	portal	portal/29,portal/39		portal/15,portal/16,portal/17,portal/18,portal/19,portal/20,portal/21,portal/22,portal/23,portal/24,portal/25,portal/26,portal/27,portal/28,portal/30,portal/31,portal/32,portal/33,portal/34,portal/35,portal/36,portal/37,portal/38,portal/40,portal/41,portal/42,portal/43	
C TRUE OVERLAP (same field, both moved)	Map	Map.wz/WorldMap/WorldMap.img	OVERLAP	BaseImg,MapLink,MapList	MapList	MapList	MapList/1	MapList/0,MapList/10,MapList/11,MapList/12,MapList/13,MapList/14,MapList/16,MapList/2,MapList/22,MapList/23,MapList/24,MapList/25,MapList/26,MapList/27,MapList/28,MapList/29,MapList/30,MapList/31,MapList/32,MapList/33,MapList/4,MapList/6,MapList/9		
C TRUE OVERLAP (same field, both moved)	Map	Map.wz/WorldMap/WorldMap010.img	OVERLAP	BaseImg,MapLink,MapList	BaseImg,MapList	BaseImg,MapList	BaseImg/0,MapList/93,MapList/94	MapList/100,MapList/101,MapList/102,MapList/103,MapList/104,MapList/105,MapList/106,MapList/107,MapList/3,MapList/5,MapList/91,MapList/95,MapList/96,MapList/97,MapList/98,MapList/99	MapList/8	
C TRUE OVERLAP (same field, both moved)	Quest	Quest.wz/QuestInfo.img	OVERLAP	1044,1301,2057,2065,2066,20718,2144,2158,2198,2246,28283,28344,29510,3004,3097,3329,3330,3442,3443,3925,4507,4508,4509,4510,4511,4512,4513,4522,4523,4541,4936,6031,6271,7778,8010,8012,8206,8248,8249,8251,8254,9986	1000,10000,10001,10002,10005,10007,10008,1001,10010,10011,10012,10014,10015,10016,10017,10018,10019,10021,10023,1003,10030,10031,10032,10033,10035,10039,1004,10046,10048,1005,10050,10051,10053,10054,10055,10056,10059,1006,10060,1007,1008,10080,10081,1009,1010,10104,10105,10106,10109,1011,10111,10112,10113,10114,1012,1013,1014,1015,1016,1017,1018,1019,1020,10200,1021,1022,1023,10230,1024,10240,10241,10242,10243,10244,10245,10246,10247,10248,10249,1025,10250,10251,10252,1026,10260,10261,10262,10263,10264,10265,10266,10267,10268,1027,10270,10271,10272,1028,10282,10283,10284,1029,1030,10300,10301,1031,1032,1033,1034,10340,10341,10342,10343,10344,10345,10346,10347,10348,10349,1035,10350,10351,10352,10353,10354,10355,10356,1036,1037,1038,1039,1040,1041,1042,1043,10430,10431,10432,10433,10434,10435,10436,10437,10438,10439,1044,10440,10441,10442,10443,10444,10445,1045,10450,10451,10452,10453,10454,10455,10456,10457,10458,10459,1046,10480,10481,10482,10483,10484,10485,10486,10487,1049,10490,10491,10492,10493,10494,10496,10497,1050,10500,10501,10502,10503,10504,10505,10506,10507,1051,10510,10514,10516,1052,10520,10521,1053,1115,1116,1117,1118,1119,1120,1121,1122,1123,1124,1206,1301,19001,19006,19011,2000,20000,20001,20002,20003,20004,20005,20006,20007,20008,2001,20011,20012,20013,20014,20017,20018,20019,2002,20020,2003,2004,2005,2006,2007,2008,2009,2010,20100,20101,20102,20103,20104,20105,2011,2012,2013,2014,2015,2016,2017,2018,2019,2020,20200,20201,20202,20203,20204,20205,2021,2022,2023,2029,20311,2034,20500,20501,20502,20503,20504,20505,20506,20507,20508,20509,20510,20511,20512,20702,20703,20704,2077,2078,2079,2080,2081,2136,2137,2138,2140,2141,2142,2154,2161,22000,22001,22002,22003,22004,22005,22006,22007,22008,22009,22010,22100,22101,22102,22103,22104,22105,22106,22107,22108,22109,2212,22300,22400,22401,22402,22403,22404,22405,22406,22407,22408,22409,22410,22411,22412,22413,22500,22501,22502,22503,22504,22505,22506,22507,22508,22509,22510,22511,22512,22513,22514,22515,22516,22517,22518,22519,22520,22521,22522,22523,22524,22525,22526,22527,22528,22529,22530,22531,22532,22533,22534,22535,22536,22537,22538,22539,22540,22541,22542,22543,22544,22545,22546,22547,22548,22549,22550,22551,22552,22553,22554,22555,22556,22557,22558,22559,22560,22561,22562,22563,22564,22565,22566,22567,22568,22569,22570,22571,22572,22573,22574,22575,22576,22577,22578,22579,22580,22581,22582,22583,22584,22585,22586,22587,22588,22589,22590,22591,22592,22593,22594,22595,22596,22602,22603,2344,28188,28189,28194,28198,28237,28280,28284,28285,28286,28326,28327,28328,28329,28346,28347,28348,28349,28350,28351,28353,28354,28355,28356,28357,28358,28359,28360,28361,28362,28363,28364,28365,29000,29001,29004,29900,29901,29902,29903,29934,29935,29936,29937,29938,29939,29940,3025,3104,3540,3625,3626,3627,3628,3631,3634,3640,3756,3757,3758,3759,3760,3761,3900,3901,3902,3903,3904,3905,3906,3907,3908,3909,3910,3911,3912,3913,3914,3915,3916,3917,3918,3919,3920,3921,3922,3923,3924,3925,3926,3927,3928,3929,3930,3931,3932,3933,3934,3935,3936,3937,3938,3939,3940,3941,3942,3943,3944,3945,3946,3947,3948,3949,3950,3951,3952,3953,3954,4513,4900,4901,4902,4903,4904,4905,4906,4907,4908,4909,4910,4911,6007,6010,6101,6700,6910,6920,9012,9260,9370,9371,9372,9380,9381,9382,9383,9384,9385,9416,9630,9631,9632,9633,9635,9636,9637,9638,9991	1044,1301,3925,4513	1044/1,1044/2,3925/2,4513/1	1301/0,4513/0,4513/2	1301/1,3925/0,3925/1	
C TRUE OVERLAP (same field, both moved)	Skill	Skill.wz/MobSkill.img	OVERLAP	132,200	100,110,114,115,122,123,125,126,127,128,133,137,140,145,200	200	200/level			
C TRUE OVERLAP (same field, both moved)	String	String.wz/Eqp.img	OVERLAP	Eqp	Eqp	Eqp	Eqp/Accessory,Eqp/Cap,Eqp/Cape,Eqp/Coat,Eqp/Dragon,Eqp/Glove,Eqp/Hair,Eqp/Longcoat,Eqp/Pants,Eqp/PetEquip,Eqp/Shield,Eqp/Shoes,Eqp/Taming,Eqp/Weapon	Eqp/Face	Eqp/Ring	
C TRUE OVERLAP (same field, both moved)	String	String.wz/Etc.img	OVERLAP	Etc	Etc	Etc	Etc/4032141,Etc/4161049,Etc/4161050,Etc/4161051	Etc/4000175,Etc/4000275,Etc/4001000,Etc/4001141,Etc/4001150,Etc/4001175,Etc/4010007,Etc/4020006,Etc/4020007,Etc/4020008,Etc/4031092,Etc/4031148,Etc/4031294,Etc/4031627,Etc/4031628,Etc/4031629,Etc/4031630,Etc/4031631,Etc/4031632,Etc/4031633,Etc/4031634,Etc/4031635,Etc/4031636,Etc/4031637,Etc/4031638,Etc/4031639,Etc/4031640,Etc/4031641,Etc/4031642,Etc/4031643,Etc/4031644,Etc/4031645,Etc/4031646,Etc/4031647,Etc/4031648,Etc/4031703,Etc/4031704,Etc/4031705,Etc/4031706,Etc/4031708,Etc/4031709,Etc/4031795,Etc/4031867,Etc/4032526,Etc/4161999	Etc/4000330,Etc/4000331,Etc/4000566,Etc/4000567,Etc/4000568,Etc/4000569,Etc/4000570,Etc/4000571,Etc/4001170,Etc/4001171,Etc/4001172,Etc/4001173,Etc/4001326,Etc/4001327,Etc/4001328,Etc/4001329,Etc/4001330,Etc/4001331,Etc/4001332,Etc/4001395,Etc/4001399,Etc/4001401,Etc/4001402,Etc/4001434,Etc/4001435,Etc/4031001,Etc/4031035,Etc/4031772,Etc/4031869,Etc/4031870,Etc/4031901,Etc/4031993,Etc/4032491,Etc/4032492,Etc/4032495,Etc/4032527,Etc/4032528,Etc/4032529,Etc/4032530,Etc/4032531,Etc/4032532,Etc/4032533,Etc/4032534,Etc/4032535,Etc/4032536,Etc/4032537,Etc/4032538,Etc/4032539,Etc/4032557,Etc/4032632,Etc/4032639,Etc/4161052,Etc/4310001	
C TRUE OVERLAP (same field, both moved)	String	String.wz/Ins.img	OVERLAP	3010022,3010023,3010024,3010026,3010028,3010044,3994016,3994119,3994142,3994143,3994144,3994145,3994146,3994147,3994148,3994149,3994150,3994151,3994152,3994153,3994154,3994155,3994156,3994157,3994158,3994159,3994160,3994161,3994162,3994163,3994164,3994165,3994166,3994167,3994168,3994169,3994170,3994171,3994172,3994173,3994174,3994175,3994176,3994177,3994178,3994179,3994180	3010097,3010107,3010108,3010120,3994096,3994097,3994098,3994099,3994100,3994103,3994104,3994105,3994179,3994180,3994184,3994185,3994186,3994187	3994179,3994180	3994179/desc,3994179/name,3994180/desc,3994180/name			
D WHOLESALE (overlap too wide to drill)	Character	Character.wz/Glove/01082262.img	OVERLAP	alert,fly,info,jump,proneStab,shoot1,shoot2,shootF,sit,stabO1,stabO2,stabOF,stabT1,stabT2,stabTF,stand1,stand2,swingO1,swingO2,swingO3,swingOF,swingP1,swingP2,swingPF,swingT1,swingT2,swingT3,swingTF,walk1,walk2	alert,fly,info,jump,ladder,proneStab,rope,shoot1,shoot2,shootF,sit,stabO1,stabO2,stabOF,stabT1,stabT2,stabTF,stand1,stand2,swingO1,swingO2,swingO3,swingOF,swingP1,swingP2,swingPF,swingT1,swingT2,swingT3,swingTF,walk1,walk2	alert,fly,info,jump,proneStab,shoot1,shoot2,shootF,sit,stabO1,stabO2,stabOF,stabT1,stabT2,stabTF,stand1,stand2,swingO1,swingO2,swingO3,swingOF,swingP1,swingP2,swingPF,swingT1,swingT2,swingT3,swingTF,walk1,walk2				
D WHOLESALE (overlap too wide to drill)	Character	Character.wz/TamingMob/01902040.img	OVERLAP	fly,info,jump,ladder,prone,rope,stand1,tired,walk1	fly,info,jump,ladder,prone,rope,stand1,stand2,tired,walk1,walk2	fly,info,jump,ladder,prone,rope,stand1,tired,walk1				
D WHOLESALE (overlap too wide to drill)	Character	Character.wz/TamingMob/01902041.img	OVERLAP	fly,info,jump,ladder,prone,rope,stand1,tired,walk1	fly,info,jump,ladder,prone,rope,stand1,stand2,tired,walk1,walk2	fly,info,jump,ladder,prone,rope,stand1,tired,walk1				
D WHOLESALE (overlap too wide to drill)	Character	Character.wz/TamingMob/01902042.img	OVERLAP	fly,info,jump,ladder,prone,rope,stand1,tired,walk1	fly,info,jump,ladder,prone,rope,stand1,stand2,tired,walk1,walk2	fly,info,jump,ladder,prone,rope,stand1,tired,walk1				
D WHOLESALE (overlap too wide to drill)	Character	Character.wz/Weapon/01382058.img	OVERLAP	alert,fly,info,jump,proneStab,shoot1,shootF,stabO1,stabO2,stabOF,stand1,swingO1,swingO2,swingO3,swingOF,walk1	alert,fly,info,jump,proneStab,shoot1,shootF,stabO1,stabO2,stabOF,stand1,swingO1,swingO2,swingO3,swingOF,walk1	alert,fly,info,jump,proneStab,shoot1,shootF,stabO1,stabO2,stabOF,stand1,swingO1,swingO2,swingO3,swingOF,walk1				
D WHOLESALE (overlap too wide to drill)	Character	Character.wz/Weapon/01452058.img	OVERLAP	alert,fly,info,jump,proneStab,shoot1,shootF,stabO1,stabO2,stabOF,stand1,swingO1,swingO2,swingO3,swingOF,swingT1,swingT3,walk1	alert,fly,heal,info,jump,proneStab,shoot1,shootF,stabO1,stabO2,stabOF,stand1,swingO1,swingO2,swingO3,swingOF,swingT1,swingT3,walk1	alert,fly,info,jump,proneStab,shoot1,shootF,stabO1,stabO2,stabOF,stand1,swingO1,swingO2,swingO3,swingOF,swingT1,swingT3,walk1				
D WHOLESALE (overlap too wide to drill)	Character	Character.wz/Weapon/01472069.img	OVERLAP	alert,fly,info,jump,proneStab,stabO1,stabO2,stabOF,stand1,swingO1,swingO2,swingO3,swingOF,walk1	alert,fly,info,jump,proneStab,stabO1,stabO2,stabOF,stand1,swingO1,swingO2,swingO3,swingOF,walk1	alert,fly,info,jump,proneStab,stabO1,stabO2,stabOF,stand1,swingO1,swingO2,swingO3,swingOF,walk1				
D WHOLESALE (overlap too wide to drill)	Character	Character.wz/Weapon/01492024.img	OVERLAP	alert,fly,info,jump,proneStab,shoot1,shoot2,shootF,stabO1,stabO2,stabOF,stabT1,stabT2,stabTF,stand1,swingO1,swingO2,swingO3,swingOF,swingP1,swingP2,swingPF,swingT1,swingT2,swingT3,swingTF,walk1	alert,fly,heal,info,jump,proneStab,shoot1,shoot2,shootF,stabO1,stabO2,stabOF,stabT1,stabT2,stabTF,stand1,swingO1,swingO2,swingO3,swingOF,swingP1,swingP2,swingPF,swingT1,swingT2,swingT3,swingTF,walk1	alert,fly,info,jump,proneStab,shoot1,shoot2,shootF,stabO1,stabO2,stabOF,stabT1,stabT2,stabTF,stand1,swingO1,swingO2,swingO3,swingOF,swingP1,swingP2,swingPF,swingT1,swingT2,swingT3,swingTF,walk1				
D WHOLESALE (overlap too wide to drill)	Etc	Etc.wz/Commodity.img	OVERLAP	4713,615,7595,7596,7597,7598,7599,7600,7601,7602,7784,7785,7885,7887,7888,7970,7971,7992,7993,7994,7995,8019,8020,8021,8166,8941,8942,8943,8944,8945,8946	0,1,10,100,1000,1001,1002,1003,1004,1005,1006,1007,1008,1009,101,1010,1011,1012,1013,1014,1015,1016,1017,1018,1019,102,1020,1021,1022,1023,1024,1025,1026,1027,1028,1029,103,1030,1031,1032,1033,1034,1035,1036,1037,1038,1039,104,1040,1041,1042,1043,1044,1045,1046,1047,1048,1049,105,1050,1051,1052,1053,1054,1055,1056,1057,1058,1059,106,1060,1061,1062,1063,1064,1065,1066,1067,1068,1069,107,1070,1071,1072,1073,1074,1075,1076,1077,1078,1079,108,1080,1081,1082,1083,1084,1085,1086,1087,1088,1089,109,1090,1091,1092,1093,1094,1095,1096,1097,1098,1099,11,110,1100,1101,1102,1103,1104,1105,1106,1107,1108,1109,111,1110,1111,1112,1113,1114,1115,1116,1117,1118,1119,112,1120,1121,1122,1123,1124,1125,1126,1127,1128,1129,113,1130,1131,1132,1133,1134,1135,1136,1137,1138,1139,114,1140,1141,1142,1143,1144,1145,1146,1147,1148,1149,115,1150,1151,1152,1153,1154,1155,1156,1157,1158,1159,116,1160,1161,1162,1163,1164,1165,1166,1167,1168,1169,117,1170,1171,1172,1173,1174,1175,1176,1177,1178,1179,118,1180,1181,1182,1183,1184,1185,1186,1187,1188,1189,119,1190,1191,1192,1193,1194,1195,1196,1197,1198,1199,12,120,1200,1201,1202,1203,1204,1205,1206,1207,1208,1209,121,1210,1211,1212,1213,1214,1215,1216,1217,1218,1219,122,1220,1221,1222,1223,1224,1225,1226,1227,1228,1229,123,1230,1231,1232,1233,1234,1235,1236,1237,1238,1239,124,1240,1241,1242,1243,1244,1245,1246,1247,1248,1249,125,1250,1251,1252,1253,1254,1255,1256,1257,1258,1259,126,1260,1261,1262,1263,1264,1265,1266,1267,1268,1269,127,1270,1271,1272,1273,1274,1275,1276,1277,1278,1279,128,1280,1281,1282,1283,1284,1285,1286,1287,1288,1289,129,1290,1291,1292,1293,1294,1295,1296,1297,1298,1299,13,130,1300,1301,1302,1303,1304,1305,1306,1307,1308,1309,131,1310,1311,1312,1313,1314,1315,1316,1317,1318,1319,132,1320,1321,1322,1323,1324,1325,1326,1327,1328,1329,133,1330,1331,1332,1333,1334,1335,1336,1337,1338,1339,134,1340,1341,1342,1343,1344,1345,1346,1347,1348,1349,135,1350,1351,1352,1353,1354,1355,1356,1357,1358,1359,136,1360,1361,1362,1363,1364,1365,1366,1367,1368,1369,137,1370,1371,1372,1373,1374,1375,1376,1377,1378,1379,138,1380,1381,1382,1383,1384,1385,1386,1387,1388,1389,139,1390,1391,1392,1393,1394,1395,1396,1397,1398,1399,14,140,1400,1401,1402,1403,1404,1405,1406,1407,1408,1409,141,1410,1411,1412,1413,1414,1415,1416,1417,1418,1419,142,1420,1421,1422,1423,1424,1425,1426,1427,1428,1429,143,1430,1431,1432,1433,1434,1435,1436,1437,1438,1439,144,1440,1441,1442,1443,1444,1445,1446,1447,1448,1449,145,1450,1451,1452,1453,1454,1455,1456,1457,1458,1459,146,1460,1461,1462,1463,1464,1465,1466,1467,1468,1469,147,1470,1471,1472,1473,1474,1475,1476,1477,1478,1479,148,1480,1481,1482,1483,1484,1485,1486,1487,1488,1489,149,1490,1491,1492,1493,1494,1495,1496,1497,1498,1499,15,150,1500,1501,1502,1503,1504,1505,1506,1507,1508,1509,151,1510,1511,1512,1513,1514,1515,1516,1517,1518,1519,152,1520,1521,1522,1523,1524,1525,1526,1527,1528,1529,153,1530,1531,1532,1533,1534,1535,1536,1537,1538,1539,154,1540,1541,1542,1543,1544,1545,1546,1547,1548,1549,155,1550,1551,1552,1553,1554,1555,1556,1557,1558,1559,156,1560,1561,1562,1563,1564,1565,1566,1567,1568,1569,157,1570,1571,1572,1573,1574,1575,1576,1577,1578,1579,158,1580,1581,1582,1583,1584,1585,1586,1587,1588,1589,159,1590,1591,1592,1593,1594,1595,1596,1597,1598,1599,16,160,1600,1601,1602,1603,1604,1605,1606,1607,1608,1609,161,1610,1611,1612,1613,1614,1615,1616,1617,1618,1619,162,1620,1621,1622,1623,1624,1625,1626,1627,1628,1629,163,1630,1631,1632,1633,1634,1635,1636,1637,1638,1639,164,1640,1641,1642,1643,1644,1645,1646,1647,1648,1649,165,1650,1651,1652,1653,1654,1655,1656,1657,1658,1659,166,1660,1661,1662,1663,1664,1665,1666,1667,1668,1669,167,1670,1671,1672,1673,1674,1675,1676,1677,1678,1679,168,1680,1681,1682,1683,1684,1685,1686,1687,1688,1689,169,1690,1691,1692,1693,1694,1695,1696,1697,1698,1699,17,170,1700,1701,1702,1703,1704,1705,1706,1707,1708,1709,171,1710,1711,1712,1713,1714,1715,1716,1717,1718,1719,172,1720,1721,1722,1723,1724,1725,1726,1727,1728,1729,173,1730,1731,1732,1733,1734,1735,1736,1737,1738,1739,174,1740,1741,1742,1743,1744,1745,1746,1747,1748,1749,175,1750,1751,1752,1753,1754,1755,1756,1757,1758,1759,176,1760,1761,1762,1763,1764,1765,1766,1767,1768,1769,177,1770,1771,1772,1773,1774,1775,1776,1777,1778,1779,178,1780,1781,1782,1783,1784,1785,1786,1787,1788,1789,179,1790,1791,1792,1793,1794,1795,1796,1797,1798,1799,18,180,1800,1801,1802,1803,1804,1805,1806,1807,1808,1809,181,1810,1811,1812,1813,1814,1815,1816,1817,1818,1819,182,1820,1821,1822,1823,1824,1825,1826,1827,1828,1829,183,1830,1831,1832,1833,1834,1835,1836,1837,1838,1839,184,1840,1841,1842,1843,1844,1845,1846,1847,1848,1849,185,1850,1851,1852,1853,1854,1855,1856,1857,1858,1859,186,1860,1861,1862,1863,1864,1865,1866,1867,1868,1869,187,1870,1871,1872,1873,1874,1875,1876,1877,1878,1879,188,1880,1881,1882,1883,1884,1885,1886,1887,1888,1889,189,1890,1891,1892,1893,1894,1895,1896,1897,1898,1899,19,190,1900,1901,1902,1903,1904,1905,1906,1907,1908,1909,191,1910,1911,1912,1913,1914,1915,1916,1917,1918,1919,192,1920,1921,1922,1923,1924,1925,1926,1927,1928,1929,193,1930,1931,1932,1933,1934,1935,1936,1937,1938,1939,194,1940,1941,1942,1943,1944,1945,1946,1947,1948,1949,195,1950,1951,1952,1953,1954,1955,1956,1957,1958,1959,196,1960,1961,1962,1963,1964,1965,1966,1967,1968,1969,197,1970,1971,1972,1973,1974,1975,1976,1977,1978,1979,198,1980,1981,1982,1983,1984,1985,1986,1987,1988,1989,199,1990,1991,1992,1993,1994,1995,1996,1997,1998,1999,2,20,200,2000,2001,2002,2003,2004,2005,2006,2007,2008,2009,201,2010,2011,2012,2013,2014,2015,2016,2017,2018,2019,202,2020,2021,2022,2023,2024,2025,2026,2027,2028,2029,203,2030,2031,2032,2033,2034,2035,2036,2037,2038,2039,204,2040,2041,2042,2043,2044,2045,2046,2047,2048,2049,205,2050,2051,2052,2053,2054,2055,2056,2057,2058,2059,206,2060,2061,2062,2063,2064,2065,2066,2067,2068,2069,207,2070,2071,2072,2073,2074,2075,2076,2077,2078,2079,208,2080,2081,2082,2083,2084,2085,2086,2087,2088,2089,209,2090,2091,2092,2093,2094,2095,2096,2097,2098,2099,21,210,2100,2101,2102,2103,2104,2105,2106,2107,2108,2109,211,2110,2111,2112,2113,2114,2115,2116,2117,2118,2119,212,2120,2121,2122,2123,2124,2125,2126,2127,2128,2129,213,2130,2131,2132,2133,2134,2135,2136,2137,2138,2139,214,2140,2141,2142,2143,2144,2145,2146,2147,2148,2149,215,2150,2151,2152,2153,2154,2155,2156,2157,2158,2159,216,2160,2161,2162,2163,2164,2165,2166,2167,2168,2169,217,2170,2171,2172,2173,2174,2175,2176,2177,2178,2179,218,2180,2181,2182,2183,2184,2185,2186,2187,2188,2189,219,2190,2191,2192,2193,2194,2195,2196,2197,2198,2199,22,220,2200,2201,2202,2203,2204,2205,2206,2207,2208,2209,221,2210,2211,2212,2213,2214,2215,2216,2217,2218,2219,222,2220,2221,2222,2223,2224,2225,2226,2227,2228,2229,223,2230,2231,2232,2233,2234,2235,2236,2237,2238,2239,224,2240,2241,2242,2243,2244,2245,2246,2247,2248,2249,225,2250,2251,2252,2253,2254,2255,2256,2257,2258,2259,226,2260,2261,2262,2263,2264,2265,2266,2267,2268,2269,227,2270,2271,2272,2273,2274,2275,2276,2277,2278,2279,228,2280,2281,2282,2283,2284,2285,2286,2287,2288,2289,229,2290,2291,2292,2293,2294,2295,2296,2297,2298,2299,23,230,2300,2301,2302,2303,2304,2305,2306,2307,2308,2309,231,2310,2311,2312,2313,2314,2315,2316,2317,2318,2319,232,2320,2321,2322,2323,2324,2325,2326,2327,2328,2329,233,2330,2331,2332,2333,2334,2335,2336,2337,2338,2339,234,2340,2341,2342,2343,2344,2345,2346,2347,2348,2349,235,2350,2351,2352,2353,2354,2355,2356,2357,2358,2359,236,2360,2361,2362,2363,2364,2365,2366,2367,2368,2369,237,2370,2371,2372,2373,2374,2375,2376,2377,2378,2379,238,2380,2381,2382,2383,2384,2385,2386,2387,2388,2389,239,2390,2391,2392,2393,2394,2395,2396,2397,2398,2399,24,240,2400,2401,2402,2403,2404,2405,2406,2407,2408,2409,241,2410,2411,2412,2413,2414,2415,2416,2417,2418,2419,242,2420,2421,2422,2423,2424,2425,2426,2427,2428,2429,243,2430,2431,2432,2433,2434,2435,2436,2437,2438,2439,244,2440,2441,2442,2443,2444,2445,2446,2447,2448,2449,245,2450,2451,2452,2453,2454,2455,2456,2457,2458,2459,246,2460,2461,2462,2463,2464,2465,2466,2467,2468,2469,247,2470,2471,2472,2473,2474,2475,2476,2477,2478,2479,248,2480,2481,2482,2483,2484,2485,2486,2487,2488,2489,249,2490,2491,2492,2493,2494,2495,2496,2497,2498,2499,25,250,2500,2501,2502,2503,2504,2505,2506,2507,2508,2509,251,2510,2511,2512,2513,2514,2515,2516,2517,2518,2519,252,2520,2521,2522,2523,2524,2525,2526,2527,2528,2529,253,2530,2531,2532,2533,2534,2535,2536,2537,2538,2539,254,2540,2541,2542,2543,2544,2545,2546,2547,2548,2549,255,2550,2551,2552,2553,2554,2555,2556,2557,2558,2559,256,2560,2561,2562,2563,2564,2565,2566,2567,2568,2569,257,2570,2571,2572,2573,2574,2575,2576,2577,2578,2579,258,2580,2581,2582,2583,2584,2585,2586,2587,2588,2589,259,2590,2591,2592,2593,2594,2595,2596,2597,2598,2599,26,260,2600,2601,2602,2603,2604,2605,2606,2607,2608,2609,261,2610,2611,2612,2613,2614,2615,2616,2617,2618,2619,262,2620,2621,2622,2623,2624,2625,2626,2627,2628,2629,263,2630,2631,2632,2633,2634,2635,2636,2637,2638,2639,264,2640,2641,2642,2643,2644,2645,2646,2647,2648,2649,265,2650,2651,2652,2653,2654,2655,2656,2657,2658,2659,266,2660,2661,2662,2663,2664,2665,2666,2667,2668,2669,267,2670,2671,2672,2673,2674,2675,2676,2677,2678,2679,268,2680,2681,2682,2683,2684,2685,2686,2687,2688,2689,269,2690,2691,2692,2693,2694,2695,2696,2697,2698,2699,27,270,2700,2701,2702,2703,2704,2705,2706,2707,2708,2709,271,2710,2711,2712,2713,2714,2715,2716,2717,2718,2719,272,2720,2721,2722,2723,2724,2725,2726,2727,2728,2729,273,2730,2731,2732,2733,2734,2735,2736,2737,2738,2739,274,2740,2741,2742,2743,2744,2745,2746,2747,2748,2749,275,2750,2751,2752,2753,2754,2755,2756,2757,2758,2759,276,2760,2761,2762,2763,2764,2765,2766,2767,2768,2769,277,2770,2771,2772,2773,2774,2775,2776,2777,2778,2779,278,2780,2781,2782,2783,2784,2785,2786,2787,2788,2789,279,2790,2791,2792,2793,2794,2795,2796,2797,2798,2799,28,280,2800,2801,2802,2803,2804,2805,2806,2807,2808,2809,281,2810,2811,2812,2813,2814,2815,2816,2817,2818,2819,282,2820,2821,2822,2823,2824,2825,2826,2827,2828,2829,283,2830,2831,2832,2833,2834,2835,2836,2837,2838,2839,284,2840,2841,2842,2843,2844,2845,2846,2847,2848,2849,285,2850,2851,2852,2853,2854,2855,2856,2857,2858,2859,286,2860,2861,2862,2863,2864,2865,2866,2867,2868,2869,287,2870,2871,2872,2873,2874,2875,2876,2877,2878,2879,288,2880,2881,2882,2883,2884,2885,2886,2887,2888,2889,289,2890,2891,2892,2893,2894,2895,2896,2897,2898,2899,29,290,2900,2901,2902,2903,2904,2905,2906,2907,2908,2909,291,2910,2911,2912,2913,2914,2915,2916,2917,2918,2919,292,2920,2921,2922,2923,2924,2925,2926,2927,2928,2929,293,2930,2931,2932,2933,2934,2935,2936,2937,2938,2939,294,2940,2941,2942,2943,2944,2945,2946,2947,2948,2949,295,2950,2951,2952,2953,2954,2955,2956,2957,2958,2959,296,2960,2961,2962,2963,2964,2965,2966,2967,2968,2969,297,2970,2971,2972,2973,2974,2975,2976,2977,2978,2979,298,2980,2981,2982,2983,2984,2985,2986,2987,2988,2989,299,2990,2991,2992,2993,2994,2995,2996,2997,2998,2999,3,30,300,3000,3001,3002,3003,3004,3005,3006,3007,3008,3009,301,3010,3011,3012,3013,3014,3015,3016,3017,3018,3019,302,3020,3021,3022,3023,3024,3025,3026,3027,3028,3029,303,3030,3031,3032,3033,3034,3035,3036,3037,3038,3039,304,3040,3041,3042,3043,3044,3045,3046,3047,3048,3049,305,3050,3051,3052,3053,3054,3055,3056,3057,3058,3059,306,3060,3061,3062,3063,3064,3065,3066,3067,3068,3069,307,3070,3071,3072,3073,3074,3075,3076,3077,3078,3079,308,3080,3081,3082,3083,3084,3085,3086,3087,3088,3089,309,3090,3091,3092,3093,3094,3095,3096,3097,3098,3099,31,310,3100,3101,3102,3103,3104,3105,3106,3107,3108,3109,311,3110,3111,3112,3113,3114,3115,3116,3117,3118,3119,312,3120,3121,3122,3123,3124,3125,3126,3127,3128,3129,313,3130,3131,3132,3133,3134,3135,3136,3137,3138,3139,314,3140,3141,3142,3143,3144,3145,3146,3147,3148,3149,315,3150,3151,3152,3153,3154,3155,3156,3157,3158,3159,316,3160,3161,3162,3163,3164,3165,3166,3167,3168,3169,317,3170,3171,3172,3173,3174,3175,3176,3177,3178,3179,318,3180,3181,3182,3183,3184,3185,3186,3187,3188,3189,319,3190,3191,3192,3193,3194,3195,3196,3197,3198,3199,32,320,3200,3201,3202,3203,3204,3205,3206,3207,3208,3209,321,3210,3211,3212,3213,3214,3215,3216,3217,3218,3219,322,3220,3221,3222,3223,3224,3225,3226,3227,3228,3229,323,3230,3231,3232,3233,3234,3235,3236,3237,3238,3239,324,3240,3241,3242,3243,3244,3245,3246,3247,3248,3249,325,3250,3251,3252,3253,3254,3255,3256,3257,3258,3259,326,3260,3261,3262,3263,3264,3265,3266,3267,3268,3269,327,3270,3271,3272,3273,3274,3275,3276,3277,3278,3279,328,3280,3281,3282,3283,3284,3285,3286,3287,3288,3289,329,3290,3291,3292,3293,3294,3295,3296,3297,3298,3299,33,330,3300,3301,3302,3303,3304,3305,3306,3307,3308,3309,331,3310,3311,3312,3313,3314,3315,3316,3317,3318,3319,332,3320,3321,3322,3323,3324,3325,3326,3327,3328,3329,333,3330,3331,3332,3333,3334,3335,3336,3337,3338,3339,334,3340,3341,3342,3343,3344,3345,3346,3347,3348,3349,335,3350,3351,3352,3353,3354,3355,3356,3357,3358,3359,336,3360,3361,3362,3363,3364,3365,3366,3367,3368,3369,337,3370,3371,3372,3373,3374,3375,3376,3377,3378,3379,338,3380,3381,3382,3383,3384,3385,3386,3387,3388,3389,339,3390,3391,3392,3393,3394,3395,3396,3397,3398,3399,34,340,3400,3401,3402,3403,3404,3405,3406,3407,3408,3409,341,3410,3411,3412,3413,3414,3415,3416,3417,3418,3419,342,3420,3421,3422,3423,3424,3425,3426,3427,3428,3429,343,3430,3431,3432,3433,3434,3435,3436,3437,3438,3439,344,3440,3441,3442,3443,3444,3445,3446,3447,3448,3449,345,3450,3451,3452,3453,3454,3455,3456,3457,3458,3459,346,3460,3461,3462,3463,3464,3465,3466,3467,3468,3469,347,3470,3471,3472,3473,3474,3475,3476,3477,3478,3479,348,3480,3481,3482,3483,3484,3485,3486,3487,3488,3489,349,3490,3491,3492,3493,3494,3495,3496,3497,3498,3499,35,350,3500,3501,3502,3503,3504,3505,3506,3507,3508,3509,351,3510,3511,3512,3513,3514,3515,3516,3517,3518,3519,352,3520,3521,3522,3523,3524,3525,3526,3527,3528,3529,353,3530,3531,3532,3533,3534,3535,3536,3537,3538,3539,354,3540,3541,3542,3543,3544,3545,3546,3547,3548,3549,355,3550,3551,3552,3553,3554,3555,3556,3557,3558,3559,356,3560,3561,3562,3563,3564,3565,3566,3567,3568,3569,357,3570,3571,3572,3573,3574,3575,3576,3577,3578,3579,358,3580,3581,3582,3583,3584,3585,3586,3587,3588,3589,359,3590,3591,3592,3593,3594,3595,3596,3597,3598,3599,36,360,3600,3601,3602,3603,3604,3605,3606,3607,3608,3609,361,3610,3611,3612,3613,3614,3615,3616,3617,3618,3619,362,3620,3621,3622,3623,3624,3625,3626,3627,3628,3629,363,3630,3631,3632,3633,3634,3635,3636,3637,3638,3639,364,3640,3641,3642,3643,3644,3645,3646,3647,3648,3649,365,3650,3651,3652,3653,3654,3655,3656,3657,3658,3659,366,3660,3661,3662,3663,3664,3665,3666,3667,3668,3669,367,3670,3671,3672,3673,3674,3675,3676,3677,3678,3679,368,3680,3681,3682,3683,3684,3685,3686,3687,3688,3689,369,3690,3691,3692,3693,3694,3695,3696,3697,3698,3699,37,370,3700,3701,3702,3703,3704,3705,3706,3707,3708,3709,371,3710,3711,3712,3713,3714,3715,3716,3717,3718,3719,372,3720,3721,3722,3723,3724,3725,3726,3727,3728,3729,373,3730,3731,3732,3733,3734,3735,3736,3737,3738,3739,374,3740,3741,3742,3743,3744,3745,3746,3747,3748,3749,375,3750,3751,3752,3753,3754,3755,3756,3757,3758,3759,376,3760,3761,3762,3763,3764,3765,3766,3767,3768,3769,377,3770,3771,3772,3773,3774,3775,3776,3777,3778,3779,378,3780,3781,3782,3783,3784,3785,3786,3787,3788,3789,379,3790,3791,3792,3793,3794,3795,3796,3797,3798,3799,38,380,3800,3801,3802,3803,3804,3805,3806,3807,3808,3809,381,3810,3811,3812,3813,3814,3815,3816,3817,3818,3819,382,3820,3821,3822,3823,3824,3825,3826,3827,3828,3829,383,3830,3831,3832,3833,3834,3835,3836,3837,3838,3839,384,3840,3841,3842,3843,3844,3845,3846,3847,3848,3849,385,3850,3851,3852,3853,3854,3855,3856,3857,3858,3859,386,3860,3861,3862,3863,3864,3865,3866,3867,3868,3869,387,3870,3871,3872,3873,3874,3875,3876,3877,3878,3879,388,3880,3881,3882,3883,3884,3885,3886,3887,3888,3889,389,3890,3891,3892,3893,3894,3895,3896,3897,3898,3899,39,390,3900,3901,3902,3903,3904,3905,3906,3907,3908,3909,391,3910,3911,3912,3913,3914,3915,3916,3917,3918,3919,392,3920,3921,3922,3923,3924,3925,3926,3927,3928,3929,393,3930,3931,3932,3933,3934,3935,3936,3937,3938,3939,394,3940,3941,3942,3943,3944,3945,3946,3947,3948,3949,395,3950,3951,3952,3953,3954,3955,3956,3957,3958,3959,396,3960,3961,3962,3963,3964,3965,3966,3967,3968,3969,397,3970,3971,3972,3973,3974,3975,3976,3977,3978,3979,398,3980,3981,3982,3983,3984,3985,3986,3987,3988,3989,399,3990,3991,3992,3993,3994,3995,3996,3997,3998,3999,4,40,400,4000,4001,4002,4003,4004,4005,4006,4007,4008,4009,401,4010,4011,4012,4013,4014,4015,4016,4017,4018,4019,402,4020,4021,4022,4023,4024,4025,4026,4027,4028,4029,403,4030,4031,4032,4033,4034,4035,4036,4037,4038,4039,404,4040,4041,4042,4043,4044,4045,4046,4047,4048,4049,405,4050,4051,4052,4053,4054,4055,4056,4057,4058,4059,406,4060,4061,4062,4063,4064,4065,4066,4067,4068,4069,407,4070,4071,4072,4073,4074,4075,4076,4077,4078,4079,408,4080,4081,4082,4083,4084,4085,4086,4087,4088,4089,409,4090,4091,4092,4093,4094,4095,4096,4097,4098,4099,41,410,4100,4101,4102,4103,4104,4105,4106,4107,4108,4109,411,4110,4111,4112,4113,4114,4115,4116,4117,4118,4119,412,4120,4121,4122,4123,4124,4125,4126,4127,4128,4129,413,4130,4131,4132,4133,4134,4135,4136,4137,4138,4139,414,4140,4141,4142,4143,4144,4145,4146,4147,4148,4149,415,4150,4151,4152,4153,4154,4155,4156,4157,4158,4159,416,4160,4161,4162,4163,4164,4165,4166,4167,4168,4169,417,4170,4171,4172,4173,4174,4175,4176,4177,4178,4179,418,4180,4181,4182,4183,4184,4185,4186,4187,4188,4189,419,4190,4191,4192,4193,4194,4195,4196,4197,4198,4199,42,420,4200,4201,4202,4203,4204,4205,4206,4207,4208,4209,421,4210,4211,4212,4213,4214,4215,4216,4217,4218,4219,422,4220,4221,4222,4223,4224,4225,4226,4227,4228,4229,423,4230,4231,4232,4233,4234,4235,4236,4237,4238,4239,424,4240,4241,4242,4243,4244,4245,4246,4247,4248,4249,425,4250,4251,4252,4253,4254,4255,4256,4257,4258,4259,426,4260,4261,4262,4263,4264,4265,4266,4267,4268,4269,427,4270,4271,4272,4273,4274,4275,4276,4277,4278,4279,428,4280,4281,4282,4283,4284,4285,4286,4287,4288,4289,429,4290,4291,4292,4293,4294,4295,4296,4297,4298,4299,43,430,4300,4301,4302,4303,4304,4305,4306,4307,4308,4309,431,4310,4311,4312,4313,4314,4315,4316,4317,4318,4319,432,4320,4321,4322,4323,4324,4325,4326,4327,4328,4329,433,4330,4331,4332,4333,4334,4335,4336,4337,4338,4339,434,4340,4341,4342,4343,4344,4345,4346,4347,4348,4349,435,4350,4351,4352,4353,4354,4355,4356,4357,4358,4359,436,4360,4361,4362,4363,4364,4365,4366,4367,4368,4369,437,4370,4371,4372,4373,4374,4375,4376,4377,4378,4379,438,4380,4381,4382,4383,4384,4385,4386,4387,4388,4389,439,4390,4391,4392,4393,4394,4395,4396,4397,4398,4399,44,440,4400,4401,4402,4403,4404,4405,4406,4407,4408,4409,441,4410,4411,4412,4413,4414,4415,4416,4417,4418,4419,442,4420,4421,4422,4423,4424,4425,4426,4427,4428,4429,443,4430,4431,4432,4433,4434,4435,4436,4437,4438,4439,444,4440,4441,4442,4443,4444,4445,4446,4447,4448,4449,445,4450,4451,4452,4453,4454,4455,4456,4457,4458,4459,446,4460,4461,4462,4463,4464,4465,4466,4467,4468,4469,447,4470,4471,4472,4473,4474,4475,4476,4477,4478,4479,448,4480,4481,4482,4483,4484,4485,4486,4487,4488,4489,449,4490,4491,4492,4493,4494,4495,4496,4497,4498,4499,45,450,4500,4501,4502,4503,4504,4505,4506,4507,4508,4509,451,4510,4511,4512,4513,4514,4515,4516,4517,4518,4519,452,4520,4521,4522,4523,4524,4525,4526,4527,4528,4529,453,4530,4531,4532,4533,4534,4535,4536,4537,4538,4539,454,4540,4541,4542,4543,4544,4545,4546,4547,4548,4549,455,4550,4551,4552,4553,4554,4555,4556,4557,4558,4559,456,4560,4561,4562,4563,4564,4565,4566,4567,4568,4569,457,4570,4571,4572,4573,4574,4575,4576,4577,4578,4579,458,4580,4581,4582,4583,4584,4585,4586,4587,4588,4589,459,4590,4591,4592,4593,4594,4595,4596,4597,4598,4599,46,460,4600,4601,4602,4603,4604,4605,4606,4607,4608,4609,461,4610,4611,4612,4613,4614,4615,4616,4617,4618,4619,462,4620,4621,4622,4623,4624,4625,4626,4627,4628,4629,463,4630,4631,4632,4633,4634,4635,4636,4637,4638,4639,464,4640,4641,4642,4643,4644,4645,4646,4647,4648,4649,465,4650,4651,4652,4653,4654,4655,4656,4657,4658,4659,466,4660,4661,4662,4663,4664,4665,4666,4667,4668,4669,467,4670,4671,4672,4673,4674,4675,4676,4677,4678,4679,468,4680,4681,4682,4683,4684,4685,4686,4687,4688,4689,469,4690,4691,4692,4693,4694,4695,4696,4697,4698,4699,47,470,4700,4701,4702,4703,4704,4705,4706,4707,4708,4709,471,4710,4711,4712,4713,4714,4715,4716,4717,4718,4719,472,4720,4721,4722,4723,4724,4725,4726,4727,4728,4729,473,4730,4731,4732,4733,4734,4735,4736,4737,4738,4739,474,4740,4741,4742,4743,4744,4745,4746,4747,4748,4749,475,4750,4751,4752,4753,4754,4755,4756,4757,4758,4759,476,4760,4761,4762,4763,4764,4765,4766,4767,4768,4769,477,4770,4771,4772,4773,4774,4775,4776,4777,4778,4779,478,4780,4781,4782,4783,4784,4785,4786,4787,4788,4789,479,4790,4791,4792,4793,4794,4795,4796,4797,4798,4799,48,480,4800,4801,4802,4803,4804,4805,4806,4807,4808,4809,481,4810,4811,4812,4813,4814,4815,4816,4817,4818,4819,482,4820,4821,4822,4823,4824,4825,4826,4827,4828,4829,483,4830,4831,4832,4833,4834,4835,4836,4837,4838,4839,484,4840,4841,4842,4843,4844,4845,4846,4847,4848,4849,485,4850,4851,4852,4853,4854,4855,4856,4857,4858,4859,486,4860,4861,4862,4863,4864,4865,4866,4867,4868,4869,487,4870,4871,4872,4873,4874,4875,4876,4877,4878,4879,488,4880,4881,4882,4883,4884,4885,4886,4887,4888,4889,489,4890,4891,4892,4893,4894,4895,4896,4897,4898,4899,49,490,4900,4901,4902,4903,4904,4905,4906,4907,4908,4909,491,4910,4911,4912,4913,4914,4915,4916,4917,4918,4919,492,4920,4921,4922,4923,4924,4925,4926,4927,4928,4929,493,4930,4931,4932,4933,4934,4935,4936,4937,4938,4939,494,4940,4941,4942,4943,4944,4945,4946,4947,4948,4949,495,4950,4951,4952,4953,4954,4955,4956,4957,4958,4959,496,4960,4961,4962,4963,4964,4965,4966,4967,4968,4969,497,4970,4971,4972,4973,4974,4975,4976,4977,4978,4979,498,4980,4981,4982,4983,4984,4985,4986,4987,4988,4989,499,4990,4991,4992,4993,4994,4995,4996,4997,4998,4999,5,50,500,5000,5001,5002,5003,5004,5005,5006,5007,5008,5009,501,5010,5011,5012,5013,5014,5015,5016,5017,5018,5019,502,5020,5021,5022,5023,5024,5025,5026,5027,5028,5029,503,5030,5031,5032,5033,5034,5035,5036,5037,5038,5039,504,5040,5041,5042,5043,5044,5045,5046,5047,5048,5049,505,5050,5051,5052,5053,5054,5055,5056,5057,5058,5059,506,5060,5061,5062,5063,5064,5065,5066,5067,5068,5069,507,5070,5071,5072,5073,5074,5075,5076,5077,5078,5079,508,5080,5081,5082,5083,5084,5085,5086,5087,5088,5089,509,5090,5091,5092,5093,5094,5095,5096,5097,5098,5099,51,510,5100,5101,5102,5103,5104,5105,5106,5107,5108,5109,511,5110,5111,5112,5113,5114,5115,5116,5117,5118,5119,512,5120,5121,5122,5123,5124,5125,5126,5127,5128,5129,513,5130,5131,5132,5133,5134,5135,5136,5137,5138,5139,514,5140,5141,5142,5143,5144,5145,5146,5147,5148,5149,515,5150,5151,5152,5153,5154,5155,5156,5157,5158,5159,516,5160,5161,5162,5163,5164,5165,5166,5167,5168,5169,517,5170,5171,5172,5173,5174,5175,5176,5177,5178,5179,518,5180,5181,5182,5183,5184,5185,5186,5187,5188,5189,519,5190,5191,5192,5193,5194,5195,5196,5197,5198,5199,52,520,5200,5201,5202,5203,5204,5205,5206,5207,5208,5209,521,5210,5211,5212,5213,5214,5215,5216,5217,5218,5219,522,5220,5221,5222,5223,5224,5225,5226,5227,5228,5229,523,5230,5231,5232,5233,5234,5235,5236,5237,5238,5239,524,5240,5241,5242,5243,5244,5245,5246,5247,5248,5249,525,5250,5251,5252,5253,5254,5255,5256,5257,5258,5259,526,5260,5261,5262,5263,5264,5265,5266,5267,5268,5269,527,5270,5271,5272,5273,5274,5275,5276,5277,5278,5279,528,5280,5281,5282,5283,5284,5285,5286,5287,5288,5289,529,5290,5291,5292,5293,5294,5295,5296,5297,5298,5299,53,530,5300,5301,5302,5303,5304,5305,5306,5307,5308,5309,531,5310,5311,5312,5313,5314,5315,5316,5317,5318,5319,532,5320,5321,5322,5323,5324,5325,5326,5327,5328,5329,533,5330,5331,5332,5333,5334,5335,5336,5337,5338,5339,534,5340,5341,5342,5343,5344,5345,5346,5347,5348,5349,535,5350,5351,5352,5353,5354,5355,5356,5357,5358,5359,536,5360,5361,5362,5363,5364,5365,5366,5367,5368,5369,537,5370,5371,5372,5373,5374,5375,5376,5377,5378,5379,538,5380,5381,5382,5383,5384,5385,5386,5387,5388,5389,539,5390,5391,5392,5393,5394,5395,5396,5397,5398,5399,54,540,5400,5401,5402,5403,5404,5405,5406,5407,5408,5409,541,5410,5411,5412,5413,5414,5415,5416,5417,5418,5419,542,5420,5421,5422,5423,5424,5425,5426,5427,5428,5429,543,5430,5431,5432,5433,5434,5435,5436,5437,5438,5439,544,5440,5441,5442,5443,5444,5445,5446,5447,5448,5449,545,5450,5451,5452,5453,5454,5455,5456,5457,5458,5459,546,5460,5461,5462,5463,5464,5465,5466,5467,5468,5469,547,5470,5471,5472,5473,5474,5475,5476,5477,5478,5479,548,5480,5481,5482,5483,5484,5485,5486,5487,5488,5489,549,5490,5491,5492,5493,5494,5495,5496,5497,5498,5499,55,550,5500,5501,5502,5503,5504,5505,5506,5507,5508,5509,551,5510,5511,5512,5513,5514,5515,5516,5517,5518,5519,552,5520,5521,5522,5523,5524,5525,5526,5527,5528,5529,553,5530,5531,5532,5533,5534,5535,5536,5537,5538,5539,554,5540,5541,5542,5543,5544,5545,5546,5547,5548,5549,555,5550,5551,5552,5553,5554,5555,5556,5557,5558,5559,556,5560,5561,5562,5563,5564,5565,5566,5567,5568,5569,557,5570,5571,5572,5573,5574,5575,5576,5577,5578,5579,558,5580,5581,5582,5583,5584,5585,5586,5587,5588,5589,559,5590,5591,5592,5593,5594,5595,5596,5597,5598,5599,56,560,5600,5601,5602,5603,5604,5605,5606,5607,5608,5609,561,5610,5611,5612,5613,5614,5615,5616,5617,5618,5619,562,5620,5621,5622,5623,5624,5625,5626,5627,5628,5629,563,5630,5631,5632,5633,5634,5635,5636,5637,5638,5639,564,5640,5641,5642,5643,5644,5645,5646,5647,5648,5649,565,5650,5651,5652,5653,5654,5655,5656,5657,5658,5659,566,5660,5661,5662,5663,5664,5665,5666,5667,5668,5669,567,5670,5671,5672,5673,5674,5675,5676,5677,5678,5679,568,5680,5681,5682,5683,5684,5685,5686,5687,5688,5689,569,5690,5691,5692,5693,5694,5695,5696,5697,5698,5699,57,570,5700,5701,5702,5703,5704,5705,5706,5707,5708,5709,571,5710,5711,5712,5713,5714,5715,5716,5717,5718,5719,572,5720,5721,5722,5723,5724,5725,5726,5727,5728,5729,573,5730,5731,5732,5733,5734,5735,5736,5737,5738,5739,574,5740,5741,5742,5743,5744,5745,5746,5747,5748,5749,575,5750,5751,5752,5753,5754,5755,5756,5757,5758,5759,576,5760,5761,5762,5763,5764,5765,5766,5767,5768,5769,577,5770,5771,5772,5773,5774,5775,5776,5777,5778,5779,578,5780,5781,5782,5783,5784,5785,5786,5787,5788,5789,579,5790,5791,5792,5793,5794,5795,5796,5797,5798,5799,58,580,5800,5801,5802,5803,5804,5805,5806,5807,5808,5809,581,5810,5811,5812,5813,5814,5815,5816,5817,5818,5819,582,5820,5821,5822,5823,5824,5825,5826,5827,5828,5829,583,5830,5831,5832,5833,5834,5835,5836,5837,5838,5839,584,5840,5841,5842,5843,5844,5845,5846,5847,5848,5849,585,5850,5851,5852,5853,5854,5855,5856,5857,5858,5859,586,5860,5861,5862,5863,5864,5865,5866,5867,5868,5869,587,5870,5871,5872,5873,5874,5875,5876,5877,5878,5879,588,5880,5881,5882,5883,5884,5885,5886,5887,5888,5889,589,5890,5891,5892,5893,5894,5895,5896,5897,5898,5899,59,590,5900,5901,5902,5903,5904,5905,5906,5907,5908,5909,591,5910,5911,5912,5913,5914,5915,5916,5917,5918,5919,592,5920,5921,5922,5923,5924,5925,5926,5927,5928,5929,593,5930,5931,5932,5933,5934,5935,5936,5937,5938,5939,594,5940,5941,5942,5943,5944,5945,5946,5947,5948,5949,595,5950,5951,5952,5953,5954,5955,5956,5957,5958,5959,596,5960,5961,5962,5963,5964,5965,5966,5967,5968,5969,597,5970,5971,5972,5973,5974,5975,5976,5977,5978,5979,598,5980,5981,5982,5983,5984,5985,5986,5987,5988,5989,599,5990,5991,5992,5993,5994,5995,5996,5997,5998,5999,6,60,600,6000,6001,6002,6003,6004,6005,6006,6007,6008,6009,601,6010,6011,6012,6013,6014,6015,6016,6017,6018,6019,602,6020,6021,6022,6023,6024,6025,6026,6027,6028,6029,603,6030,6031,6032,6033,6034,6035,6036,6037,6038,6039,604,6040,6041,6042,6043,6044,6045,6046,6047,6048,6049,605,6050,6051,6052,6053,6054,6055,6056,6057,6058,6059,606,6060,6061,6062,6063,6064,6065,6066,6067,6068,6069,607,6070,6071,6072,6073,6074,6075,6076,6077,6078,6079,608,6080,6081,6082,6083,6084,6085,6086,6087,6088,6089,609,6090,6091,6092,6093,6094,6095,6096,6097,6098,6099,61,610,6100,6101,6102,6103,6104,6105,6106,6107,6108,6109,611,6110,6111,6112,6113,6114,6115,6116,6117,6118,6119,612,6120,6121,6122,6123,6124,6125,6126,6127,6128,6129,613,6130,6131,6132,6133,6134,6135,6136,6137,6138,6139,614,6140,6141,6142,6143,6144,6145,6146,6147,6148,6149,615,6150,6151,6152,6153,6154,6155,6156,6157,6158,6159,616,6160,6161,6162,6163,6164,6165,6166,6167,6168,6169,617,6170,6171,6172,6173,6174,6175,6176,6177,6178,6179,618,6180,6181,6182,6183,6184,6185,6186,6187,6188,6189,619,6190,6191,6192,6193,6194,6195,6196,6197,6198,6199,62,620,6200,6201,6202,6203,6204,6205,6206,6207,6208,6209,621,6210,6211,6212,6213,6214,6215,6216,6217,6218,6219,622,6220,6221,6222,6223,6224,6225,6226,6227,6228,6229,623,6230,6231,6232,6233,6234,6235,6236,6237,6238,6239,624,6240,6241,6242,6243,6244,6245,6246,6247,6248,6249,625,6250,6251,6252,6253,6254,6255,6256,6257,6258,6259,626,6260,6261,6262,6263,6264,6265,6266,6267,6268,6269,627,6270,6271,6272,6273,6274,6275,6276,6277,6278,6279,628,6280,6281,6282,6283,6284,6285,6286,6287,6288,6289,629,6290,6291,6292,6293,6294,6295,6296,6297,6298,6299,63,630,6300,6301,6302,6303,6304,6305,6306,6307,6308,6309,631,6310,6311,6312,6313,6314,6315,6316,6317,6318,6319,632,6320,6321,6322,6323,6324,6325,6326,6327,6328,6329,633,6330,6331,6332,6333,6334,6335,6336,6337,6338,6339,634,6340,6341,6342,6343,6344,6345,6346,6347,6348,6349,635,6350,6351,6352,6353,6354,6355,6356,6357,6358,6359,636,6360,6361,6362,6363,6364,6365,6366,6367,6368,6369,637,6370,6371,6372,6373,6374,6375,6376,6377,6378,6379,638,6380,6381,6382,6383,6384,6385,6386,6387,6388,6389,639,6390,6391,6392,6393,6394,6395,6396,6397,6398,6399,64,640,6400,6401,6402,6403,6404,6405,6406,6407,6408,6409,641,6410,6411,6412,6413,6414,6415,6416,6417,6418,6419,642,6420,6421,6422,6423,6424,6425,6426,6427,6428,6429,643,6430,6431,6432,6433,6434,6435,6436,6437,6438,6439,644,6440,6441,6442,6443,6444,6445,6446,6447,6448,6449,645,6450,6451,6452,6453,6454,6455,6456,6457,6458,6459,646,6460,6461,6462,6463,6464,6465,6466,6467,6468,6469,647,6470,6471,6472,6473,6474,6475,6476,6477,6478,6479,648,6480,6481,6482,6483,6484,6485,6486,6487,6488,6489,649,6490,6491,6492,6493,6494,6495,6496,6497,6498,6499,65,650,6500,6501,6502,6503,6504,6505,6506,6507,6508,6509,651,6510,6511,6512,6513,6514,6515,6516,6517,6518,6519,652,6520,6521,6522,6523,6524,6525,6526,6527,6528,6529,653,6530,6531,6532,6533,6534,6535,6536,6537,6538,6539,654,6540,6541,6542,6543,6544,6545,6546,6547,6548,6549,655,6550,6551,6552,6553,6554,6555,6556,6557,6558,6559,656,6560,6561,6562,6563,6564,6565,6566,6567,6568,6569,657,6570,6571,6572,6573,6574,6575,6576,6577,6578,6579,658,6580,6581,6582,6583,6584,6585,6586,6587,6588,6589,659,6590,6591,6592,6593,6594,6595,6596,6597,6598,6599,66,660,6600,6601,6602,6603,6604,6605,6606,6607,6608,6609,661,6610,6611,6612,6613,6614,6615,6616,6617,6618,6619,662,6620,6621,6622,6623,6624,6625,6626,6627,6628,6629,663,6630,6631,6632,6633,6634,6635,6636,6637,6638,6639,664,6640,6641,6642,6643,6644,6645,6646,6647,6648,6649,665,6650,6651,6652,6653,6654,6655,6656,6657,6658,6659,666,6660,6661,6662,6663,6664,6665,6666,6667,6668,6669,667,6670,6671,6672,6673,6674,6675,6676,6677,6678,6679,668,6680,6681,6682,6683,6684,6685,6686,6687,6688,6689,669,6690,6691,6692,6693,6694,6695,6696,6697,6698,6699,67,670,6700,6701,6702,6703,6704,6705,6706,6707,6708,6709,671,6710,6711,6712,6713,6714,6715,6716,6717,6718,6719,672,6720,6721,6722,6723,6724,6725,6726,6727,6728,6729,673,6730,6731,6732,6733,6734,6735,6736,6737,6738,6739,674,6740,6741,6742,6743,6744,6745,6746,6747,6748,6749,675,6750,6751,6752,6753,6754,6755,6756,6757,6758,6759,676,6760,6761,6762,6763,6764,6765,6766,6767,6768,6769,677,6770,6771,6772,6773,6774,6775,6776,6777,6778,6779,678,6780,6781,6782,6783,6784,6785,6786,6787,6788,6789,679,6790,6791,6792,6793,6794,6795,6796,6797,6798,6799,68,680,6800,6801,6802,6803,6804,6805,6806,6807,6808,6809,681,6810,6811,6812,6813,6814,6815,6816,6817,6818,6819,682,6820,6821,6822,6823,6824,6825,6826,6827,6828,6829,683,6830,6831,6832,6833,6834,6835,6836,6837,6838,6839,684,6840,6841,6842,6843,6844,6845,6846,6847,6848,6849,685,6850,6851,6852,6853,6854,6855,6856,6857,6858,6859,686,6860,6861,6862,6863,6864,6865,6866,6867,6868,6869,687,6870,6871,6872,6873,6874,6875,6876,6877,6878,6879,688,6880,6881,6882,6883,6884,6885,6886,6887,6888,6889,689,6890,6891,6892,6893,6894,6895,6896,6897,6898,6899,69,690,6900,6901,6902,6903,6904,6905,6906,6907,6908,6909,691,6910,6911,6912,6913,6914,6915,6916,6917,6918,6919,692,6920,6921,6922,6923,6924,6925,6926,6927,6928,6929,693,6930,6931,6932,6933,6934,6935,6936,6937,6938,6939,694,6940,6941,6942,6943,6944,6945,6946,6947,6948,6949,695,6950,6951,6952,6953,6954,6955,6956,6957,6958,6959,696,6960,6961,6962,6963,6964,6965,6966,6967,6968,6969,697,6970,6971,6972,6973,6974,6975,6976,6977,6978,6979,698,6980,6981,6982,6983,6984,6985,6986,6987,6988,6989,699,6990,6991,6992,6993,6994,6995,6996,6997,6998,6999,7,70,700,7000,7001,7002,7003,7004,7005,7006,7007,7008,7009,701,7010,7011,7012,7013,7014,7015,7016,7017,7018,7019,702,7020,7021,7022,7023,7024,7025,7026,7027,7028,7029,703,7030,7031,7032,7033,7034,7035,7036,7037,7038,7039,704,7040,7041,7042,7043,7044,7045,7046,7047,7048,7049,705,7050,7051,7052,7053,7054,7055,7056,7057,7058,7059,706,7060,7061,7062,7063,7064,7065,7066,7067,7068,7069,707,7070,7071,7072,7073,7074,7075,7076,7077,7078,7079,708,7080,7081,7082,7083,7084,7085,7086,7087,7088,7089,709,7090,7091,7092,7093,7094,7095,7096,7097,7098,7099,71,710,7100,7101,7102,7103,7104,7105,7106,7107,7108,7109,711,7110,7111,7112,7113,7114,7115,7116,7117,7118,7119,712,7120,7121,7122,7123,7124,7125,7126,7127,7128,7129,713,7130,7131,7132,7133,7134,7135,7136,7137,7138,7139,714,7140,7141,7142,7143,7144,7145,7146,7147,7148,7149,715,7150,7151,7152,7153,7154,7155,7156,7157,7158,7159,716,7160,7161,7162,7163,7164,7165,7166,7167,7168,7169,717,7170,7171,7172,7173,7174,7175,7176,7177,7178,7179,718,7180,7181,7182,7183,7184,7185,7186,7187,7188,7189,719,7190,7191,7192,7193,7194,7195,7196,7197,7198,7199,72,720,7200,7201,7202,7203,7204,7205,7206,7207,7208,7209,721,7210,7211,7212,7213,7214,7215,7216,7217,7218,7219,722,7220,7221,7222,7223,7224,7225,7226,7227,7228,7229,723,7230,7231,7232,7233,7234,7235,7236,7237,7238,7239,724,7240,7241,7242,7243,7244,7245,7246,7247,7248,7249,725,7250,7251,7252,7253,7254,7255,7256,7257,7258,7259,726,7260,7261,7262,7263,7264,7265,7266,7267,7268,7269,727,7270,7271,7272,7273,7274,7275,7276,7277,7278,7279,728,7280,7281,7282,7283,7284,7285,7286,7287,7288,7289,729,7290,7291,7292,7293,7294,7295,7296,7297,7298,7299,73,730,7300,7301,7302,7303,7304,7305,7306,7307,7308,7309,731,7310,7311,7312,7313,7314,7315,7316,7317,7318,7319,732,7320,7321,7322,7323,7324,7325,7326,7327,7328,7329,733,7330,7331,7332,7333,7334,7335,7336,7337,7338,7339,734,7340,7341,7342,7343,7344,7345,7346,7347,7348,7349,735,7350,7351,7352,7353,7354,7355,7356,7357,7358,7359,736,7360,7361,7362,7363,7364,7365,7366,7367,7368,7369,737,7370,7371,7372,7373,7374,7375,7376,7377,7378,7379,738,7380,7381,7382,7383,7384,7385,7386,7387,7388,7389,739,7390,7391,7392,7393,7394,7395,7396,7397,7398,7399,74,740,7400,7401,7402,7403,7404,7405,7406,7407,7408,7409,741,7410,7411,7412,7413,7414,7415,7416,7417,7418,7419,742,7420,7421,7422,7423,7424,7425,7426,7427,7428,7429,743,7430,7431,7432,7433,7434,7435,7436,7437,7438,7439,744,7440,7441,7442,7443,7444,7445,7446,7447,7448,7449,745,7450,7451,7452,7453,7454,7455,7456,7457,7458,7459,746,7460,7461,7462,7463,7464,7465,7466,7467,7468,7469,747,7470,7471,7472,7473,7474,7475,7476,7477,7478,7479,748,7480,7481,7482,7483,7484,7485,7486,7487,7488,7489,749,7490,7491,7492,7493,7494,7495,7496,7497,7498,7499,75,750,7500,7501,7502,7503,7504,7505,7506,7507,7508,7509,751,7510,7511,7512,7513,7514,7515,7516,7517,7518,7519,752,7520,7521,7522,7523,7524,7525,7526,7527,7528,7529,753,7530,7531,7532,7533,7534,7535,7536,7537,7538,7539,754,7540,7541,7542,7543,7544,7545,7546,7547,7548,7549,755,7550,7551,7552,7553,7554,7555,7556,7557,7558,7559,756,7560,7561,7562,7563,7564,7565,7566,7567,7568,7569,757,7570,7571,7572,7573,7574,7575,7576,7577,7578,7579,758,7580,7581,7582,7583,7584,7585,7586,7587,7588,7589,759,7590,7591,7592,7593,7594,7595,7596,7597,7598,7599,76,760,7600,7601,7602,7603,7604,7605,7606,7607,7608,7609,761,7610,7611,7612,7613,7614,7615,7616,7617,7618,7619,762,7620,7621,7622,7623,7624,7625,7626,7627,7628,7629,763,7630,7631,7632,7633,7634,7635,7636,7637,7638,7639,764,7640,7641,7642,7643,7644,7645,7646,7647,7648,7649,765,7650,7651,7652,7653,7654,7655,7656,7657,7658,7659,766,7660,7661,7662,7663,7664,7665,7666,7667,7668,7669,767,7670,7671,7672,7673,7674,7675,7676,7677,7678,7679,768,7680,7681,7682,7683,7684,7685,7686,7687,7688,7689,769,7690,7691,7692,7693,7694,7695,7696,7697,7698,7699,77,770,7700,7701,7702,7703,7704,7705,7706,7707,7708,7709,771,7710,7711,7712,7713,7714,7715,7716,7717,7718,7719,772,7720,7721,7722,7723,7724,7725,7726,7727,7728,7729,773,7730,7731,7732,7733,7734,7735,7736,7737,7738,7739,774,7740,7741,7742,7743,7744,7745,7746,7747,7748,7749,775,7750,7751,7752,7753,7754,7755,7756,7757,7758,7759,776,7760,7761,7762,7763,7764,7765,7766,7767,7768,7769,777,7770,7771,7772,7773,7774,7775,7776,7777,7778,7779,778,7780,7781,7782,7783,7784,7785,7786,7787,7788,7789,779,7790,7791,7792,7793,7794,7795,7796,7797,7798,7799,78,780,7800,7801,7802,7803,7804,7805,7806,7807,7808,7809,781,7810,7811,7812,7813,7814,7815,7816,7817,7818,7819,782,7820,7821,7822,7823,7824,7825,7826,7827,7828,7829,783,7830,7831,7832,7833,7834,7835,7836,7837,7838,7839,784,7840,7841,7842,7843,7844,7845,7846,7847,7848,7849,785,7850,7851,7852,7853,7854,7855,7856,7857,7858,7859,786,7860,7861,7862,7863,7864,7865,7866,7867,7868,7869,787,7870,7871,7872,7873,7874,7875,7876,7877,7878,7879,788,7880,7881,7882,7883,7884,7885,7886,7887,7888,7889,789,7890,7891,7892,7893,7894,7895,7896,7897,7898,7899,79,790,7900,7901,7902,7903,7904,7905,7906,7907,7908,7909,791,7910,7911,7912,7913,7914,7915,7916,7917,7918,7919,792,7920,7921,7922,7923,7924,7925,7926,7927,7928,7929,793,7930,7931,7932,7933,7934,7935,7936,7937,7938,7939,794,7940,7941,7942,7943,7944,7945,7946,7947,7948,7949,795,7950,7951,7952,7953,7954,7955,7956,7957,7958,7959,796,7960,7961,7962,7963,7964,7965,7966,7967,7968,7969,797,7970,7971,7972,7973,7974,7975,7976,7977,7978,7979,798,7980,7981,7982,7983,7984,7985,7986,7987,7988,7989,799,7990,7991,7992,7993,7994,7995,7996,7997,7998,7999,8,80,800,8000,8001,8002,8003,8004,8005,8006,8007,8008,8009,801,8010,8011,8012,8013,8014,8015,8016,8017,8018,8019,802,8020,8021,8022,8023,8024,8025,8026,8027,8028,8029,803,8030,8031,8032,8033,8034,8035,8036,8037,8038,8039,804,8040,8041,8042,8043,8044,8045,8046,8047,8048,8049,805,8050,8051,8052,8053,8054,8055,8056,8057,8058,8059,806,8060,8061,8062,8063,8064,8065,8066,8067,8068,8069,807,8070,8071,8072,8073,8074,8075,8076,8077,8078,8079,808,8080,8081,8082,8083,8084,8085,8086,8087,8088,8089,809,8090,8091,8092,8093,8094,8095,8096,8097,8098,8099,81,810,8100,8101,8102,8103,8104,8105,8106,8107,8108,8109,811,8110,8111,8112,8113,8114,8115,8116,8117,8118,8119,812,8120,8121,8122,8123,8124,8125,8126,8127,8128,8129,813,8130,8131,8132,8133,8134,8135,8136,8137,8138,8139,814,8140,8141,8142,8143,8144,8145,8146,8147,8148,8149,815,8150,8151,8152,8153,8154,8155,8156,8157,8158,8159,816,8160,8161,8162,8163,8164,8165,8166,8167,8168,8169,817,8170,8171,8172,8173,8174,8175,8176,8177,8178,8179,818,8180,8181,8182,8183,8184,8185,8186,8187,8188,8189,819,8190,8191,8192,8193,8194,8195,8196,8197,8198,8199,82,820,8200,8201,8202,8203,8204,8205,8206,8207,8208,8209,821,8210,8211,8212,8213,8214,8215,8216,8217,8218,8219,822,8220,8221,8222,8223,8224,8225,8226,8227,8228,8229,823,8230,8231,8232,8233,8234,8235,8236,8237,8238,8239,824,8240,8241,8242,8243,8244,8245,8246,8247,8248,8249,825,8250,8251,8252,8253,8254,8255,8256,8257,8258,8259,826,8260,8261,8262,8263,8264,8265,8266,8267,8268,8269,827,8270,8271,8272,8273,8274,8275,8276,8277,8278,8279,828,8280,8281,8282,8283,8284,8285,8286,8287,8288,8289,829,8290,8291,8292,8293,8294,8295,8296,8297,8298,8299,83,830,8300,8301,8302,8303,8304,8305,8306,8307,8308,8309,831,8310,8311,8312,8313,8314,8315,8316,8317,8318,8319,832,8320,8321,8322,8323,8324,8325,8326,8327,8328,8329,833,8330,8331,8332,8333,8334,8335,8336,8337,8338,8339,834,8340,8341,8342,8343,8344,8345,8346,8347,8348,8349,835,8350,8351,8352,8353,8354,8355,8356,8357,8358,8359,836,8360,8361,8362,8363,8364,8365,8366,8367,8368,8369,837,8370,8371,8372,8373,8374,8375,8376,8377,8378,8379,838,8380,8381,8382,8383,8384,8385,8386,8387,8388,8389,839,8390,8391,8392,8393,8394,8395,8396,8397,8398,8399,84,840,8400,8401,8402,8403,8404,8405,8406,8407,8408,8409,841,8410,8411,8412,8413,8414,8415,8416,8417,8418,8419,842,8420,8421,8422,8423,8424,8425,8426,8427,8428,8429,843,8430,8431,8432,8433,8434,8435,8436,8437,8438,8439,844,8440,8441,8442,8443,8444,8445,8446,8447,8448,8449,845,8450,8451,8452,8453,8454,8455,8456,8457,8458,8459,846,8460,8461,8462,8463,8464,8465,8466,8467,8468,8469,847,8470,8471,8472,8473,8474,8475,8476,8477,8478,8479,848,8480,8481,8482,8483,8484,8485,8486,8487,8488,8489,849,8490,8491,8492,8493,8494,8495,8496,8497,8498,8499,85,850,8500,8501,8502,8503,8504,8505,8506,8507,8508,8509,851,8510,8511,8512,8513,8514,8515,8516,8517,8518,8519,852,8520,8521,8522,8523,8524,8525,8526,8527,8528,8529,853,8530,8531,8532,8533,8534,8535,8536,8537,8538,8539,854,8540,8541,8542,8543,8544,8545,8546,8547,8548,8549,855,8550,8551,8552,8553,8554,8555,8556,8557,8558,8559,856,8560,8561,8562,8563,8564,8565,8566,8567,8568,8569,857,8570,8571,8572,8573,8574,8575,8576,8577,8578,8579,858,8580,8581,8582,8583,8584,8585,8586,8587,8588,8589,859,8590,8591,8592,8593,8594,8595,8596,8597,8598,8599,86,860,8600,8601,8602,8603,8604,8605,8606,8607,8608,8609,861,8610,8611,8612,8613,8614,8615,8616,8617,8618,8619,862,8620,8621,8622,8623,8624,8625,8626,8627,8628,8629,863,8630,8631,8632,8633,8634,8635,8636,8637,8638,8639,864,8640,8641,8642,8643,8644,8645,8646,8647,8648,8649,865,8650,8651,8652,8653,8654,8655,8656,8657,8658,8659,866,8660,8661,8662,8663,8664,8665,8666,8667,8668,8669,867,8670,8671,8672,8673,8674,8675,8676,8677,8678,8679,868,8680,8681,8682,8683,8684,8685,8686,8687,8688,8689,869,8690,8691,8692,8693,8694,8695,8696,8697,8698,8699,87,870,8700,8701,8702,8703,8704,8705,8706,8707,8708,8709,871,8710,8711,8712,8713,8714,8715,8716,8717,8718,8719,872,8720,8721,8722,8723,8724,8725,8726,8727,8728,8729,873,8730,8731,8732,8733,8734,8735,8736,8737,8738,8739,874,8740,8741,8742,8743,8744,8745,8746,8747,8748,8749,875,8750,8751,8752,8753,8754,8755,8756,8757,8758,8759,876,8760,8761,8762,8763,8764,8765,8766,8767,8768,8769,877,8770,8771,8772,8773,8774,8775,8776,8777,8778,8779,878,8780,8781,8782,8783,8784,8785,8786,8787,8788,8789,879,8790,8791,8792,8793,8794,8795,8796,8797,8798,8799,88,880,8800,8801,8802,8803,8804,8805,8806,8807,8808,8809,881,8810,8811,8812,8813,8814,8815,8816,8817,8818,8819,882,8820,8821,8822,8823,8824,8825,8826,8827,8828,8829,883,8830,8831,8832,8833,8834,8835,8836,8837,8838,8839,884,8840,8841,8842,8843,8844,8845,8846,8847,8848,8849,885,8850,8851,8852,8853,8854,8855,8856,8857,8858,8859,886,8860,8861,8862,8863,8864,8865,8866,8867,8868,8869,887,8870,8871,8872,8873,8874,8875,8876,8877,8878,8879,888,8880,8881,8882,8883,8884,8885,8886,8887,8888,8889,889,8890,8891,8892,8893,8894,8895,8896,8897,8898,8899,89,890,8900,8901,8902,8903,8904,8905,8906,8907,8908,8909,891,8910,8911,8912,8913,8914,8915,8916,8917,8918,8919,892,8920,8921,8922,8923,8924,8925,8926,8927,8928,8929,893,8930,8931,8932,8933,8934,8935,8936,8937,8938,8939,894,8940,8941,8942,8943,8944,8945,8946,8947,8948,8949,895,8950,8951,8952,8953,8954,8955,8956,8957,8958,8959,896,8960,8961,8962,8963,8964,8965,8966,8967,8968,8969,897,8970,8971,8972,8973,8974,8975,8976,8977,8978,8979,898,8980,8981,8982,8983,8984,8985,8986,8987,8988,8989,899,8990,8991,8992,8993,8994,8995,8996,8997,8998,8999,9,90,900,9000,9001,9002,9003,9004,9005,9006,9007,9008,9009,901,9010,9011,9012,9013,9014,9015,9016,9017,9018,9019,902,9020,9021,9022,9023,9024,9025,9026,9027,9028,9029,903,9030,9031,9032,9033,9034,9035,9036,9037,9038,9039,904,9040,9041,9042,9043,9044,9045,9046,9047,9048,9049,905,9050,9051,9052,9053,9054,9055,9056,906,907,908,909,91,910,911,912,913,914,915,916,917,918,919,92,920,921,922,923,924,925,926,927,928,929,93,930,931,932,933,934,935,936,937,938,939,94,940,941,942,943,944,945,946,947,948,949,95,950,951,952,953,954,955,956,957,958,959,96,960,961,962,963,964,965,966,967,968,969,97,970,971,972,973,974,975,976,977,978,979,98,980,981,982,983,984,985,986,987,988,989,99,990,991,992,993,994,995,996,997,998,999	4713,615,7595,7596,7597,7598,7599,7600,7601,7602,7784,7785,7885,7887,7888,7970,7971,7992,7993,7994,7995,8019,8020,8021,8166,8941,8942,8943,8944,8945,8946				
D WHOLESALE (overlap too wide to drill)	Quest	Quest.wz/Check.img	OVERLAP	10005,10007,10008,10010,10011,10012,10030,10031,10032,10033,10056,10064,10066,1007,10072,10081,10104,10105,10106,10111,10112,10113,10114,1016,1019,10206,10207,10208,10209,10210,10211,10212,10213,10214,10215,10216,10217,1022,1023,1024,10240,10241,10242,10243,10244,10245,10246,10247,10248,10249,1025,10250,10251,10252,10253,10254,10255,10256,10260,10261,10262,10263,10268,10270,10271,10272,10274,10275,10276,10277,10286,10300,10301,10302,10324,10325,10326,10327,1034,10342,10344,10346,10348,10350,10352,10355,10356,1037,1039,10390,10391,10392,10393,1041,10415,10417,10418,10419,1042,10420,1043,1044,10452,10453,10454,10455,10456,10457,1115,1116,1117,1118,1119,1120,1121,1122,1123,1124,2000,20003,20004,20005,20006,20007,2001,20012,20017,20018,20019,2005,2006,2009,2010,2011,2012,2013,2015,2018,2020,20201,20202,20203,20204,20205,2021,2024,2025,2026,2027,2028,2029,2030,2031,2032,2033,2034,2035,2036,2037,2038,2039,2040,2041,2042,2043,2045,2046,20504,20511,20512,2052,20524,20525,20526,20528,2053,20532,20534,2054,2058,2059,2060,2061,2062,2065,2067,2070,20701,20702,20703,20705,20707,2071,20711,20713,20717,2072,20722,20723,20726,20727,20728,2076,2082,2083,2084,2086,2088,2089,2091,2094,2095,2096,2097,21012,21015,21016,21017,21018,2105,2106,2107,2108,2109,2110,2111,2112,2113,2114,2115,2116,2117,2118,2119,21202,2122,2126,2128,2129,2130,2131,2132,2133,2134,2135,2136,2137,2138,2139,2140,2141,2142,2143,2145,2155,2156,2158,2159,2160,21601,21602,21604,21605,21606,21608,21609,21610,21611,21613,21615,21617,21701,21702,21703,21707,21709,21710,21711,21714,21717,21718,21720,21722,21723,21727,2173,21730,21733,21737,21742,21743,21745,21750,21752,21753,21754,2176,2177,2179,2182,2184,2187,2191,2192,2193,2194,2195,2196,2198,2199,2200,2201,2202,2203,2204,2205,2206,2207,2213,2215,2223,2239,2243,2244,2246,2247,2248,2249,2250,2251,2252,2253,2254,2255,2258,2261,2262,2263,2272,2275,2280,2281,2285,2286,2287,2291,2293,2312,2317,2318,2323,2328,2329,2332,2337,2410,2411,2412,2413,2414,2415,2416,2417,2418,2419,2420,2421,2422,2423,2424,2425,2426,2427,2428,2429,2430,2431,28001,28002,28003,28004,28102,28103,28105,28106,28107,28110,28120,28121,28122,28124,28125,28129,28130,28163,28164,28167,28168,28170,28175,28179,28181,28182,28183,28184,28187,28189,28192,28196,28198,28200,28201,28208,28209,28214,28218,28219,28221,28222,28226,28229,28231,28233,28235,28238,28240,28241,28243,28244,28245,28246,28248,28250,28256,28262,28263,28264,28265,28267,28268,28269,28270,28271,28272,28273,28274,28275,28276,28277,28278,28279,28280,28281,28282,28284,28285,28286,28296,28297,28298,28302,28303,28305,28307,28309,28310,28312,28314,28316,28317,28319,28321,28326,28327,28328,28331,28338,28339,28340,28341,28344,29016,29017,29018,29019,29510,3003,3013,3020,3021,3022,3023,3024,3025,3026,3027,3028,3029,3031,3037,3038,3039,3040,3041,3043,3046,3047,3048,3049,3052,3054,3057,3060,3061,3062,3064,3065,3066,3067,3068,3069,3076,3079,3083,3084,3087,3088,3093,3095,3096,3097,3100,3101,3102,3103,3104,3111,3200,3201,3202,3203,3205,3207,3208,3209,3221,3222,3224,3225,3227,3229,3234,3235,3236,3237,3239,3241,3242,3244,3245,3248,3249,3250,3305,3306,3307,3308,3312,3313,3315,3319,3324,3327,3329,3330,3332,3334,3336,3337,3338,3359,3365,3367,3368,3369,3377,3380,3384,3402,3408,3411,3412,3413,3414,3415,3416,3419,3420,3421,3422,3424,3426,3430,3431,3432,3433,3434,3435,3436,3437,3438,3440,3441,3443,3444,3445,3446,3449,3454,3455,3458,3501,3502,3503,3504,3508,3509,3510,3511,3514,3515,3516,3517,3518,3521,3522,3528,3530,3531,3532,3533,3536,3537,3600,3612,3613,3614,3620,3622,3623,3624,3625,3626,3627,3628,3629,3631,3632,3634,3635,3648,3700,3701,3702,3703,3704,3710,3711,3721,3722,3726,3728,3732,3734,3738,3744,3800,3801,3802,3803,3804,3805,3806,3807,3808,3812,3814,3815,3816,3818,3820,3825,3828,3830,3831,3832,3834,3837,3840,3901,3902,3904,3908,3909,3911,3917,3918,3921,3922,3928,3930,3931,3932,3936,3948,3951,4000,4001,4003,4008,4009,4014,4100,4102,4105,4106,4107,4108,4109,4202,4206,4208,4209,4210,4217,4300,4301,4302,4303,4304,4305,4306,4307,4308,4309,4483,4503,4504,4505,4506,4507,4508,4509,4510,4511,4512,4522,4523,4541,4542,4543,4544,4545,4546,4547,4548,4549,4550,4551,4552,4553,4554,4555,4556,4557,4558,4559,4560,4576,4659,4676,4912,4913,4914,4915,4916,4917,4918,4919,4921,4922,4924,4925,4926,4927,4940,4943,4944,4945,4946,4949,4950,4952,4953,4955,4956,4957,4958,4960,4962,5009,5010,5011,5012,5069,6000,6002,6004,6006,6017,6018,6019,6020,6023,6024,6025,6029,6030,6031,6032,6033,6100,6107,6108,6110,6120,6121,6122,6123,6124,6131,6141,6180,6210,6211,6220,6222,6224,6263,6273,6281,6292,6293,6296,6297,6301,6303,6310,6312,6314,6340,6350,6363,6380,6390,7100,7101,7103,7301,7303,7778,8000,8013,8028,8029,8031,8032,8033,8034,8035,8036,8038,8040,8042,8043,8047,8048,8049,8050,8051,8052,8060,8062,8064,8067,8070,8075,8076,8077,8078,8079,8081,8082,8083,8084,8184,8206,8207,8213,8218,8220,8221,8222,8223,8224,8225,8226,8227,8228,8229,8231,8232,8233,8234,8246,8248,8249,8251,8254,8255,8256,8295,8299,8569,8700,8701,8713,8801,8804,8805,8830,8832,8848,8849,8850,8851,8853,8854,8860,8863,8864,8865,8866,8868,8873,8874,8875,8881,8886,8887,8888,9011,9012,9051,9052,9053,9054,9055,9056,9057,9058,9059,9120,9121,9141,9151,9155,9172,9182,9191,9192,9270,9290,9291,9305,9310,9311,9330,9331,9332,9333,9340,9341,9350,9351,9352,9380,9381,9382,9383,9384,9387,9388,9389,9393,9395,9396,9397,9399,9423,9424,9425,9426,9427,9428,9429,9430,9432,9440,9441,9442,9443,9444,9445,9450,9451,9470,9471,9472,9473,9474,9475,9476,9477,9493,9495,9497,9503,9504,9510,9511,9520,9521,9522,9523,9524,9525,9526,9527,9528,9630,9631,9632,9633,9635,9636,9637,9638,9640,9641,9642,9706,9711,9712,9713,9714,9730,9731,9732,9733,9734,9735,9740,9741,9742,9745,9746,9747,9818,9819,9821,9823,9824,9825,9840,9841,9842,9844,9845,9846,9847,9849,9850,9851,9861,9863,9865,9868,9870,9871,9873,9889,9923,9928,9945,9946,9962,9963,9970,9984,9985,9987,9988,9992,9994,9996	10109,10430,10431,10432,10433,10434,10435,10436,10437,10438,10439,10440,10441,10442,10443,10444,10445,10450,10451,10452,10453,10454,10455,10456,10457,10458,10459,10480,10481,10482,10483,10484,10485,10486,10487,10490,10491,10492,10493,10494,10496,10497,10500,10501,10502,10503,10504,10505,10506,10507,10510,10514,10516,10520,10521,19011,2010,2017,2018,2019,2020,2021,2022,2023,2036,2037,2038,2039,2047,2103,2104,2119,2132,2133,2134,2135,22000,22001,22002,22003,22004,22005,22006,22007,22008,22009,22010,2208,2209,2210,22100,22101,22102,22103,22104,22105,22106,22107,22108,22109,2211,22300,22400,22401,22402,22403,22404,22405,22406,22407,22408,22409,22410,22411,22412,22413,22500,22501,22502,22503,22504,22505,22506,22507,22508,22509,22510,22511,22512,22513,22514,22515,22516,22517,22518,22519,22520,22521,22522,22523,22524,22525,22526,22527,22528,22529,22530,22531,22532,22533,22534,22535,22536,22537,22538,22539,22540,22541,22542,22543,22544,22545,22546,22547,22548,22549,22550,22551,22552,22553,22554,22555,22556,22557,22558,22559,22560,22561,22562,22563,22564,22565,22566,22567,22568,22569,22570,22571,22572,22573,22574,22575,22576,22577,22578,22579,22580,22581,22582,22583,22584,22585,22586,22587,22588,22589,22590,22591,22592,22593,22594,22595,22596,22602,22603,2344,28162,28163,28164,28165,28166,28167,28168,28169,28170,28171,28172,28173,28174,28175,28176,28177,28178,28179,28180,28181,28182,28183,28184,28185,28186,28187,28188,28189,28190,28191,28192,28193,28194,28195,28196,28197,28198,28199,28200,28201,28202,28203,28204,28205,28206,28207,28208,28209,28210,28211,28212,28213,28214,28215,28216,28217,28218,28219,28220,28221,28222,28223,28224,28225,28226,28227,28228,28229,28230,28231,28232,28233,28234,28235,28236,28237,28238,28239,28240,28241,28242,28243,28244,28245,28246,28247,28248,28249,28250,28251,28252,28253,28254,28255,28256,28257,28258,28259,28260,28261,28262,28263,28264,28265,28266,28267,28268,28269,28270,28271,28272,28273,28274,28275,28276,28277,28278,28279,28280,28281,28282,28283,28325,28346,28347,28348,28349,28350,28351,28353,28354,28355,28356,28357,28358,28359,28360,28361,28362,28363,28364,28365,29507,29934,29935,29936,29937,29938,29939,29940,3083,3096,3239,3447,3540,3719,3724,3730,3736,3742,3756,3757,3758,3759,3760,3761,3845,4300,4301,4302,4303,4304,4305,4306,4307,4308,4309,4646,4647,4919,9260	10452,10453,10454,10455,10456,10457,2010,2018,2020,2021,2036,2037,2038,2039,2119,2132,2133,2134,2135,28163,28164,28167,28168,28170,28175,28179,28181,28182,28183,28184,28187,28189,28192,28196,28198,28200,28201,28208,28209,28214,28218,28219,28221,28222,28226,28229,28231,28233,28235,28238,28240,28241,28243,28244,28245,28246,28248,28250,28256,28262,28263,28264,28265,28267,28268,28269,28270,28271,28272,28273,28274,28275,28276,28277,28278,28279,28280,28281,28282,3083,3096,3239,4300,4301,4302,4303,4304,4305,4306,4307,4308,4309,4919				4309
D WHOLESALE (overlap too wide to drill)	Quest	Quest.wz/Say.img	OVERLAP	1021,1029,1044,2044,2045,20521,20523,2065,2068,20714,20716,2156,2158,21729,21730,2199,2200,2201,2202,2203,2208,2211,2236,2327,28242,28344,29510,3043,3073,3114,3248,3250,3323,3330,3833,3952,4913,4936,6110,6325,7103,7778,8206,8222,8248,8249,8251,8254,8255,8256,8867	1000,10000,10001,10002,10005,10007,1001,10010,10011,10012,10015,10016,10017,10018,10019,10020,10021,10023,1003,10030,10031,10032,10033,10035,10039,1004,1005,10050,10051,10054,10055,10056,1006,1007,1008,1009,1010,1011,1012,1013,1014,1015,1016,1017,1018,1019,1020,1021,1022,1023,10230,1024,1025,1026,1027,1028,1029,1031,1032,1033,1034,1035,1036,1037,1038,1039,10395,10396,10397,10398,1040,1041,1042,1043,10430,10431,10432,10433,10434,10435,10436,10437,10438,10439,1044,10440,10441,10442,10443,10444,10445,1045,10450,10451,10458,10459,1046,10480,10481,10482,10483,10484,10485,10486,10487,10490,10491,10492,10493,10494,10496,10497,10500,10501,10502,10503,10504,10505,10506,10507,10510,10514,10516,10520,10521,19011,2000,20006,2001,20017,2002,2003,2004,2005,2006,2007,2008,2009,2010,20101,20102,20103,20104,20105,2011,2012,2013,2014,2015,2016,2017,2018,2019,2020,2021,2022,2023,2031,2034,20704,2081,2088,2152,22000,22001,22002,22003,22004,22005,22006,22007,22008,22009,22010,22100,22101,22102,22103,22104,22105,22106,22107,22108,22109,22300,22400,22401,22402,22403,22404,22405,22406,22407,22408,22409,22410,22411,22412,22413,22500,22501,22502,22503,22504,22505,22506,22507,22508,22509,22510,22511,22512,22513,22514,22515,22516,22517,22518,22519,22520,22521,22522,22523,22524,22525,22526,22527,22528,22529,22530,22531,22532,22533,22534,22535,22536,22537,22538,22539,22540,22541,22542,22543,22544,22545,22546,22547,22548,22549,22550,22551,22552,22553,22554,22555,22556,22557,22558,22559,22560,22561,22562,22563,22564,22565,22566,22567,22568,22569,22570,22571,22572,22573,22574,22575,22576,22577,22578,22579,22580,22581,22582,22583,22584,22585,22586,22587,22588,22589,22590,22591,22592,22593,22594,22595,22596,22602,22603,2315,2344,28002,28003,28115,28116,28128,28170,28179,28189,28192,28193,28194,28200,28201,28207,28209,28213,28214,28237,28238,28248,28250,28254,28255,28256,28276,28304,28311,28318,28326,28327,28329,28346,28347,28348,28349,28350,28351,28353,28354,28355,28356,28357,28358,28359,28360,28361,28362,28363,28364,28365,29004,29007,29013,29014,29934,29935,29936,29937,29938,29939,29940,3021,3044,3046,3055,3056,3059,3066,3077,3087,3091,3098,3106,3107,3115,3227,3228,3241,3245,3246,3301,3311,3312,3314,3319,3333,3347,3348,3364,3373,3400,3419,3430,3431,3432,3433,3434,3436,3439,3440,3441,3540,3605,3610,3612,3641,3643,3647,3710,3713,3756,3757,3758,3759,3760,3761,3807,3813,3823,3826,3831,3832,3838,3841,3842,3843,3900,3901,3902,3903,3904,3905,3906,3907,3908,3909,3910,3911,3912,3913,3914,3915,3916,3917,3918,3919,3920,3921,3922,3923,3924,3925,3926,3927,3928,3929,3930,3931,3932,3933,3934,3935,3936,3937,3938,3939,3940,3941,3942,3943,3944,3945,3946,3947,3948,3949,3950,3951,3952,3953,3954,4546,4576,4660,4914,4915,4920,4936,4941,4946,4948,4954,4960,4994,4995,4998,6002,6005,6012,6014,6015,6016,6018,6028,6134,6150,6164,6166,6180,6190,6200,6201,6242,6250,6251,6303,6304,6311,6312,6316,6350,6363,8037,8068,8076,8078,8184,8227,8289,8290,8293,8297,8298,8299,8806,8830,9011,9260,9387,9414,9840,9841,9842,9843,9844,9845,9846,9847,9848,9849,9850,9851,9860,9878,9880,9881,9882,9883,9884,9885,9887,9890,9891,9892,9893,9985,9987	1021,1029,1044,3952,4936				
D WHOLESALE (overlap too wide to drill)	String	String.wz/Cash.img	OVERLAP	5120033,5121011,5121012,5121013,5121022,5150044,5152049,5152050,5190007,5190008,5201000,5201001,5210000,5210001,5210002,5210003,5210004,5210005,5211001,5211002,5211003,5211047,5240016,5240019,5251004,5251005,5251006,5280000,5360009,5360010,5360011,5360012,5360013,5360014,5500005,5500006,5530001,5530002,5530003,5530004,5530005,5530006,5530007,5530008	5030015,5050005,5050006,5050007,5050008,5050009,5120016,5120017,5120018,5120019,5120020,5120021,5120022,5120023,5120024,5120025,5120026,5120034,5121020,5200009,5200010,5220012,5222000,5240028,5370002,5500000,5500005,5500006,5520001,5530001,5530002,5530003,5530004,5530005,5530006,5530007,5530008,5530009,5530010,5530011,5530012,5530027,5530028,5530029,5530030,5550001,5620006,5620007,5620008	5500005,5500006,5530001,5530002,5530003,5530004,5530005,5530006,5530007,5530008				
D WHOLESALE (overlap too wide to drill)	String	String.wz/Consume.img	OVERLAP	2000002,2000004,2000007,2000008,2000009,2000010,2000011,2000013,2000014,2000020,2000021,2000022,2000023,2001002,2002006,2002007,2002008,2002009,2002010,2002011,2002012,2002013,2002014,2002017,2002027,2002028,2002029,2002030,2010000,2010001,2010002,2010005,2010007,2012000,2012001,2012002,2012003,2012004,2020008,2020009,2020010,2020011,2020012,2020013,2020014,2020015,2020020,2020022,2020023,2020026,2020030,2022001,2022004,2022005,2022007,2022008,2022009,2022010,2022011,2022014,2022015,2022016,2022024,2022025,2022026,2022027,2022034,2022036,2022039,2022041,2022042,2022043,2022046,2022060,2022061,2022062,2022063,2022065,2022066,2022070,2022074,2022075,2022076,2022077,2022078,2022094,2022096,2022097,2022098,2022103,2022105,2022106,2022107,2022112,2022113,2022114,2022118,2022119,2022120,2022121,2022123,2022130,2022145,2022146,2022147,2022148,2022149,2022150,2022151,2022152,2022155,2022174,2022184,2022186,2022187,2022196,2022197,2022198,2022200,2022203,2022204,2022205,2022209,2022210,2022211,2022212,2022213,2022214,2022215,2022242,2022244,2022245,2022246,2022247,2022248,2022249,2022250,2022255,2022261,2022262,2022263,2022264,2022271,2022272,2022273,2022274,2022275,2022276,2022277,2022282,2022283,2022284,2022303,2022306,2022307,2022308,2022310,2022332,2022333,2022338,2022339,2022340,2022341,2022342,2022343,2022344,2022428,2022436,2022437,2022454,2022457,2022465,2022466,2022467,2022468,2022476,2022477,2022479,2022480,2022531,2022536,2022537,2022542,2022544,2022552,2022621,2022622,2022626,2022628,2023000,2023001,2023002,2023003,2030000,2030001,2030002,2030003,2030004,2030005,2030006,2030007,2030016,2030019,2030020,2031002,2032000,2040000,2040001,2040002,2040003,2040004,2040005,2040006,2040007,2040008,2040009,2040010,2040011,2040012,2040013,2040014,2040015,2040016,2040017,2040018,2040019,2040020,2040021,2040022,2040023,2040024,2040025,2040026,2040027,2040028,2040029,2040030,2040031,2040041,2040042,2040043,2040044,2040045,2040046,2040100,2040101,2040102,2040103,2040104,2040105,2040106,2040107,2040108,2040109,2040110,2040111,2040112,2040113,2040114,2040115,2040116,2040117,2040118,2040119,2040200,2040201,2040202,2040203,2040204,2040205,2040206,2040207,2040208,2040209,2040300,2040301,2040302,2040303,2040304,2040305,2040306,2040307,2040308,2040309,2040310,2040311,2040312,2040313,2040314,2040315,2040316,2040319,2040320,2040322,2040324,2040325,2040326,2040327,2040328,2040329,2040330,2040331,2040333,2040334,2040335,2040336,2040337,2040338,2040339,2040340,2040400,2040401,2040402,2040403,2040404,2040405,2040406,2040407,2040408,2040409,2040410,2040411,2040412,2040413,2040414,2040415,2040416,2040417,2040418,2040419,2040420,2040421,2040422,2040423,2040424,2040425,2040426,2040427,2040429,2040430,2040431,2040432,2040433,2040434,2040435,2040436,2040500,2040501,2040502,2040503,2040504,2040505,2040506,2040507,2040508,2040509,2040510,2040511,2040512,2040513,2040514,2040515,2040516,2040517,2040518,2040519,2040520,2040521,2040522,2040523,2040524,2040525,2040526,2040527,2040528,2040529,2040530,2040531,2040532,2040533,2040534,2040538,2040539,2040540,2040541,2040542,2040543,2040600,2040601,2040602,2040603,2040604,2040605,2040606,2040607,2040608,2040609,2040610,2040611,2040612,2040613,2040614,2040615,2040616,2040617,2040618,2040619,2040620,2040621,2040622,2040623,2040624,2040625,2040626,2040627,2040629,2040630,2040631,2040632,2040633,2040634,2040635,2040636,2040700,2040701,2040702,2040703,2040704,2040712,2040713,2040714,2040715,2040716,2040717,2040718,2040719,2040720,2040721,2040722,2040723,2040727,2040728,2040729,2040730,2040731,2040732,2040733,2040734,2040735,2040736,2040737,2040738,2040739,2040740,2040741,2040755,2040758,2040759,2040760,2040800,2040801,2040802,2040803,2040804,2040805,2040806,2040807,2040808,2040809,2040810,2040811,2040812,2040813,2040814,2040815,2040816,2040817,2040818,2040819,2040820,2040821,2040822,2040823,2040824,2040825,2040826,2040829,2040830,2040831,2040832,2040833,2040834,2040900,2040901,2040902,2040903,2040904,2040905,2040906,2040907,2040908,2040909,2040910,2040911,2040912,2040914,2040915,2040916,2040917,2040918,2040919,2040920,2040921,2040922,2040923,2040926,2040927,2040928,2040929,2040930,2040931,2040932,2040933,2040936,2040937,2040938,2040939,2040940,2040941,2040942,2040943,2041000,2041001,2041002,2041003,2041004,2041005,2041006,2041007,2041008,2041009,2041010,2041011,2041012,2041013,2041014,2041015,2041016,2041017,2041018,2041019,2041020,2041021,2041022,2041023,2041024,2041025,2041026,2041027,2041028,2041029,2041030,2041031,2041032,2041033,2041034,2041035,2041036,2041037,2041038,2041039,2041040,2041041,2041042,2041043,2041044,2041045,2041046,2041047,2041048,2041049,2041050,2041051,2041052,2041053,2041054,2041055,2041056,2041057,2041058,2041059,2041060,2041061,2041062,2041066,2041067,2041068,2041069,2041100,2041101,2041102,2041103,2041104,2041105,2041106,2041107,2041108,2041109,2041110,2041111,2041112,2041113,2041114,2041115,2041116,2041117,2041118,2041119,2041200,2041211,2041212,2041300,2041301,2041302,2041303,2041304,2041305,2041306,2041307,2041308,2041309,2041310,2041311,2041312,2041313,2041314,2041315,2041316,2041317,2041318,2041319,2043000,2043001,2043002,2043003,2043004,2043005,2043006,2043007,2043008,2043009,2043010,2043011,2043012,2043013,2043016,2043017,2043018,2043019,2043021,2043022,2043023,2043024,2043025,2043100,2043101,2043102,2043103,2043104,2043105,2043106,2043107,2043108,2043110,2043111,2043112,2043113,2043114,2043116,2043117,2043118,2043119,2043120,2043200,2043201,2043202,2043203,2043204,2043205,2043206,2043207,2043208,2043210,2043211,2043212,2043213,2043214,2043216,2043217,2043218,2043219,2043220,2043300,2043301,2043302,2043303,2043304,2043305,2043306,2043307,2043308,2043311,2043312,2043313,2043700,2043701,2043702,2043703,2043704,2043705,2043706,2043707,2043708,2043711,2043712,2043713,2043800,2043801,2043802,2043803,2043804,2043805,2043806,2043807,2043808,2043811,2043812,2043813,2044000,2044001,2044002,2044003,2044004,2044005,2044006,2044007,2044008,2044011,2044012,2044013,2044014,2044015,2044024,2044025,2044026,2044027,2044028,2044100,2044101,2044102,2044103,2044104,2044105,2044106,2044107,2044108,2044110,2044111,2044112,2044113,2044114,2044116,2044117,2044118,2044119,2044120,2044200,2044201,2044202,2044203,2044204,2044205,2044206,2044207,2044208,2044210,2044211,2044212,2044213,2044214,2044216,2044217,2044218,2044219,2044220,2044300,2044301,2044302,2044303,2044304,2044305,2044306,2044307,2044308,2044311,2044312,2044313,2044314,2044316,2044317,2044318,2044319,2044320,2044400,2044401,2044402,2044403,2044404,2044405,2044406,2044407,2044408,2044410,2044411,2044412,2044413,2044414,2044416,2044417,2044418,2044419,2044420,2044500,2044501,2044502,2044503,2044504,2044505,2044506,2044507,2044508,2044511,2044512,2044513,2044600,2044601,2044602,2044603,2044604,2044605,2044606,2044607,2044608,2044611,2044612,2044613,2044700,2044701,2044702,2044703,2044704,2044705,2044706,2044707,2044708,2044711,2044712,2044713,2044800,2044801,2044802,2044803,2044804,2044806,2044807,2044808,2044809,2044810,2044811,2044812,2044813,2044814,2044815,2044816,2044817,2044900,2044901,2044902,2044903,2044904,2044905,2044906,2044907,2044908,2044909,2044910,2048001,2048002,2048006,2048007,2048008,2048009,2048010,2048011,2048012,2048013,2049000,2049001,2049002,2049003,2049102,2049105,2049106,2049107,2049108,2049109,2049110,2049112,2049200,2049201,2049202,2049203,2049204,2049205,2049206,2049207,2049208,2049209,2049210,2049211,2050001,2060001,2060002,2060003,2060004,2060006,2061001,2061002,2061003,2061004,2070000,2070001,2070002,2070003,2070004,2070005,2070006,2070007,2070008,2070009,2070010,2070011,2070012,2070013,2070014,2070015,2070016,2070018,2083000,2084000,2100001,2100002,2100003,2100004,2100005,2100006,2100007,2100008,2100009,2100010,2100011,2100012,2100013,2100015,2100017,2100028,2100033,2100034,2100035,2100036,2100037,2100038,2100039,2100040,2100049,2100053,2100054,2100055,2100056,2100057,2100058,2100059,2100063,2100064,2100065,2100069,2100071,2100072,2100075,2100091,2100117,2100118,2100130,2100141,2100142,2100143,2100144,2100145,2100146,2100147,2100148,2100149,2100150,2100151,2100166,2100901,2100902,2100903,2100904,2101000,2101001,2101002,2101003,2101004,2101005,2101006,2101016,2101017,2101018,2101019,2101021,2101022,2101051,2101052,2101053,2101054,2101055,2101056,2101058,2101060,2101061,2101080,2101081,2101082,2101083,2101084,2101085,2101086,2101087,2101088,2101089,2101090,2101091,2101092,2101093,2101139,2101149,2101150,2101158,2102001,2102002,2102003,2102004,2102006,2120000,2210003,2210017,2210023,2210024,2210030,2210032,2210033,2211000,2240004,2240005,2240006,2240007,2240008,2240009,2240010,2240011,2240012,2240013,2240014,2240015,2280000,2280003,2280004,2280005,2280006,2280007,2280008,2280009,2280010,2280011,2280012,2280013,2280014,2280015,2280016,2280020,2280021,2280022,2280023,2280024,2280025,2290000,2290001,2290002,2290003,2290004,2290005,2290006,2290007,2290008,2290009,2290010,2290011,2290012,2290013,2290014,2290015,2290016,2290017,2290018,2290019,2290020,2290021,2290022,2290023,2290024,2290025,2290026,2290027,2290028,2290029,2290030,2290031,2290032,2290033,2290034,2290035,2290036,2290037,2290038,2290039,2290040,2290041,2290042,2290043,2290044,2290045,2290046,2290047,2290048,2290049,2290050,2290051,2290052,2290053,2290054,2290055,2290056,2290057,2290058,2290059,2290060,2290061,2290062,2290063,2290064,2290065,2290066,2290067,2290068,2290069,2290070,2290071,2290072,2290073,2290074,2290075,2290076,2290077,2290078,2290079,2290080,2290081,2290082,2290083,2290084,2290085,2290086,2290087,2290088,2290089,2290090,2290091,2290092,2290093,2290094,2290095,2290096,2290097,2290098,2290099,2290100,2290101,2290102,2290103,2290104,2290105,2290106,2290107,2290108,2290109,2290110,2290111,2290112,2290113,2290114,2290115,2290116,2290117,2290118,2290119,2290120,2290121,2290122,2290123,2290124,2290125,2290126,2290127,2290128,2290129,2290130,2290131,2290132,2290133,2290134,2290135,2290136,2290137,2290138,2290139,2330000,2330001,2330002,2330003,2330004,2330005,2330006,2340000,2370000,2370001,2370002,2370003,2370004,2370005,2370006,2370007,2370008,2370009,2370010,2370011,2370012,2380003,2380004,2380005,2380006,2380009,2381000,2381021,2382000,2382001,2382002,2382003,2382004,2382005,2382006,2382007,2382008,2382009,2382010,2382011,2382012,2382013,2382014,2382015,2382016,2382017,2382018,2382019,2382020,2382021,2382022,2382023,2382024,2382025,2382026,2382027,2382028,2382029,2382030,2382031,2382032,2382033,2382034,2382035,2382036,2382037,2382038,2382039,2382040,2382041,2382042,2382043,2382044,2382045,2382046,2382047,2382048,2382049,2382050,2382051,2382052,2382053,2382054,2382055,2382056,2382057,2382058,2382059,2382060,2382061,2382062,2382063,2382064,2382065,2382066,2382067,2382068,2382069,2382070,2382071,2382072,2382076,2382092,2382093,2382094,2382095,2382096,2383000,2383001,2383002,2383003,2383004,2383005,2383006,2383007,2383008,2383009,2383010,2383011,2383012,2383013,2383014,2383015,2383016,2383017,2383018,2383019,2383020,2383021,2383022,2383023,2383024,2383025,2383026,2383027,2383028,2383029,2383030,2383031,2383032,2383033,2383034,2383035,2383036,2383037,2383038,2383039,2383040,2383041,2383042,2383043,2383044,2383045,2383046,2383047,2383048,2383049,2383056,2383057,2383058,2383059,2384000,2384001,2384002,2384003,2384004,2384005,2384006,2384007,2384008,2384009,2384010,2384011,2384012,2384013,2384014,2384015,2384016,2384017,2384018,2384019,2384020,2384021,2384022,2384023,2384024,2384025,2384026,2384027,2384028,2384029,2384030,2384031,2384032,2384033,2384034,2384035,2384036,2384037,2384038,2384039,2384040,2385000,2385001,2385002,2385003,2385004,2385005,2385006,2385007,2385008,2385009,2385010,2385011,2385012,2385013,2385014,2385015,2385016,2385017,2385018,2385019,2385020,2385021,2385022,2385023,2385025,2386000,2386001,2386002,2386003,2386004,2386005,2386006,2386007,2386008,2386009,2386010,2386011,2386012,2386013,2386014,2386015,2386016,2386017,2386021,2386022,2386023,2386024,2387000,2387001,2387002,2387003,2387004,2387006,2387007,2387008,2387009,2387010,2387011,2387012,2387013,2388000,2388001,2388002,2388003,2388004,2388005,2388006,2388007,2388008,2388009,2388010,2388011,2388012,2388013,2388014,2388015,2388016,2388017,2388018,2388019,2388020,2388021,2388022,2388023,2388024,2388025,2388026,2388027,2388029,2388030,2388031,2388032,2388033,2388039,2388040,2388041,2388042,2388043,2388046,2388052,2388053,2388054,2388055,2388070,2390000,2430000,2430001,2430002,2430003,2430006,2430007,2430008,2430009,2430030	2001500,2001501,2001502,2001503,2001504,2001505,2001506,2001507,2001508,2001509,2001510,2001511,2001512,2001513,2001514,2001515,2001516,2001517,2001518,2001519,2001520,2001521,2001522,2001523,2001524,2001525,2020033,2020034,2020035,2022355,2022469,2022470,2022537,2022620,2022637,2022642,2022652,2022653,2022654,2022655,2022656,2022657,2022658,2022659,2022660,2022661,2022662,2022695,2040001,2040002,2040004,2040005,2040019,2040020,2040021,2040022,2040120,2040211,2040212,2040227,2040228,2040229,2040230,2040301,2040302,2040313,2040314,2040401,2040402,2040415,2040416,2040501,2040502,2040504,2040505,2040513,2040514,2040516,2040517,2040522,2040523,2040524,2040525,2040526,2040527,2040528,2040529,2040601,2040602,2040615,2040616,2040701,2040702,2040704,2040705,2040707,2040708,2040801,2040802,2040804,2040805,2040819,2040820,2040821,2040822,2040901,2040902,2040910,2040911,2041001,2041002,2041004,2041005,2041007,2041008,2041010,2041011,2041013,2041014,2041016,2041017,2041019,2041020,2041022,2041023,2041042,2041043,2041044,2041045,2041046,2041047,2041048,2041049,2041050,2041051,2041052,2041053,2041054,2041055,2041056,2041057,2043001,2043002,2043011,2043012,2043101,2043102,2043106,2043107,2043201,2043202,2043206,2043207,2043301,2043302,2043306,2043307,2043701,2043702,2043706,2043707,2043714,2043801,2043802,2043806,2043807,2043814,2044001,2044002,2044006,2044007,2044101,2044102,2044106,2044107,2044201,2044202,2044206,2044207,2044301,2044302,2044306,2044307,2044401,2044402,2044406,2044407,2044501,2044502,2044506,2044507,2044601,2044602,2044606,2044607,2044701,2044702,2044706,2044707,2044802,2044902,2047000,2047001,2047002,2047100,2047101,2047102,2047200,2047201,2047202,2047203,2047204,2047205,2047206,2047207,2047208,2047300,2047301,2047302,2047303,2047304,2047305,2047306,2047307,2047308,2047309,2048001,2048002,2048004,2048005,2048006,2048007,2048008,2048009,2070018,2100166,2100167,2100168,2210044,2210045,2210046,2210047,2210048,2210049,2280002,2280003,2280026,2280027,2280028,2280029,2290096,2290118,2290125,2290140,2290141,2290142,2290143,2290144,2290145,2290146,2290147,2290148,2290149,2290150,2290151,2290152,2290162,2290163,2290164,2380020,2381084,2381085,2382097,2382098,2382099,2382100,2382101,2382102,2382103,2382104,2382105,2382106,2382107,2382108,2382109,2382110,2382111,2382112,2384058,2384059,2384060,2384061,2384062,2385038,2385039,2385040,2385041,2385042,2385043,2385044,2386033,2386034,2388075,2388076,2388077,2388078,2388079,2388080,2388081,2388082,2430008,2430033,2430034,2430035,2430036,2430037,2430038,2430039,2430040,2430041,2430042,2430043,2430044,2430045,2430046,2430047,2430048,2430073,2430074,2430075,2430076,2430077	2022537,2040001,2040002,2040004,2040005,2040019,2040020,2040021,2040022,2040301,2040302,2040313,2040314,2040401,2040402,2040415,2040416,2040501,2040502,2040504,2040505,2040513,2040514,2040516,2040517,2040522,2040523,2040524,2040525,2040526,2040527,2040528,2040529,2040601,2040602,2040615,2040616,2040701,2040702,2040704,2040801,2040802,2040804,2040805,2040819,2040820,2040821,2040822,2040901,2040902,2040910,2040911,2041001,2041002,2041004,2041005,2041007,2041008,2041010,2041011,2041013,2041014,2041016,2041017,2041019,2041020,2041022,2041023,2041042,2041043,2041044,2041045,2041046,2041047,2041048,2041049,2041050,2041051,2041052,2041053,2041054,2041055,2041056,2041057,2043001,2043002,2043011,2043012,2043101,2043102,2043106,2043107,2043201,2043202,2043206,2043207,2043301,2043302,2043306,2043307,2043701,2043702,2043706,2043707,2043801,2043802,2043806,2043807,2044001,2044002,2044006,2044007,2044101,2044102,2044106,2044107,2044201,2044202,2044206,2044207,2044301,2044302,2044306,2044307,2044401,2044402,2044406,2044407,2044501,2044502,2044506,2044507,2044601,2044602,2044606,2044607,2044701,2044702,2044706,2044707,2044802,2044902,2048001,2048002,2048006,2048007,2048008,2048009,2070018,2100166,2280003,2290096,2290118,2290125,2430008				
D WHOLESALE (overlap too wide to drill)	String	String.wz/MonsterBook.img	OVERLAP	100100,100101,100130,100131,100132,100133,100134,1110100,1110101,1110130,1120100,1130100,1140100,1140130,120100,1210100,1210101,1210102,1210103,130100,130101,2100100,2100101,2100102,2100103,2100104,2100105,2100106,2100107,2100108,210100,2110200,2110300,2110301,2130100,2130103,2220000,2220100,2230100,2230101,2230102,2230103,2230104,2230105,2230106,2230107,2230108,2230109,2230110,2230111,2230131,2230200,2300100,3000000,3000001,3000005,3000006,3100101,3100102,3110100,3110101,3110102,3110300,3110301,3110302,3110303,3210100,3210200,3210201,3210202,3210203,3210204,3210205,3210206,3210207,3210208,3210450,3210800,3220000,3220001,3230100,3230101,3230102,3230103,3230104,3230200,3230300,3230302,3230303,3230304,3230305,3230306,3230307,3230308,3230400,3230405,3300000,3300001,3300002,3300003,3300004,3300005,3300006,3300007,3300008,4110300,4110301,4110302,4130100,4130101,4130102,4130103,4220000,4230100,4230101,4230102,4230103,4230104,4230105,4230106,4230107,4230108,4230109,4230110,4230111,4230112,4230113,4230114,4230115,4230116,4230117,4230118,4230119,4230120,4230121,4230123,4230124,4230125,4230126,4230200,4230201,4230300,4230400,4230500,4230501,4230502,4230503,4230504,4230505,4230506,4230600,4240000,4250000,4250001,5090000,5090001,5100000,5100002,5100003,5100004,5100005,5110300,5110301,5110302,5120000,5120001,5120002,5120003,5120100,5120500,5120501,5120502,5120503,5120504,5120505,5120506,5130100,5130101,5130102,5130103,5130104,5130105,5130107,5130108,5140000,5150000,5150001,5200000,5200001,5200002,5220000,5220002,5220003,5220004,5250000,5250001,5250002,5300000,5300001,5300100,5400000,6090000,6090001,6090003,6090004,6110300,6110301,6130100,6130101,6130103,6130200,6130202,6130203,6130204,6130207,6130208,6130209,6220000,6220001,6230100,6230200,6230300,6230400,6230401,6230500,6230600,6230601,6230602,6300000,6300005,6300100,6400000,6400100,7090000,7110300,7110301,7130000,7130001,7130002,7130003,7130004,7130010,7130020,7130100,7130101,7130102,7130103,7130104,7130200,7130300,7130400,7130401,7130402,7130500,7130501,7130600,7130601,7140000,7160000,7220000,7220001,7220002,8090000,8110300,8130100,8140000,8140001,8140002,8140100,8140101,8140102,8140103,8140110,8140111,8140200,8140300,8140500,8140600,8140700,8140701,8140702,8140703,8141000,8141100,8141300,8142000,8142100,8143000,8150000,8150100,8150101,8150200,8150201,8150300,8150301,8150302,8160000,8170000,8180000,8180001,8190000,8190002,8190003,8190004,8200000,8200001,8200002,8200003,8200004,8200005,8200006,8200007,8200008,8200009,8200010,8200011,8200012,8220000,8220001,8220002,8220003,8220004,8220005,8220006,8220007,8220009,8500002,8510000,8800002,8810018,8820000,8830000,9300003,9300012,9300028,9300039,9300119,9300139,9300182,9300215,9300255,9300274,9500317,9500320	1210111,2220110,2230112,3100101,3110100,3110101,3110102,3110300,3110301,3110302,3110303,3210100,3210201,3210202,3210203,3210204,3210205,3210206,3210207,3210208,3210450,3210800,3230100,3230101,3230102,3230103,3230104,3230200,3230302,3230303,3230304,3230305,3230306,3230307,3230308,3230400,3230405,3400000,3400001,3400002,3400003,3400005,3400007,4110300,4110301,4110302,4130100,4130101,4130102,4130103,4230100,4230101,4230102,4230103,4230104,4230105,4230106,4230107,4230108,4230109,4230110,4230111,4230112,4230113,4230114,4230115,4230116,4230117,4230118,4230119,4230120,4230121,4230123,4230124,4230125,4230126,4230200,4230201,4230300,4230400,4230500,4230501,4230502,4230503,4230504,4230505,4230506,4230600,4240000,4250000,4250001,4300001,4300003,4300005,4300006,4300007,4300008,4300009,4300010,4300011,4300012,4300013,5100000,5100002,5100003,5100004,5100005,5110300,5110301,5110302,5120000,5120001,5120002,5120003,5120100,5120500,5120501,5120502,5120503,5120504,5120505,5120506,5130100,5130101,5130103,5130104,5130105,5130107,5130108,5140000,5150000,5150001,5250000,5250001,5250002,5300000,5300001,5300100,5400000,6110300,6110301,6130100,6130103,6130200,6130202,6130203,6130204,6130207,6130208,6130209,6230100,6230200,6230300,6230400,6230401,6230500,6230600,6230601,6230602,6300000,6300100,6400100,7110300,7110301,7120103,7120104,7120105,7120106,7120107,7120108,7120109,7130000,7130001,7130002,7130003,7130010,7130020,7130100,7130101,7130102,7130103,7130104,7130200,7130300,7130400,7130401,7130402,7130500,7130501,7130600,7130601,7140000,7160000,7220003,8110300,8120102,8120103,8120104,8120105,8120106,8140000,8140001,8140002,8140100,8140101,8140102,8140103,8140111,8140200,8140300,8140500,8140511,8140512,8140600,8140700,8140701,8140702,8141000,8141100,8141300,8142000,8142100,8143000,8150100,8150101,8150200,8150201,8150300,8150301,8150302,8160000,8170000,8180000,8180001,8190000,8190002,8190003,8190004,8200000,8200001,8200002,8200003,8200004,8200005,8200006,8200007,8200008,8200009,8200010,8200011,8200012,8220003,8220004,8220005,8220006,8220010,8220011,8220012,8220013,8300006,8300007,8500002,8800002,8810018,8820000	3100101,3110100,3110101,3110102,3110300,3110301,3110302,3110303,3210100,3210201,3210202,3210203,3210204,3210205,3210206,3210207,3210208,3210450,3210800,3230100,3230101,3230102,3230103,3230104,3230200,3230302,3230303,3230304,3230305,3230306,3230307,3230308,3230400,3230405,4110300,4110301,4110302,4130100,4130101,4130102,4130103,4230100,4230101,4230102,4230103,4230104,4230105,4230106,4230107,4230108,4230109,4230110,4230111,4230112,4230113,4230114,4230115,4230116,4230117,4230118,4230119,4230120,4230121,4230123,4230124,4230125,4230126,4230200,4230201,4230300,4230400,4230500,4230501,4230502,4230503,4230504,4230505,4230506,4230600,4240000,4250000,4250001,5100000,5100002,5100003,5100004,5100005,5110300,5110301,5110302,5120000,5120001,5120002,5120003,5120100,5120500,5120501,5120502,5120503,5120504,5120505,5120506,5130100,5130101,5130103,5130104,5130105,5130107,5130108,5140000,5150000,5150001,5250000,5250001,5250002,5300000,5300001,5300100,5400000,6110300,6110301,6130100,6130103,6130200,6130202,6130203,6130204,6130207,6130208,6130209,6230100,6230200,6230300,6230400,6230401,6230500,6230600,6230601,6230602,6300000,6300100,6400100,7110300,7110301,7130000,7130001,7130002,7130003,7130010,7130020,7130100,7130101,7130102,7130103,7130104,7130200,7130300,7130400,7130401,7130402,7130500,7130501,7130600,7130601,7140000,7160000,8110300,8140000,8140001,8140002,8140100,8140101,8140102,8140103,8140111,8140200,8140300,8140500,8140600,8140700,8140701,8140702,8141000,8141100,8141300,8142000,8142100,8143000,8150100,8150101,8150200,8150201,8150300,8150301,8150302,8160000,8170000,8180000,8180001,8190000,8190002,8190003,8190004,8200000,8200001,8200002,8200003,8200004,8200005,8200006,8200007,8200008,8200009,8200010,8200011,8200012,8220003,8220004,8220005,8220006,8500002,8800002,8810018,8820000				
D WHOLESALE (overlap too wide to drill)	String	String.wz/Npc.img	OVERLAP	1022006,2081008,2102001,2112004,9000021,9105003,9110002,9120006,9120007,9120008,9120013,9120014,9120015,9120016,9209000,9901000,9901001,9901002,9901003,9901004,9901005,9901006,9901007,9901008,9901009,9901010,9901011,9901012,9901013,9901014,9901015,9901016,9901017,9901018,9901019,9901020,9901021,9901022,9901023,9901024,9901025,9901026,9901027,9901028,9901029,9901030,9901031,9901032,9901033,9901034,9901035,9901036,9901037,9901038,9901039,9901040,9901041,9901042,9901043,9901044,9901045,9901046,9901047,9901048,9901049,9901050,9901051,9901052,9901053,9901054,9901055,9901056,9901057,9901058,9901059,9901060,9901061,9901062,9901063,9901064,9901065,9901066,9901067,9901068,9901069,9901070,9901071,9901072,9901073,9901074,9901075,9901076,9901077,9901078,9901079,9901080,9901081,9901082,9901083,9901084,9901085,9901086,9901087,9901088,9901089,9901090,9901091,9901092,9901093,9901094,9901095,9901096,9901097,9901098,9901099,9901100,9901101,9901102,9901103,9901104,9901105,9901106,9901107,9901108,9901109,9901110,9901111,9901112,9901113,9901114,9901115,9901116,9901117,9901118,9901119,9901120,9901121,9901122,9901123,9901124,9901125,9901126,9901127,9901128,9901129,9901130,9901131,9901132,9901133,9901134,9901135,9901136,9901137,9901138,9901139,9901140,9901141,9901142,9901143,9901144,9901145,9901146,9901147,9901148,9901149,9901150,9901151,9901152,9901153,9901154,9901155,9901156,9901157,9901158,9901159,9901160,9901161,9901162,9901163,9901164,9901165,9901166,9901167,9901168,9901169,9901170,9901171,9901172,9901173,9901174,9901175,9901176,9901177,9901178,9901179,9901180,9901181,9901182,9901183,9901184,9901185,9901186,9901187,9901188,9901189,9901190,9901191,9901192,9901193,9901194,9901195,9901196,9901197,9901198,9901199,9901200,9901201,9901202,9901203,9901204,9901205,9901206,9901207,9901208,9901209,9901210,9901211,9901212,9901213,9901214,9901215,9901216,9901217,9901218,9901219,9901220,9901221,9901222,9901223,9901224,9901225,9901226,9901227,9901228,9901229,9901230,9901231,9901232,9901233,9901234,9901235,9901236,9901237,9901238,9901239,9901240,9901241,9901242,9901243,9901244,9901245,9901246,9901247,9901248,9901249,9901250,9901251,9901252,9901253,9901254,9901255,9901256,9901257,9901258,9901259,9901260,9901261,9901262,9901263,9901264,9901265,9901266,9901267,9901268,9901269,9901270,9901271,9901272,9901273,9901274,9901275,9901276,9901277,9901278,9901279,9901280,9901281,9901282,9901283,9901284,9901285,9901286,9901287,9901288,9901289,9901290,9901291,9901292,9901293,9901294,9901295,9901296,9901297,9901298,9901299,9901300,9901301,9901302,9901303,9901304,9901305,9901306,9901307,9901308,9901309,9901310,9901311,9901312,9901313,9901314,9901315,9901316,9901317,9901318,9901319,9901320,9901321,9901322,9901323,9901324,9901325,9901326,9901327,9901328,9901329,9901330,9901331,9901332,9901333,9901334,9901335,9901336,9901337,9901338,9901339,9901340,9901341,9901342,9901343,9901344,9901345,9901346,9901347,9901348,9901349,9901350,9901351,9901352,9901353,9901354,9901355,9901356,9901357,9901358,9901359,9901360,9901361,9901362,9901363,9901364,9901365,9901366,9901367,9901368,9901369,9901370,9901371,9901372,9901373,9901374,9901375,9901376,9901377,9901378,9901379,9901380,9901381,9901382,9901383,9901384,9901385,9901386,9901387,9901388,9901389,9901390,9901391,9901392,9901393,9901394,9901395,9901396,9901397,9901398,9901399,9901400,9901401,9901402,9901403,9901404,9901405,9901406,9901407,9901408,9901409,9901410,9901411,9901412,9901413,9901414,9901415,9901416,9901417,9901418,9901419,9901420,9901421,9901422,9901423,9901424,9901425,9901426,9901427,9901428,9901429,9901430,9901431,9901432,9901433,9901434,9901435,9901436,9901437,9901438,9901439,9901440,9901441,9901442,9901443,9901444,9901445,9901446,9901447,9901448,9901449,9901450,9901451,9901452,9901453,9901454,9901455,9901456,9901457,9901458,9901459,9901460,9901461,9901462,9901463,9901464,9901465,9901466,9901467,9901468,9901469,9901470,9901471,9901472,9901473,9901474,9901475,9901476,9901477,9901478,9901479,9901480,9901481,9901482,9901483,9901484,9901485,9901486,9901487,9901488,9901489,9901490,9901491,9901492,9901493,9901494,9901495,9901496,9901497,9901498,9901499,9901500,9901501,9901502,9901503,9901504,9901505,9901506,9901507,9901508,9901509,9901510,9901511,9901512,9901513,9901514,9901515,9901516,9901517,9901518,9901519,9901520,9901521,9901522,9901523,9901524,9901525,9901526,9901527,9901528,9901529,9901530,9901531,9901532,9901533,9901534,9901535,9901536,9901537,9901538,9901539,9901540,9901541,9901542,9901543,9901544,9901545,9901546,9901547,9901548,9901549,9901550,9901551,9901552,9901553,9901554,9901555,9901556,9901557,9901558,9901559,9901560,9901561,9901562,9901563,9901564,9901565,9901566,9901567,9901568,9901569,9901570,9901571,9901572,9901573,9901574,9901575,9901576,9901577,9901578,9901579,9901580,9901581,9901582,9901583,9901584,9901585,9901586,9901587,9901588,9901589,9901590,9901591,9901592,9901593,9901594,9901595,9901596,9901597,9901598,9901599,9901600,9901601,9901602,9901603,9901604,9901605,9901606,9901607,9901608,9901609,9901610,9901611,9901612,9901613,9901614,9901615,9901616,9901617,9901618,9901619,9901620,9901621,9901622,9901623,9901624,9901625,9901626,9901627,9901628,9901629,9901630,9901631,9901632,9901633,9901634,9901635,9901636,9901637,9901638,9901639,9901640,9901641,9901642,9901643,9901644,9901645,9901646,9901647,9901648,9901649,9901650,9901651,9901652,9901653,9901654,9901655,9901656,9901657,9901658,9901659,9901660,9901661,9901662,9901663,9901664,9901665,9901666,9901667,9901668,9901669,9901670,9901671,9901672,9901673,9901674,9901675,9901676,9901677,9901678,9901679,9901680,9901681,9901682,9901683,9901684,9901685,9901686,9901687,9901688,9901689,9901690,9901691,9901692,9901693,9901694,9901695,9901696,9901697,9901698,9901699,9901700,9901701,9901702,9901703,9901704,9901705,9901706,9901707,9901708,9901709,9901710,9901711,9901712,9901713,9901714,9901715,9901716,9901717,9901718,9901719,9901720,9901721,9901722,9901723,9901724,9901725,9901726,9901727,9901728,9901729,9901730,9901731,9901732,9901733,9901734,9901735,9901736,9901737,9901738,9901739,9901740,9901741,9901742,9901743,9901744,9901745,9901746,9901747,9901748,9901749,9901750,9901751,9901752,9901753,9901754,9901755,9901756,9901757,9901758,9901759,9901760,9901761,9901762,9901763,9901764,9901765,9901766,9901767,9901768,9901769,9901770,9901771,9901772,9901773,9901774,9901775,9901776,9901777,9901778,9901779,9901780,9901781,9901782,9901783,9901784,9901785,9901786,9901787,9901788,9901789,9901790,9901791,9901792,9901793,9901794,9901795,9901796,9901797,9901798,9901799,9901800,9901801,9901802,9901803,9901804,9901805,9901806,9901807,9901808,9901809,9901810,9901811,9901812,9901813,9901814,9901815,9901816,9901817,9901818,9901819,9901820,9901821,9901822,9901823,9901824,9901825,9901826,9901827,9901828,9901829,9901830,9901831,9901832,9901833,9901834,9901835,9901836,9901837,9901838,9901839,9901840,9901841,9901842,9901843,9901844,9901845,9901846,9901847,9901848,9901849,9901850,9901851,9901852,9901853,9901854,9901855,9901856,9901857,9901858,9901859,9901860,9901861,9901862,9901863,9901864,9901865,9901866,9901867,9901868,9901869,9901870,9901871,9901872,9901873,9901874,9901875,9901876,9901877,9901878,9901879,9901880,9901881,9901882,9901883,9901884,9901885,9901886,9901887,9901888,9901889,9901890,9901891,9901892,9901893,9901894,9901895,9901896,9901897,9901898,9901899,9901900,9901901,9901902,9901903,9901904,9901905,9901906,9901907,9901908,9901909,9901910,9901911,9901912,9901913,9901914,9901915,9901916,9901917,9901918,9901919,9901920,9901921,9901922,9901923,9901924,9901925,9901926,9901927,9901928,9901929,9901930,9901931,9901932,9901933,9901934,9901935,9901936,9901937,9901938,9901939,9901940,9901941,9901942,9901943,9901944,9901945,9901946,9901947,9901948,9901949,9901950,9901951,9901952,9901953,9901954,9901955,9901956,9901957,9901958,9901959,9901960,9901961,9901962,9901963,9901964,9901965,9901966,9901967,9901968,9901969,9901970,9901971,9901972,9901973,9901974,9901975,9901976,9901977,9901978,9901979,9901980,9901981,9901982,9901983,9901984,9901985,9901986,9901987,9901988,9901989,9901990,9901991,9901992,9901993,9901994,9901995,9901996,9901997,9901998,9901999,9902000,9902001,9902002,9902003,9902004,9902005,9902006,9902007,9902008,9902009,9902010,9902011,9902012,9902013,9902014,9902015,9902016,9902017,9902018,9902019,9902020,9902021,9902022,9902023,9902024,9902025,9902026,9902027,9902028,9902029,9902030,9902031,9902032,9902033,9902034,9902035,9902036,9902037,9902038,9902039,9902040,9902041,9902042,9902043,9902044,9902045,9902046,9902047,9902048,9902049,9902050,9902051,9902052,9902053,9902054,9902055,9902056,9902057,9902058,9902059,9902060,9902061,9902062,9902063,9902064,9902065,9902066,9902067,9902068,9902069,9902070,9902071,9902072,9902073,9902074,9902075,9902076,9902077,9902078,9902079,9902080,9902081,9902082,9902083,9902084,9902085,9902086,9902087,9902088,9902089,9902090,9902091,9902092,9902093,9902094,9902095,9902096,9902097,9902098,9902099,9902100,9902101,9902102,9902103,9902104,9902105,9902106,9902107,9902108,9902109,9902110,9902111,9902112,9902113,9902114,9902115,9902116,9902117,9902118,9902119,9902120,9902121,9902122,9902123,9902124,9902125,9902126,9902127,9902128,9902129,9902130,9902131,9902132,9902133,9902134,9902135,9902136,9902137,9902138,9902139,9902140,9902141,9902142,9902143,9902144,9902145,9902146,9902147,9902148,9902149,9902150,9902151,9902152,9902153,9902154,9902155,9902156,9902157,9902158,9902159,9902160,9902161,9902162,9902163,9902164,9902165,9902166,9902167,9902168,9902169,9902170,9902171,9902172,9902173,9902174,9902175,9902176,9902177,9902178,9902179,9902180,9902181,9902182,9902183,9902184,9902185,9902186,9902187,9902188,9902189,9902190,9902191,9902192,9902193,9902194,9902195,9902196,9902197,9902198,9902199,9902200,9902201,9902202,9902203,9902204,9902205,9902206,9902207,9902208,9902209,9902210,9902211,9902212,9902213,9902214,9902215,9902216,9902217,9902218,9902219,9902220,9902221,9902222,9902223,9902224,9902225,9902226,9902227,9902228,9902229,9902230,9902231,9902232,9902233,9902234,9902235,9902236,9902237,9902238,9902239,9902240,9902241,9902242,9902243,9902244,9902245,9902246,9902247,9902248,9902249,9902250,9902251,9902252,9902253,9902254,9902255,9902256,9902257,9902258,9902259,9902260,9902261,9902262,9902263,9902264,9902265,9902266,9902267,9902268,9902269,9902270,9902271,9902272,9902273,9902274,9902275,9902276,9902277,9902278,9902279,9902280,9902281,9902282,9902283,9902284,9902285,9902286,9902287,9902288,9902289,9902290,9902291,9902292,9902293,9902294,9902295,9902296,9902297,9902298,9902299,9902300,9902301,9902302,9902303,9902304,9902305,9902306,9902307,9902308,9902309,9902310,9902311,9902312,9902313,9902314,9902315,9902316,9902317,9902318,9902319,9902320,9902321,9902322,9902323,9902324,9902325,9902326,9902327,9902328,9902329,9902330,9902331,9902332,9902333,9902334,9902335,9902336,9902337,9902338,9902339,9902340,9902341,9902342,9902343,9902344,9902345,9902346,9902347,9902348,9902349,9902350,9902351,9902352,9902353,9902354,9902355,9902356,9902357,9902358,9902359,9902360,9902361,9902362,9902363,9902364,9902365,9902366,9902367,9902368,9902369,9902370,9902371,9902372,9902373,9902374,9902375,9902376,9902377,9902378,9902379,9902380,9902381,9902382,9902383,9902384,9902385,9902386,9902387,9902388,9902389,9902390,9902391,9902392,9902393,9902394,9902395,9902396,9902397,9902398,9902399,9902400,9902401,9902402,9902403,9902404,9902405,9902406,9902407,9902408,9902409,9902410,9902411,9902412,9902413,9902414,9902415,9902416,9902417,9902418,9902419,9902420,9902421,9902422,9902423,9902424,9902425,9902426,9902427,9902428,9902429,9902430,9902431,9902432,9902433,9902434,9902435,9902436,9902437,9902438,9902439,9902440,9902441,9902442,9902443,9902444,9902445,9902446,9902447,9902448,9902449,9902450,9902451,9902452,9902453,9902454,9902455,9902456,9902457,9902458,9902459,9902460,9902461,9902462,9902463,9902464,9902465,9902466,9902467,9902468,9902469,9902470,9902471,9902472,9902473,9902474,9902475,9902476,9902477,9902478,9902479,9902480,9902481,9902482,9902483,9902484,9902485,9902486,9902487,9902488,9902489,9902490,9902491,9902492,9902493,9902494,9902495,9902496,9902497,9902498,9902499,9902500,9902501,9902502,9902503,9902504,9902505,9902506,9902507,9902508,9902509,9902510,9902511,9902512,9902513,9902514,9902515,9902516,9902517,9902518,9902519,9902520,9902521,9902522,9902523,9902524,9902525,9902526,9902527,9902528,9902529,9902530,9902531,9902532,9902533,9902534,9902535,9902536,9902537,9902538,9902539,9902540,9902541,9902542,9902543,9902544,9902545,9902546,9902547,9902548,9902549,9902550,9902551,9902552,9902553,9902554,9902555,9902556,9902557,9902558,9902559,9902560,9902561,9902562,9902563,9902564,9902565,9902566,9902567,9902568,9902569,9902570,9902571,9902572,9902573,9902574,9902575,9902576,9902577,9902578,9902579,9902580,9902581,9902582,9902583,9902584,9902585,9902586,9902587,9902588,9902589,9902590,9902591,9902592,9902593,9902594,9902595,9902596,9902597,9902598,9902599,9902600,9902601,9902602,9902603,9902604,9902605,9902606,9902607,9902608,9902609,9902610,9902611,9902612,9902613,9902614,9902615,9902616,9902617,9902618,9902619,9902620,9902621,9902622,9902623,9902624,9902625,9902626,9902627,9902628,9902629,9902630,9902631,9902632,9902633,9902634,9902635,9902636,9902637,9902638,9902639,9902640,9902641,9902642,9902643,9902644,9902645,9902646,9902647,9902648,9902649,9902650,9902651,9902652,9902653,9902654,9902655,9902656,9902657,9902658,9902659,9902660,9902661,9902662,9902663,9902664,9902665,9902666,9902667,9902668,9902669,9902670,9902671,9902672,9902673,9902674,9902675,9902676,9902677,9902678,9902679,9902680,9902681,9902682,9902683,9902684,9902685,9902686,9902687,9902688,9902689,9902690,9902691,9902692,9902693,9902694,9902695,9902696,9902697,9902698,9902699,9902700,9902701,9902702,9902703,9902704,9902705,9902706,9902707,9902708,9902709,9902710,9902711,9902712,9902713,9902714,9902715,9902716,9902717,9902718,9902719,9902720,9902721,9902722,9902723,9902724,9902725,9902726,9902727,9902728,9902729,9902730,9902731,9902732,9902733,9902734,9902735,9902736,9902737,9902738,9902739,9902740,9902741,9902742,9902743,9902744,9902745,9902746,9902747,9902748,9902749,9902750,9902751,9902752,9902753,9902754,9902755,9902756,9902757,9902758,9902759,9902760,9902761,9902762,9902763,9902764,9902765,9902766,9902767,9902768,9902769,9902770,9902771,9902772,9902773,9902774,9902775,9902776,9902777,9902778,9902779,9902780,9902781,9902782,9902783,9902784,9902785,9902786,9902787,9902788,9902789,9902790,9902791,9902792,9902793,9902794,9902795,9902796,9902797,9902798,9902799,9902800,9902801,9902802,9902803,9902804,9902805,9902806,9902807,9902808,9902809,9902810,9902811,9902812,9902813,9902814,9902815,9902816,9902817,9902818,9902819,9902820,9902821,9902822,9902823,9902824,9902825,9902826,9902827,9902828,9902829,9902830,9902831,9902832,9902833,9902834,9902835,9902836,9902837,9902838,9902839,9902840,9902841,9902842,9902843,9902844,9902845,9902846,9902847,9902848,9902849,9902850,9902851,9902852,9902853,9902854,9902855,9902856,9902857,9902858,9902859,9902860,9902861,9902862,9902863,9902864,9902865,9902866,9902867,9902868,9902869,9902870,9902871,9902872,9902873,9902874,9902875,9902876,9902877,9902878,9902879,9902880,9902881,9902882,9902883,9902884,9902885,9902886,9902887,9902888,9902889,9902890,9902891,9902892,9902893,9902894,9902895,9902896,9902897,9902898,9902899,9902900,9902901,9902902,9902903,9902904,9902905,9902906,9902907,9902908,9902909,9902910,9902911,9902912,9902913,9902914,9902915,9902916,9902917,9902918,9902919,9902920,9902921,9902922,9902923,9902924,9902925,9902926,9902927,9902928,9902929,9902930,9902931,9902932,9902933,9902934,9902935,9902936,9902937,9902938,9902939,9902940,9902941,9902942,9902943,9902944,9902945,9902946,9902947,9902948,9902949,9902950,9902951,9902952,9902953,9902954,9902955,9902956,9902957,9902958,9902959,9902960,9902961,9902962,9902963,9902964,9902965,9902966,9902967,9902968,9902969,9902970,9902971,9902972,9902973,9902974,9902975,9902976,9902977,9902978,9902979,9902980,9902981,9902982,9902983,9902984,9902985,9902986,9902987,9902988,9902989,9902990,9902991,9902992,9902993,9902994,9902995,9902996,9902997,9902998,9902999,9903000,9903001,9903002,9903003,9903004,9903005,9903006,9903007,9903008,9903009,9903010,9903011,9903012,9903013,9903014,9903015,9903016,9903017,9903018,9903019,9903020,9903021,9903022,9903023,9903024,9903025,9903026,9903027,9903028,9903029,9903030,9903031,9903032,9903033,9903034,9903035,9903036,9903037,9903038,9903039,9903040,9903041,9903042,9903043,9903044,9903045,9903046,9903047,9903048,9903049,9903050,9903051,9903052,9903053,9903054,9903055,9903056,9903057,9903058,9903059,9903060,9903061,9903062,9903063,9903064,9903065,9903066,9903067,9903068,9903069,9903070,9903071,9903072,9903073,9903074,9903075,9903076,9903077,9903078,9903079,9903080,9903081,9903082,9903083,9903084,9903085,9903086,9903087,9903088,9903089,9903090,9903091,9903092,9903093,9903094,9903095,9903096,9903097,9903098,9903099,9903100,9903101,9903102,9903103,9903104,9903105,9903106,9903107,9903108,9903109,9903110,9903111,9903112,9903113,9903114,9903115,9903116,9903117,9903118,9903119,9903120,9903121,9903122,9903123,9903124,9903125,9903126,9903127,9903128,9903129,9903130,9903131,9903132,9903133,9903134,9903135,9903136,9903137,9903138,9903139,9903140,9903141,9903142,9903143,9903144,9903145,9903146,9903147,9903148,9903149,9903150,9903151,9903152,9903153,9903154,9903155,9903156,9903157,9903158,9903159,9903160,9903161,9903162,9903163,9903164,9903165,9903166,9903167,9903168,9903169,9903170,9903171,9903172,9903173,9903174,9903175,9903176,9903177,9903178,9903179,9903180,9903181,9903182,9903183,9903184,9903185,9903186,9903187,9903188,9903189,9903190,9903191,9903192,9903193,9903194,9903195,9903196,9903197,9903198,9903199,9903200,9903201,9903202,9903203,9903204,9903205,9903206,9903207,9903208,9903209,9903210,9903211,9903212,9903213,9903214,9903215,9903216,9903217,9903218,9903219,9903220,9903221,9903222,9903223,9903224,9903225,9903226,9903227,9903228,9903229,9903230,9903231,9903232,9903233,9903234,9903235,9903236,9903237,9903238,9903239,9903240,9903241,9903242,9903243,9903244,9903245,9903246,9903247,9903248,9903249,9903250,9903251,9903252,9903253,9903254,9903255,9903256,9903257,9903258,9903259,9903260,9903261,9903262,9903263,9903264,9903265,9903266,9903267,9903268,9903269,9903270,9903271,9903272,9903273,9903274,9903275,9903276,9903277,9903278,9903279,9903280,9903281,9903282,9903283,9903284,9903285,9903286,9903287,9903288,9903289,9903290,9903291,9903292,9903293,9903294,9903295,9903296,9903297,9903298,9903299,9903300,9903301,9903302,9903303,9903304,9903305,9903306,9903307,9903308,9903309,9903310,9903311,9903312,9903313,9903314,9903315,9903316,9903317,9903318,9903319,9903320,9903321,9903322,9903323,9903324,9903325,9903326,9903327,9903328,9903329,9903330,9903331,9903332,9903333,9903334,9903335,9903336,9903337,9903338,9903339,9903340,9903341,9903342,9903343,9903344,9903345,9903346,9903347,9903348,9903349,9903350,9903351,9903352,9903353,9903354,9903355,9903356,9903357,9903358,9903359,9903360,9903361,9903362,9903363,9903364,9903365,9903366,9903367,9903368,9903369,9903370,9903371,9903372,9903373,9903374,9903375,9903376,9903377,9903378,9903379,9903380,9903381,9903382,9903383,9903384,9903385,9903386,9903387,9903388,9903389,9903390,9903391,9903392,9903393,9903394,9903395,9903396,9903397,9903398,9903399,9903400,9903401,9903402,9903403,9903404,9903405,9903406,9903407,9903408,9903409,9903410,9903411,9903412,9903413,9903414,9903415,9903416,9903417,9903418,9903419,9903420,9903421,9903422,9903423,9903424,9903425,9903426,9903427,9903428,9903429,9903430,9903431,9903432,9903433,9903434,9903435,9903436,9903437,9903438,9903439,9903440,9903441,9903442,9903443,9903444,9903445,9903446,9903447,9903448,9903449,9903450,9903451,9903452,9903453,9903454,9903455,9903456,9903457,9903458,9903459,9903460,9903461,9903462,9903463,9903464,9903465,9903466,9903467,9903468,9903469,9903470,9903471,9903472,9903473,9903474,9903475,9903476,9903477,9903478,9903479,9903480,9903481,9903482,9903483,9903484,9903485,9903486,9903487,9903488,9903489,9903490,9903491,9903492,9903493,9903494,9903495,9903496,9903497,9903498,9903499,9903500,9903501,9903502,9903503,9903504,9903505,9903506,9903507,9903508,9903509,9903510,9903511,9903512,9903513,9903514,9903515,9903516,9903517,9903518,9903519,9903520,9903521,9903522,9903523,9903524,9903525,9903526,9903527,9903528,9903529,9903530,9903531,9903532,9903533,9903534,9903535,9903536,9903537,9903538,9903539,9903540,9903541,9903542,9903543,9903544,9903545,9903546,9903547,9903548,9903549,9903550,9903551,9903552,9903553,9903554,9903555,9903556,9903557,9903558,9903559,9903560,9903561,9903562,9903563,9903564,9903565,9903566,9903567,9903568,9903569,9903570,9903571,9903572,9903573,9903574,9903575,9903576,9903577,9903578,9903579,9903580,9903581,9903582,9903583,9903584,9903585,9903586,9903587,9903588,9903589,9903590,9903591,9903592,9903593,9903594,9903595,9903596,9903597,9903598,9903599,9903600,9903601,9903602,9903603,9903604,9903605,9903606,9903607,9903608,9903609,9903610,9903611,9903612,9903613,9903614,9903615,9903616,9903617,9903618,9903619,9903620,9903621,9903622,9903623,9903624,9903625,9903626,9903627,9903628,9903629,9903630,9903631,9903632,9903633,9903634,9903635,9903636,9903637,9903638,9903639,9903640,9903641,9903642,9903643,9903644,9903645,9903646,9903647,9903648,9903649,9903650,9903651,9903652,9903653,9903654,9903655,9903656,9903657,9903658,9903659,9903660,9903661,9903662,9903663,9903664,9903665,9903666,9903667,9903668,9903669,9903670,9903671,9903672,9903673,9903674,9903675,9903676,9903677,9903678,9903679,9903680,9903681,9903682,9903683,9903684,9903685,9903686,9903687,9903688,9903689,9903690,9903691,9903692,9903693,9903694,9903695,9903696,9903697,9903698,9903699,9903700,9903701,9903702,9903703,9903704,9903705,9903706,9903707,9903708,9903709,9903710,9903711,9903712,9903713,9903714,9903715,9903716,9903717,9903718,9903719,9903720,9903721,9903722,9903723,9903724,9903725,9903726,9903727,9903728,9903729,9903730,9903731,9903732,9903733,9903734,9903735,9903736,9903737,9903738,9903739,9903740,9903741,9903742,9903743,9903744,9903745,9903746,9903747,9903748,9903749,9903750,9903751,9903752,9903753,9903754,9903755,9903756,9903757,9903758,9903759,9903760,9903761,9903762,9903763,9903764,9903765,9903766,9903767,9903768,9903769,9903770,9903771,9903772,9903773,9903774,9903775,9903776,9903777,9903778,9903779,9903780,9903781,9903782,9903783,9903784,9903785,9903786,9903787,9903788,9903789,9903790,9903791,9903792,9903793,9903794,9903795,9903796,9903797,9903798,9903799,9903800,9903801,9903802,9903803,9903804,9903805,9903806,9903807,9903808,9903809,9903810,9903811,9903812,9903813,9903814,9903815,9903816,9903817,9903818,9903819,9903820,9903821,9903822,9903823,9903824,9903825,9903826,9903827,9903828,9903829,9903830,9903831,9903832,9903833,9903834,9903835,9903836,9903837,9903838,9903839,9903840,9903841,9903842,9903843,9903844,9903845,9903846,9903847,9903848,9903849,9903850,9903851,9903852,9903853,9903854,9903855,9903856,9903857,9903858,9903859,9903860,9903861,9903862,9903863,9903864,9903865,9903866,9903867,9903868,9903869,9903870,9903871,9903872,9903873,9903874,9903875,9903876,9903877,9903878,9903879,9903880,9903881,9903882,9903883,9903884,9903885,9903886,9903887,9903888,9903889,9903890,9903891,9903892,9903893,9903894,9903895,9903896,9903897,9903898,9903899,9903900,9903901,9903902,9903903,9903904,9903905,9903906,9903907,9903908,9903909,9903910,9903911,9903912,9903913,9903914,9903915,9903916,9903917,9903918,9903919,9903920,9903921,9903922,9903923,9903924,9903925,9903926,9903927,9903928,9903929,9903930,9903931,9903932,9903933,9903934,9903935,9903936,9903937,9903938,9903939,9903940,9903941,9903942,9903943,9903944,9903945,9903946,9903947,9903948,9903949,9903950,9903951,9903952,9903953,9903954,9903955,9903956,9903957,9903958,9903959,9903960,9903961,9903962,9903963,9903964,9903965,9903966,9903967,9903968,9903969,9903970,9903971,9903972,9903973,9903974,9903975,9903976,9903977,9903978,9903979,9903980,9903981,9903982,9903983,9903984,9903985,9903986,9903987,9903988,9903989,9903990,9903991,9903992,9903993,9903994,9903995,9903996,9903997,9903998,9903999,9904000,9904001,9904002,9904003,9904004,9904005,9904006,9904007,9904008,9904009,9904010,9904011,9904012,9904013,9904014,9904015,9904016,9904017,9904018,9904019,9904020,9904021,9904022,9904023,9904024,9904025,9904026,9904027,9904028,9904029,9904030,9904031,9904032,9904033,9904034,9904035,9904036,9904037,9904038,9904039,9904040,9904041,9904042,9904043,9904044,9904045,9904046,9904047,9904048,9904049,9904050,9904051,9904052,9904053,9904054,9904055,9904056,9904057,9904058,9904059,9904060,9904061,9904062,9904063,9904064,9904065,9904066,9904067,9904068,9904069,9904070,9904071,9904072,9904073,9904074,9904075,9904076,9904077,9904078,9904079,9904080,9904081,9904082,9904083,9904084,9904085,9904086,9904087,9904088,9904089,9904090,9904091,9904092,9904093,9904094,9904095,9904096,9904097,9904098,9904099,9904100,9904101,9904102,9904103,9904104,9904105,9904106,9904107,9904108,9904109,9904110,9904111,9904112,9904113,9904114,9904115,9904116,9904117,9904118,9904119,9904120,9904121,9904122,9904123,9904124,9904125,9904126,9904127,9904128,9904129,9904130,9904131,9904132,9904133,9904134,9904135,9904136,9904137,9904138,9904139,9904140,9904141,9904142,9904143,9904144,9904145,9904146,9904147,9904148,9904149,9904150,9904151,9904152,9904153,9904154,9904155,9904156,9904157,9904158,9904159,9904160,9904161,9904162,9904163,9904164,9904165,9904166,9904167,9904168,9904169,9904170,9904171,9904172,9904173,9904174,9904175,9904176,9904177,9904178,9904179,9904180,9904181,9904182,9904183,9904184,9904185,9904186,9904187,9904188,9904189,9904190,9904191,9904192,9904193,9904194,9904195,9904196,9904197,9904198,9904199,9904200,9904201,9904202,9904203,9904204,9904205,9904206,9904207,9904208,9904209,9904210,9904211,9904212,9904213,9904214,9904215,9904216,9904217,9904218,9904219,9904220,9904221,9904222,9904223,9904224,9904225,9904226,9904227,9904228,9904229,9904230,9904231,9904232,9904233,9904234,9904235,9904236,9904237,9904238,9904239,9904240,9904241,9904242,9904243,9904244,9904245,9904246,9904247,9904248,9904249,9904250,9904251,9904252,9904253,9904254,9904255,9904256,9904257,9904258,9904259,9904260,9904261,9904262,9904263,9904264,9904265,9904266,9904267,9904268,9904269,9904270,9904271,9904272,9904273,9904274,9904275,9904276,9904277,9904278,9904279,9904280,9904281,9904282,9904283,9904284,9904285,9904286,9904287,9904288,9904289,9904290,9904291,9904292,9904293,9904294,9904295,9904296,9904297,9904298,9904299,9904300,9904301,9904302,9904303,9904304,9904305,9904306,9904307,9904308,9904309,9904310,9904311,9904312,9904313,9904314,9904315,9904316,9904317,9904318,9904319,9904320,9904321,9904322,9904323,9904324,9904325,9904326,9904327,9904328,9904329,9904330,9904331,9904332,9904333,9904334,9904335,9904336,9904337,9904338,9904339,9904340,9904341,9904342,9904343,9904344,9904345,9904346,9904347,9904348,9904349,9904350,9904351,9904352,9904353,9904354,9904355,9904356,9904357,9904358,9904359,9904360,9904361,9904362,9904363,9904364,9904365,9904366,9904367,9904368,9904369,9904370,9904371,9904372,9904373,9904374,9904375,9904376,9904377,9904378,9904379,9904380,9904381,9904382,9904383,9904384,9904385,9904386,9904387,9904388,9904389,9904390,9904391,9904392,9904393,9904394,9904395,9904396,9904397,9904398,9904399,9904400,9904401,9904402,9904403,9904404,9904405,9904406,9904407,9904408,9904409,9904410,9904411,9904412,9904413,9904414,9904415,9904416,9904417,9904418,9904419,9904420,9904421,9904422,9904423,9904424,9904425,9904426,9904427,9904428,9904429,9904430,9904431,9904432,9904433,9904434,9904435,9904436,9904437,9904438,9904439,9904440,9904441,9904442,9904443,9904444,9904445,9904446,9904447,9904448,9904449,9904450,9904451,9904452,9904453,9904454,9904455,9904456,9904457,9904458,9904459,9904460,9904461,9904462,9904463,9904464,9904465,9904466,9904467,9904468,9904469,9904470,9904471,9904472,9904473,9904474,9904475,9904476,9904477,9904478,9904479,9904480,9904481,9904482,9904483,9904484,9904485,9904486,9904487,9904488,9904489,9904490,9904491,9904492,9904493,9904494,9904495,9904496,9904497,9904498,9904499,9904500,9904501,9904502,9904503,9904504,9904505,9904506,9904507,9904508,9904509,9904510,9904511,9904512,9904513,9904514,9904515,9904516,9904517,9904518,9904519,9904520,9904521,9904522,9904523,9904524,9904525,9904526,9904527,9904528,9904529,9904530,9904531,9904532,9904533,9904534,9904535,9904536,9904537,9904538,9904539,9904540,9904541,9904542,9904543,9904544,9904545,9904546,9904547,9904548,9904549,9904550,9904551,9904552,9904553,9904554,9904555,9904556,9904557,9904558,9904559,9904560,9904561,9904562,9904563,9904564,9904565,9904566,9904567,9904568,9904569,9904570,9904571,9904572,9904573,9904574,9904575,9904576,9904577,9904578,9904579,9904580,9904581,9904582,9904583,9904584,9904585,9904586,9904587,9904588,9904589,9904590,9904591,9904592,9904593,9904594,9904595,9904596,9904597,9904598,9904599,9904600,9904601,9904602,9904603,9904604,9904605,9904606,9904607,9904608,9904609,9904610,9904611,9904612,9904613,9904614,9904615,9904616,9904617,9904618,9904619,9904620,9904621,9904622,9904623,9904624,9904625,9904626,9904627,9904628,9904629,9904630,9904631,9904632,9904633,9904634,9904635,9904636,9904637,9904638,9904639,9904640,9904641,9904642,9904643,9904644,9904645,9904646,9904647,9904648,9904649,9904650,9904651,9904652,9904653,9904654,9904655,9904656,9904657,9904658,9904659,9904660,9904661,9904662,9904663,9904664,9904665,9904666,9904667,9904668,9904669,9904670,9904671,9904672,9904673,9904674,9904675,9904676,9904677,9904678,9904679,9904680,9904681,9904682,9904683,9904684,9904685,9904686,9904687,9904688,9904689,9904690,9904691,9904692,9904693,9904694,9904695,9904696,9904697,9904698,9904699,9904700,9904701,9904702,9904703,9904704,9904705,9904706,9904707,9904708,9904709,9904710,9904711,9904712,9904713,9904714,9904715,9904716,9904717,9904718,9904719,9904720,9904721,9904722,9904723,9904724,9904725,9904726,9904727,9904728,9904729,9904730,9904731,9904732,9904733,9904734,9904735,9904736,9904737,9904738,9904739,9904740,9904741,9904742,9904743,9904744,9904745,9904746,9904747,9904748,9904749,9904750,9904751,9904752,9904753,9904754,9904755,9904756,9904757,9904758,9904759,9904760,9904761,9904762,9904763,9904764,9904765,9904766,9904767,9904768,9904769,9904770,9904771,9904772,9904773,9904774,9904775,9904776,9904777,9904778,9904779,9904780,9904781,9904782,9904783,9904784,9904785,9904786,9904787,9904788,9904789,9904790,9904791,9904792,9904793,9904794,9904795,9904796,9904797,9904798,9904799,9904800,9904801,9904802,9904803,9904804,9904805,9904806,9904807,9904808,9904809,9904810,9904811,9904812,9904813,9904814,9904815,9904816,9904817,9904818,9904819,9904820,9904821,9904822,9904823,9904824,9904825,9904826,9904827,9904828,9904829,9904830,9904831,9904832,9904833,9904834,9904835,9904836,9904837,9904838,9904839,9904840,9904841,9904842,9904843,9904844,9904845,9904846,9904847,9904848,9904849,9904850,9904851,9904852,9904853,9904854,9904855,9904856,9904857,9904858,9904859,9904860,9904861,9904862,9904863,9904864,9904865,9904866,9904867,9904868,9904869,9904870,9904871,9904872,9904873,9904874,9904875,9904876,9904877,9904878,9904879,9904880,9904881,9904882,9904883,9904884,9904885,9904886,9904887,9904888,9904889,9904890,9904891,9904892,9904893,9904894,9904895,9904896,9904897,9904898,9904899,9904900,9904901,9904902,9904903,9904904,9904905,9904906,9904907,9904908,9904909,9904910,9904911,9904912,9904913,9904914,9904915,9904916,9904917,9904918,9904919,9904920,9904921,9904922,9904923,9904924,9904925,9904926,9904927,9904928,9904929,9904930,9904931,9904932,9904933,9904934,9904935,9904936,9904937,9904938,9904939,9904940,9904941,9904942,9904943,9904944,9904945,9904946,9904947,9904948,9904949,9904950,9904951,9904952,9904953,9904954,9904955,9904956,9904957,9904958,9904959,9904960,9904961,9904962,9904963,9904964,9904965,9904966,9904967,9904968,9904969,9904970,9904971,9904972,9904973,9904974,9904975,9904976,9904977,9904978,9904979,9904980,9904981,9904982,9904983,9904984,9904985,9904986,9904987,9904988,9904989,9904990,9904991,9904992,9904993,9904994,9904995,9904996,9904997,9904998,9904999,9905000,9905001,9905002,9905003,9905004,9905005,9905006,9905007,9905008,9905009,9905010,9905011,9905012,9905013,9905014,9905015,9905016,9905017,9905018,9905019,9905020,9905021,9905022,9905023,9905024,9905025,9905026,9905027,9905028,9905029,9905030,9905031,9905032,9905033,9905034,9905035,9905036,9905037,9905038,9905039,9905040,9905041,9905042,9905043,9905044,9905045,9905046,9905047,9905048,9905049,9905050,9905051,9905052,9905053,9905054,9905055,9905056,9905057,9905058,9905059,9905060,9905061,9905062,9905063,9905064,9905065,9905066,9905067,9905068,9905069,9905070,9905071,9905072,9905073,9905074,9905075,9905076,9905077,9905078,9905079,9905080,9905081,9905082,9905083,9905084,9905085,9905086,9905087,9905088,9905089,9905090,9905091,9905092,9905093,9905094,9905095,9905096,9905097,9905098,9905099,9905100,9905101,9905102,9905103,9905104,9905105,9905106,9905107,9905108,9905109,9905110,9905111,9905112,9905113,9905114,9905115,9905116,9905117,9905118,9905119,9905120,9905121,9905122,9905123,9905124,9905125,9905126,9905127,9905128,9905129,9905130,9905131,9905132,9905133,9905134,9905135,9905136,9905137,9905138,9905139,9905140,9905141,9905142,9905143,9905144,9905145,9905146,9905147,9905148,9905149,9905150,9905151,9905152,9905153,9905154,9905155,9905156,9905157,9905158,9905159,9905160,9905161,9905162,9905163,9905164,9905165,9905166,9905167,9905168,9905169,9905170,9905171,9905172,9905173,9905174,9905175,9905176,9905177,9905178,9905179,9905180,9905181,9905182,9905183,9905184,9905185,9905186,9905187,9905188,9905189,9905190,9905191,9905192,9905193,9905194,9905195,9905196,9905197,9905198,9905199,9905200,9905201,9905202,9905203,9905204,9905205,9905206,9905207,9905208,9905209,9905210,9905211,9905212,9905213,9905214,9905215,9905216,9905217,9905218,9905219,9905220,9905221,9905222,9905223,9905224,9905225,9905226,9905227,9905228,9905229,9905230,9905231,9905232,9905233,9905234,9905235,9905236,9905237,9905238,9905239,9905240,9905241,9905242,9905243,9905244,9905245,9905246,9905247,9905248,9905249,9905250,9905251,9905252,9905253,9905254,9905255,9905256,9905257,9905258,9905259,9905260,9905261,9905262,9905263,9905264,9905265,9905266,9905267,9905268,9905269,9905270,9905271,9905272,9905273,9905274,9905275,9905276,9905277,9905278,9905279,9905280,9905281,9905282,9905283,9905284,9905285,9905286,9905287,9905288,9905289,9905290,9905291,9905292,9905293,9905294,9905295,9905296,9905297,9905298,9905299,9905300,9905301,9905302,9905303,9905304,9905305,9905306,9905307,9905308,9905309,9905310,9905311,9905312,9905313,9905314,9905315,9905316,9905317,9905318,9905319,9905320,9905321,9905322,9905323,9905324,9905325,9905326,9905327,9905328,9905329,9905330,9905331,9905332,9905333,9905334,9905335,9905336,9905337,9905338,9905339,9905340,9905341,9905342,9905343,9905344,9905345,9905346,9905347,9905348,9905349,9905350,9905351,9905352,9905353,9905354,9905355,9905356,9905357,9905358,9905359,9905360,9905361,9905362,9905363,9905364,9905365,9905366,9905367,9905368,9905369,9905370,9905371,9905372,9905373,9905374,9905375,9905376,9905377,9905378,9905379,9905380,9905381,9905382,9905383,9905384,9905385,9905386,9905387,9905388,9905389,9905390,9905391,9905392,9905393,9905394,9905395,9905396,9905397,9905398,9905399,9905400,9905401,9905402,9905403,9905404,9905405,9905406,9905407,9905408,9905409,9905410,9905411,9905412,9905413,9905414,9905415,9905416,9905417,9905418,9905419,9905420,9905421,9905422,9905423,9905424,9905425,9905426,9905427,9905428,9905429,9905430,9905431,9905432,9905433,9905434,9905435,9905436,9905437,9905438,9905439,9905440,9905441,9905442,9905443,9905444,9905445,9905446,9905447,9905448,9905449,9905450,9905451,9905452,9905453,9905454,9905455,9905456,9905457,9905458,9905459,9905460,9905461,9905462,9905463,9905464,9905465,9905466,9905467,9905468,9905469,9905470,9905471,9905472,9905473,9905474,9905475,9905476,9905477,9905478,9905479,9905480,9905481,9905482,9905483,9905484,9905485,9905486,9905487,9905488,9905489,9905490,9905491,9905492,9905493,9905494,9905495,9905496,9905497,9905498,9905499,9905500,9905501,9905502,9905503,9905504,9905505,9905506,9905507,9905508,9905509,9905510,9905511,9905512,9905513,9905514,9905515,9905516,9905517,9905518,9905519,9905520,9905521,9905522,9905523,9905524,9905525,9905526,9905527,9905528,9905529,9905530,9905531,9905532,9905533,9905534,9905535,9905536,9905537,9905538,9905539,9905540,9905541,9905542,9905543,9905544,9905545,9905546,9905547,9905548,9905549,9905550,9905551,9905552,9905553,9905554,9905555,9905556,9905557,9905558,9905559,9905560,9905561,9905562,9905563,9905564,9905565,9905566,9905567,9905568,9905569,9905570,9905571,9905572,9905573,9905574,9905575,9905576,9905577,9905578,9905579,9905580,9905581,9905582,9905583,9905584,9905585,9905586,9905587,9905588,9905589,9905590,9905591,9905592,9905593,9905594,9905595,9905596,9905597,9905598,9905599,9905600,9905601,9905602,9905603,9905604,9905605,9905606,9905607,9905608,9905609,9905610,9905611,9905612,9905613,9905614,9905615,9905616,9905617,9905618,9905619,9905620,9905621,9905622,9905623,9905624,9905625,9905626,9905627,9905628,9905629,9905630,9905631,9905632,9905633,9905634,9905635,9905636,9905637,9905638,9905639,9905640,9905641,9905642,9905643,9905644,9905645,9905646,9905647,9905648,9905649,9905650,9905651,9905652,9905653,9905654,9905655,9905656,9905657,9905658,9905659,9905660,9905661,9905662,9905663,9905664,9905665,9905666,9905667,9905668,9905669,9905670,9905671,9905672,9905673,9905674,9905675,9905676,9905677,9905678,9905679,9905680,9905681,9905682,9905683,9905684,9905685,9905686,9905687,9905688,9905689,9905690,9905691,9905692,9905693,9905694,9905695,9905696,9905697,9905698,9905699,9905700,9905701,9905702,9905703,9905704,9905705,9905706,9905707,9905708,9905709,9905710,9905711,9905712,9905713,9905714,9905715,9905716,9905717,9905718,9905719,9905720,9905721,9905722,9905723,9905724,9905725,9905726,9905727,9905728,9905729,9905730,9905731,9905732,9905733,9905734,9905735,9905736,9905737,9905738,9905739,9905740,9905741,9905742,9905743,9905744,9905745,9905746,9905747,9905748,9905749,9905750,9905751,9905752,9905753,9905754,9905755,9905756,9905757,9905758,9905759,9905760,9905761,9905762,9905763,9905764,9905765,9905766,9905767,9905768,9905769,9905770,9905771,9905772,9905773,9905774,9905775,9905776,9905777,9905778,9905779,9905780,9905781,9905782,9905783,9905784,9905785,9905786,9905787,9905788,9905789,9905790,9905791,9905792,9905793,9905794,9905795,9905796,9905797,9905798,9905799,9905800,9905801,9905802,9905803,9905804,9905805,9905806,9905807,9905808,9905809,9905810,9905811,9905812,9905813,9905814,9905815,9905816,9905817,9905818,9905819,9905820,9905821,9905822,9905823,9905824,9905825,9905826,9905827,9905828,9905829,9905830,9905831,9905832,9905833,9905834,9905835,9905836,9905837,9905838,9905839,9905840,9905841,9905842,9905843,9905844,9905845,9905846,9905847,9905848,9905849,9905850,9905851,9905852,9905853,9905854,9905855,9905856,9905857,9905858,9905859,9905860,9905861,9905862,9905863,9905864,9905865,9905866,9905867,9905868,9905869,9905870,9905871,9905872,9905873,9905874,9905875,9905876,9905877,9905878,9905879,9905880,9905881,9905882,9905883,9905884,9905885,9905886,9905887,9905888,9905889,9905890,9905891,9905892,9905893,9905894,9905895,9905896,9905897,9905898,9905899,9905900,9905901,9905902,9905903,9905904,9905905,9905906,9905907,9905908,9905909,9905910,9905911,9905912,9905913,9905914,9905915,9905916,9905917,9905918,9905919,9905920,9905921,9905922,9905923,9905924,9905925,9905926,9905927,9905928,9905929,9905930,9905931,9905932,9905933,9905934,9905935,9905936,9905937,9905938,9905939,9905940,9905941,9905942,9905943,9905944,9905945,9905946,9905947,9905948,9905949,9905950,9905951,9905952,9905953,9905954,9905955,9905956,9905957,9905958,9905959,9905960,9905961,9905962,9905963,9905964,9905965,9905966,9905967,9905968,9905969,9905970,9905971,9905972,9905973,9905974,9905975,9905976,9905977,9905978,9905979,9905980,9905981,9905982,9905983,9905984,9905985,9905986,9905987,9905988,9905989,9905990,9905991,9905992,9905993,9905994,9905995,9905996,9905997,9905998,9905999,9906000,9906001,9906002,9906003,9906004,9906005,9906006,9906007,9906008,9906009,9906010,9906011,9906012,9906013,9906014,9906015,9906016,9906017,9906018,9906019,9906020,9906021,9906022,9906023,9906024,9906025,9906026,9906027,9906028,9906029,9906030,9906031,9906032,9906033,9906034,9906035,9906036,9906037,9906038,9906039,9906040,9906041,9906042,9906043,9906044,9906045,9906046,9906047,9906048,9906049,9906050,9906051,9906052,9906053,9906054,9906055,9906056,9906057,9906058,9906059,9906060,9906061,9906062,9906063,9906064,9906065,9906066,9906067,9906068,9906069,9906070,9906071,9906072,9906073,9906074,9906075,9906076,9906077,9906078,9906079,9906080,9906081,9906082,9906083,9906084,9906085,9906086,9906087,9906088,9906089,9906090,9906091,9906092,9906093,9906094,9906095,9906096,9906097,9906098,9906099,9906100,9906101,9906102,9906103,9906104,9906105,9906106,9906107,9906108,9906109,9906110,9906111,9906112,9906113,9906114,9906115,9906116,9906117,9906118,9906119,9906120,9906121,9906122,9906123,9906124,9906125,9906126,9906127,9906128,9906129,9906130,9906131,9906132,9906133,9906134,9906135,9906136,9906137,9906138,9906139,9906140,9906141,9906142,9906143,9906144,9906145,9906146,9906147,9906148,9906149,9906150,9906151,9906152,9906153,9906154,9906155,9906156,9906157,9906158,9906159,9906160,9906161,9906162,9906163,9906164,9906165,9906166,9906167,9906168,9906169,9906170,9906171,9906172,9906173,9906174,9906175,9906176,9906177,9906178,9906179,9906180,9906181,9906182,9906183,9906184,9906185,9906186,9906187,9906188,9906189,9906190,9906191,9906192,9906193,9906194,9906195,9906196,9906197,9906198,9906199,9906200,9906201,9906202,9906203,9906204,9906205,9906206,9906207,9906208,9906209,9906210,9906211,9906212,9906213,9906214,9906215,9906216,9906217,9906218,9906219,9906220,9906221,9906222,9906223,9906224,9906225,9906226,9906227,9906228,9906229,9906230,9906231,9906232,9906233,9906234,9906235,9906236,9906237,9906238,9906239,9906240,9906241,9906242,9906243,9906244,9906245,9906246,9906247,9906248,9906249,9906250,9906251,9906252,9906253,9906254,9906255,9906256,9906257,9906258,9906259,9906260,9906261,9906262,9906263,9906264,9906265,9906266,9906267,9906268,9906269,9906270,9906271,9906272,9906273,9906274,9906275,9906276,9906277,9906278,9906279,9906280,9906281,9906282,9906283,9906284,9906285,9906286,9906287,9906288,9906289,9906290,9906291,9906292,9906293,9906294,9906295,9906296,9906297,9906298,9906299,9906300,9906301,9906302,9906303,9906304,9906305,9906306,9906307,9906308,9906309,9906310,9906311,9906312,9906313,9906314,9906315,9906316,9906317,9906318,9906319,9906320,9906321,9906322,9906323,9906324,9906325,9906326,9906327,9906328,9906329,9906330,9906331,9906332,9906333,9906334,9906335,9906336,9906337,9906338,9906339,9906340,9906341,9906342,9906343,9906344,9906345,9906346,9906347,9906348,9906349,9906350,9906351,9906352,9906353,9906354,9906355,9906356,9906357,9906358,9906359,9906360,9906361,9906362,9906363,9906364,9906365,9906366,9906367,9906368,9906369,9906370,9906371,9906372,9906373,9906374,9906375,9906376,9906377,9906378,9906379,9906380,9906381,9906382,9906383,9906384,9906385,9906386,9906387,9906388,9906389,9906390,9906391,9906392,9906393,9906394,9906395,9906396,9906397,9906398,9906399,9906400,9906401,9906402,9906403,9906404,9906405,9906406,9906407,9906408,9906409,9906410,9906411,9906412,9906413,9906414,9906415,9906416,9906417,9906418,9906419,9906420,9906421,9906422,9906423,9906424,9906425,9906426,9906427,9906428,9906429,9906430,9906431,9906432,9906433,9906434,9906435,9906436,9906437,9906438,9906439,9906440,9906441,9906442,9906443,9906444,9906445,9906446,9906447,9906448,9906449,9906450,9906451,9906452,9906453,9906454,9906455,9906456,9906457,9906458,9906459,9906460,9906461,9906462,9906463,9906464,9906465,9906466,9906467,9906468,9906469,9906470,9906471,9906472,9906473,9906474,9906475,9906476,9906477,9906478,9906479,9906480,9906481,9906482,9906483,9906484,9906485,9906486,9906487,9906488,9906489,9906490,9906491,9906492,9906493,9906494,9906495,9906496,9906497,9906498,9906499,9906500,9906501,9906502,9906503,9906504,9906505,9906506,9906507,9906508,9906509,9906510,9906511,9906512,9906513,9906514,9906515,9906516,9906517,9906518,9906519,9906520,9906521,9906522,9906523,9906524,9906525,9906526,9906527,9906528,9906529,9906530,9906531,9906532,9906533,9906534,9906535,9906536,9906537,9906538,9906539,9906540,9906541,9906542,9906543,9906544,9906545,9906546,9906547,9906548,9906549,9906550,9906551,9906552,9906553,9906554,9906555,9906556,9906557,9906558,9906559,9906560,9906561,9906562,9906563,9906564,9906565,9906566,9906567,9906568,9906569,9906570,9906571,9906572,9906573,9906574,9906575,9906576,9906577,9906578,9906579,9906580,9906581,9906582,9906583,9906584,9906585,9906586,9906587,9906588,9906589,9906590,9906591,9906592,9906593,9906594,9906595,9906596,9906597,9906598,9906599,9977777	10000,1001000,1001001,1001100,1002000,1002001,1002002,1002003,1002005,1002006,1002101,1010100,1011101,1012003,1012100,1012101,1012102,1012106,1012107,1012108,1012109,1012119,1013000,1013001,1013002,1013100,1013101,1013102,1013103,1013104,1013105,1013106,1013200,1013201,1013202,1013203,1013204,1013205,1013206,1013207,1022000,1022008,1032001,1032002,1032102,1052001,1052002,1052006,1061000,1061006,1061016,1063003,1063004,1063005,1063006,1063007,1063008,1063009,1063010,1063018,1072000,1072001,1072002,1072003,1072004,1072005,1072006,1072007,1100000,1100001,1100002,1100003,1100004,1100005,1100006,1100008,1101000,1101002,1101004,1101005,1101006,1101007,1101008,1102000,1102001,1102002,1102003,1102004,1102005,1102006,1102007,1102008,1103000,1103001,1103002,1103003,1103004,1104000,1104001,1104002,1104200,11100,12000,1205000,12100,12101,2000,20000,20001,20002,2001,2001000,2001001,2001005,2001006,2001007,2001008,2002,2002000,2002001,2002002,2003,2004,2005,2006,20100,2012034,2020002,2020008,2020009,2020010,2020011,2020013,2030015,2032004,2040030,2050009,2060005,2080007,2081500,2085000,2085001,2085002,2085003,2090001,2092101,2093000,2093001,2094000,2094002,2100,21000,2100009,2101,2101018,2102,2103,2111000,2111001,2112003,2112004,2131000,2131007,2133004,22000,9000007,9000008,9000009,9000021,9000040,9000071,9001001,9001002,9001003,9001004,9001005,9001006,9010000,9010010,9020000,9101001,9101002,9101003,9110002,9201035,9201036,9201057,9201144,9201145,9209002,9250005,9250010,9250022,9250052,9250053,9250054,9270025,9300000,9300001,9300002,9300003,9310001,9310002,9310003,9310014,9310015,9310016,9310017,9310018,9310019,9330000,9330001,9330002,9330003,9330004,9330005,9330006,9330007,9330008,9330009,9330010,9330011,9330012,9330013,9330014,9330015,9330016,9330017,9330018,9330019,9330020,9330021,9330022,9330023,9330024,9330025,9330026,9330027,9330028,9330029,9330030,9330031,9330032,9901000,9901001,9901002,9901003,9901004,9901005,9901006,9901007,9901008,9901009,9901010,9901011,9901012,9901013,9901014,9901015,9901016,9901017,9901018,9901019,9901100,9901101,9901102,9901103,9901104,9901105,9901106,9901107,9901108,9901109,9901110,9901111,9901112,9901113,9901114,9901115,9901116,9901117,9901118,9901119,9901200,9901201,9901202,9901203,9901204,9901205,9901206,9901207,9901208,9901209,9901210,9901211,9901212,9901213,9901214,9901215,9901216,9901217,9901218,9901219,9901300,9901301,9901302,9901303,9901304,9901305,9901306,9901307,9901308,9901309,9901310,9901311,9901312,9901313,9901314,9901315,9901316,9901317,9901318,9901319,9901500,9901501,9901502,9901503,9901504,9901505,9901506,9901507,9901508,9901509,9901510,9901511,9901512,9901513,9901514,9901515,9901516,9901517,9901518,9901519,9901520,9901521,9901522,9901523,9901524,9901525,9901526,9901527,9901528,9901529,9901530,9901531,9901532,9901533,9901534,9901535,9901536,9901537,9901538,9901539,9901540,9901541,9901542,9901543,9901544,9901545,9901546,9901547,9901548,9901549,9901550,9901551,9901910,9901911,9901912,9901913,9901914,9901915,9901916,9901917,9901918,9901919	2112004,9000021,9110002,9901000,9901001,9901002,9901003,9901004,9901005,9901006,9901007,9901008,9901009,9901010,9901011,9901012,9901013,9901014,9901015,9901016,9901017,9901018,9901019,9901100,9901101,9901102,9901103,9901104,9901105,9901106,9901107,9901108,9901109,9901110,9901111,9901112,9901113,9901114,9901115,9901116,9901117,9901118,9901119,9901200,9901201,9901202,9901203,9901204,9901205,9901206,9901207,9901208,9901209,9901210,9901211,9901212,9901213,9901214,9901215,9901216,9901217,9901218,9901219,9901300,9901301,9901302,9901303,9901304,9901305,9901306,9901307,9901308,9901309,9901310,9901311,9901312,9901313,9901314,9901315,9901316,9901317,9901318,9901319,9901500,9901501,9901502,9901503,9901504,9901505,9901506,9901507,9901508,9901509,9901510,9901511,9901512,9901513,9901514,9901515,9901516,9901517,9901518,9901519,9901520,9901521,9901522,9901523,9901524,9901525,9901526,9901527,9901528,9901529,9901530,9901531,9901532,9901533,9901534,9901535,9901536,9901537,9901538,9901539,9901540,9901541,9901542,9901543,9901544,9901545,9901546,9901547,9901548,9901549,9901550,9901551,9901910,9901911,9901912,9901913,9901914,9901915,9901916,9901917,9901918,9901919				
D WHOLESALE (overlap too wide to drill)	String	String.wz/Skill.img	OVERLAP	0000100,10000100,1121001,1221001,13101003,1311006,1321001,14101004,20000100,20001002,2001,20010012,20011000,20011001,20011002,20011003,20011004,20011005,20011006,20011007,20011009,20011010,20011011,20011018,20011019,20011020,20011025,20011026,20011027,20011028,20011029,20011030,20011031,20011037,20011038,20011039,20019000,20019001,20019002,21110004,21120006,2200,22000000,22001001,2210,22101000,22101001,2211,22111000,22111001,2212,22121000,22121001,2213,22131000,22131001,2214,22140000,22141001,22141002,22141003,2215,22150000,22151001,22151002,22151003,2216,22160000,22161001,22161002,22161003,2217,22170001,22171000,22171002,22171003,22171004,2218,22181000,22181001,22181002,22181003,4100002,5101005,5121003,9001000,9001001,9001002,9001003,9001004,9001005,9001006,9001007,9001008,9101000,9101001,9101002,9101003,9101004,9101005,9101006,9101007,9101008	0001025,0001026,0001027,0001028,0001029,0001030,0001031,0001037,0001038,0001039,10001025,10001026,10001027,10001028,10001029,10001030,10001031,10001037,10001038,10001039,1320006,1321007,20001025,20001026,20001027,20001028,20001029,20001030,20001031,20001037,20001038,20001039,2001,20010012,20011000,20011001,20011002,20011003,20011004,20011005,20011006,20011007,20011009,20011010,20011011,20011018,20011019,20011020,20011025,20011026,20011027,20011028,20011029,20011030,20011031,20011037,20011038,20011039,20019000,20019001,20019002,21100000,21100001,21100004,21110003,21120004,2121004,2200,22000000,22001001,2210,22101000,22101001,2211,22111000,22111001,2212,22121000,22121001,2213,22131000,22131001,2214,22140000,22141001,22141002,22141003,2215,22150000,22151001,22151002,22151003,2216,22160000,22161001,22161002,22161003,2217,22170001,22171000,22171002,22171003,22171004,2218,22181000,22181001,22181002,22181003,2221004,2321004,4121008,5101005,5101007,9000,90000000,90001001,90001002,90001003,90001004,90001005,90001006	2001,20010012,20011000,20011001,20011002,20011003,20011004,20011005,20011006,20011007,20011009,20011010,20011011,20011018,20011019,20011020,20011025,20011026,20011027,20011028,20011029,20011030,20011031,20011037,20011038,20011039,20019000,20019001,20019002,2200,22000000,22001001,2210,22101000,22101001,2211,22111000,22111001,2212,22121000,22121001,2213,22131000,22131001,2214,22140000,22141001,22141002,22141003,2215,22150000,22151001,22151002,22151003,2216,22160000,22161001,22161002,22161003,2217,22170001,22171000,22171002,22171003,22171004,2218,22181000,22181001,22181002,22181003,5101005				2001,20010012,20011000,20011001,20011002,20011003,20011004,20011005,20011006,20011007,20011009,20011010,20011011,20011018,20011019,20011020,20011025,20011026,20011027,20011028,20011029,20011030,20011031,20011037,20011038,20011039,20019000,20019001,20019002,2200,22000000,22001001,2210,22101000,22101001,2211,22111000,22111001,2212,22121000,22121001,2213,22131000,22131001,2214,22140000,22141001,22141002,22141003,2215,22150000,22151001,22151002,22151003,2216,22160000,22161001,22161002,22161003,2217,22170001,22171000,22171002,22171003,22171004,2218,22181000,22181001,22181002,22181003
D WHOLESALE (overlap too wide to drill)	UI	UI.wz/UIWindow.img	OVERLAP	Equip,FadeYesNo,GachaCopy,ImageFrame,KeyConfig,MobGage,PartySearch2,QuestIcon,Repair,SkillEx,SkillMacroEx,SkillUp,Stat,UserList	Equip,FadeYesNo,FloatNotice,GachaCopy,ImageFrame,KeyConfig,MobGage,MonsterKilling,PartySearch,PartySearch2,QuestIcon,Repair,SkillEx,SkillMacroEx,SlideMenu,Stat,ToolTip,UserList	Equip,FadeYesNo,GachaCopy,ImageFrame,KeyConfig,MobGage,PartySearch2,QuestIcon,Repair,SkillEx,SkillMacroEx,Stat,UserList				Equip,GachaCopy,ImageFrame,KeyConfig,PartySearch2,QuestIcon,Repair,SkillEx,SkillMacroEx,UserList
