archive	set	category	path
Character	removed	ARRAY: writes INTO an existing slot	Character.wz/Glove/01082262.img/swingP2/2/lGlove
Character	removed	ARRAY: writes INTO an existing slot	Character.wz/Glove/01082262.img/swingT2/2/lGlove
Character	removed	ARRAY: writes INTO an existing slot	Character.wz/Glove/01082262.img/swingT3/0/lGlove
Character	removed	ARRAY: writes INTO an existing slot	Character.wz/Longcoat/01052156.img/shootF/2/mailArm
Character	removed	ARRAY: writes INTO an existing slot	Character.wz/Longcoat/01052161.img/shootF/2/mailArm
Character	removed	ARRAY: prepend / different origin	Character.wz/Weapon/01492024.img/stabT2/0
Character	removed	ARRAY: prepend / different origin	Character.wz/Weapon/01492024.img/swingPF/0
Character	removed	ARRAY: prepend / different origin	Character.wz/Weapon/01492024.img/swingPF/1
Character	removed	ARRAY: prepend / different origin	Character.wz/Weapon/01492024.img/swingPF/2
Etc	removed	ARRAY: writes INTO an existing slot	Etc.wz/Commodity.img/2334/PbCash
Etc	removed	ARRAY: writes INTO an existing slot	Etc.wz/Commodity.img/2334/PbGift
Etc	removed	ARRAY: writes INTO an existing slot	Etc.wz/Commodity.img/2334/PbPoint
Etc	removed	ARRAY: writes INTO an existing slot	Etc.wz/Commodity.img/2390/PbCash
Etc	removed	ARRAY: writes INTO an existing slot	Etc.wz/Commodity.img/2390/PbGift
Etc	removed	ARRAY: writes INTO an existing slot	Etc.wz/Commodity.img/2390/PbPoint
Etc	removed	ARRAY: writes INTO an existing slot	Etc.wz/Commodity.img/2391/PbCash
Etc	removed	ARRAY: writes INTO an existing slot	Etc.wz/Commodity.img/2391/PbGift
Etc	removed	ARRAY: writes INTO an existing slot	Etc.wz/Commodity.img/2391/PbPoint
Etc	removed	ARRAY: writes INTO an existing slot	Etc.wz/Commodity.img/2392/PbCash
Etc	removed	ARRAY: writes INTO an existing slot	Etc.wz/Commodity.img/2392/PbGift
Etc	removed	ARRAY: writes INTO an existing slot	Etc.wz/Commodity.img/2392/PbPoint
Etc	removed	ARRAY: writes INTO an existing slot	Etc.wz/Commodity.img/2485/PbCash
Etc	removed	ARRAY: writes INTO an existing slot	Etc.wz/Commodity.img/2485/PbGift
Etc	removed	ARRAY: writes INTO an existing slot	Etc.wz/Commodity.img/2485/PbPoint
Etc	removed	ARRAY: writes INTO an existing slot	Etc.wz/Commodity.img/2486/PbCash
Etc	removed	ARRAY: writes INTO an existing slot	Etc.wz/Commodity.img/2486/PbGift
Etc	removed	ARRAY: writes INTO an existing slot	Etc.wz/Commodity.img/2486/PbPoint
Etc	removed	ARRAY: writes INTO an existing slot	Etc.wz/Commodity.img/2487/PbCash
Etc	removed	ARRAY: writes INTO an existing slot	Etc.wz/Commodity.img/2487/PbGift
Etc	removed	ARRAY: writes INTO an existing slot	Etc.wz/Commodity.img/2487/PbPoint
Etc	removed	ARRAY: writes INTO an existing slot	Etc.wz/Commodity.img/2911/PbCash
Etc	removed	ARRAY: writes INTO an existing slot	Etc.wz/Commodity.img/2911/PbGift
Etc	removed	ARRAY: writes INTO an existing slot	Etc.wz/Commodity.img/2911/PbPoint
Etc	removed	ARRAY: writes INTO an existing slot	Etc.wz/Commodity.img/2939/PbCash
Etc	removed	ARRAY: writes INTO an existing slot	Etc.wz/Commodity.img/2939/PbGift
Etc	removed	ARRAY: writes INTO an existing slot	Etc.wz/Commodity.img/2939/PbPoint
Etc	removed	ARRAY: writes INTO an existing slot	Etc.wz/Commodity.img/2989/PbCash
Etc	removed	ARRAY: writes INTO an existing slot	Etc.wz/Commodity.img/2989/PbGift
Etc	removed	ARRAY: writes INTO an existing slot	Etc.wz/Commodity.img/2989/PbPoint
Etc	removed	ARRAY: writes INTO an existing slot	Etc.wz/Commodity.img/3018/PbCash
Etc	removed	ARRAY: writes INTO an existing slot	Etc.wz/Commodity.img/3018/PbGift
Etc	removed	ARRAY: writes INTO an existing slot	Etc.wz/Commodity.img/3018/PbPoint
Etc	removed	ARRAY: writes INTO an existing slot	Etc.wz/Commodity.img/3048/PbCash
Etc	removed	ARRAY: writes INTO an existing slot	Etc.wz/Commodity.img/3048/PbGift
Etc	removed	ARRAY: writes INTO an existing slot	Etc.wz/Commodity.img/3048/PbPoint
Etc	removed	ARRAY: writes INTO an existing slot	Etc.wz/Commodity.img/3108/PbCash
Etc	removed	ARRAY: writes INTO an existing slot	Etc.wz/Commodity.img/3108/PbGift
Etc	removed	ARRAY: writes INTO an existing slot	Etc.wz/Commodity.img/3108/PbPoint
Etc	removed	ARRAY: writes INTO an existing slot	Etc.wz/Commodity.img/3109/PbCash
Etc	removed	ARRAY: writes INTO an existing slot	Etc.wz/Commodity.img/3109/PbGift
Etc	removed	ARRAY: writes INTO an existing slot	Etc.wz/Commodity.img/3109/PbPoint
Etc	removed	ARRAY: writes INTO an existing slot	Etc.wz/Commodity.img/3110/PbCash
Etc	removed	ARRAY: writes INTO an existing slot	Etc.wz/Commodity.img/3110/PbGift
Etc	removed	ARRAY: writes INTO an existing slot	Etc.wz/Commodity.img/3110/PbPoint
Etc	removed	ARRAY: writes INTO an existing slot	Etc.wz/Commodity.img/3111/PbCash
Etc	removed	ARRAY: writes INTO an existing slot	Etc.wz/Commodity.img/3111/PbGift
Etc	removed	ARRAY: writes INTO an existing slot	Etc.wz/Commodity.img/3111/PbPoint
Etc	removed	ARRAY: writes INTO an existing slot	Etc.wz/Commodity.img/3112/PbCash
Etc	removed	ARRAY: writes INTO an existing slot	Etc.wz/Commodity.img/3112/PbGift
Etc	removed	ARRAY: writes INTO an existing slot	Etc.wz/Commodity.img/3112/PbPoint
Etc	removed	ARRAY: writes INTO an existing slot	Etc.wz/Commodity.img/3113/PbCash
Etc	removed	ARRAY: writes INTO an existing slot	Etc.wz/Commodity.img/3113/PbGift
Etc	removed	ARRAY: writes INTO an existing slot	Etc.wz/Commodity.img/3113/PbPoint
Etc	removed	ARRAY: writes INTO an existing slot	Etc.wz/Commodity.img/3114/PbCash
Etc	removed	ARRAY: writes INTO an existing slot	Etc.wz/Commodity.img/3114/PbGift
Etc	removed	ARRAY: writes INTO an existing slot	Etc.wz/Commodity.img/3114/PbPoint
Etc	removed	ARRAY: writes INTO an existing slot	Etc.wz/Commodity.img/3115/PbCash
Etc	removed	ARRAY: writes INTO an existing slot	Etc.wz/Commodity.img/3115/PbGift
Etc	removed	ARRAY: writes INTO an existing slot	Etc.wz/Commodity.img/3115/PbPoint
Etc	removed	ARRAY: writes INTO an existing slot	Etc.wz/Commodity.img/3116/PbCash
Etc	removed	ARRAY: writes INTO an existing slot	Etc.wz/Commodity.img/3116/PbGift
Etc	removed	ARRAY: writes INTO an existing slot	Etc.wz/Commodity.img/3116/PbPoint
Etc	removed	ARRAY: writes INTO an existing slot	Etc.wz/Commodity.img/3117/PbCash
Etc	removed	ARRAY: writes INTO an existing slot	Etc.wz/Commodity.img/3117/PbGift
Etc	removed	ARRAY: writes INTO an existing slot	Etc.wz/Commodity.img/3117/PbPoint
Etc	removed	ARRAY: writes INTO an existing slot	Etc.wz/Commodity.img/3118/PbCash
Etc	removed	ARRAY: writes INTO an existing slot	Etc.wz/Commodity.img/3118/PbGift
Etc	removed	ARRAY: writes INTO an existing slot	Etc.wz/Commodity.img/3118/PbPoint
Etc	removed	ARRAY: writes INTO an existing slot	Etc.wz/Commodity.img/3119/PbCash
Etc	removed	ARRAY: writes INTO an existing slot	Etc.wz/Commodity.img/3119/PbGift
Etc	removed	ARRAY: writes INTO an existing slot	Etc.wz/Commodity.img/3119/PbPoint
Etc	removed	ARRAY: writes INTO an existing slot	Etc.wz/Commodity.img/3120/PbCash
Etc	removed	ARRAY: writes INTO an existing slot	Etc.wz/Commodity.img/3120/PbGift
Etc	removed	ARRAY: writes INTO an existing slot	Etc.wz/Commodity.img/3120/PbPoint
Etc	removed	ARRAY: writes INTO an existing slot	Etc.wz/Commodity.img/3121/PbCash
Etc	removed	ARRAY: writes INTO an existing slot	Etc.wz/Commodity.img/3121/PbGift
Etc	removed	ARRAY: writes INTO an existing slot	Etc.wz/Commodity.img/3121/PbPoint
Etc	removed	ARRAY: writes INTO an existing slot	Etc.wz/Commodity.img/3122/PbCash
Etc	removed	ARRAY: writes INTO an existing slot	Etc.wz/Commodity.img/3122/PbGift
Etc	removed	ARRAY: writes INTO an existing slot	Etc.wz/Commodity.img/3122/PbPoint
Etc	removed	ARRAY: writes INTO an existing slot	Etc.wz/Commodity.img/3123/PbCash
Etc	removed	ARRAY: writes INTO an existing slot	Etc.wz/Commodity.img/3123/PbGift
Etc	removed	ARRAY: writes INTO an existing slot	Etc.wz/Commodity.img/3123/PbPoint
Etc	removed	ARRAY: writes INTO an existing slot	Etc.wz/Commodity.img/3124/PbCash
Etc	removed	ARRAY: writes INTO an existing slot	Etc.wz/Commodity.img/3124/PbGift
Etc	removed	ARRAY: writes INTO an existing slot	Etc.wz/Commodity.img/3124/PbPoint
Etc	removed	ARRAY: writes INTO an existing slot	Etc.wz/Commodity.img/3125/PbCash
Etc	removed	ARRAY: writes INTO an existing slot	Etc.wz/Commodity.img/3125/PbGift
Etc	removed	ARRAY: writes INTO an existing slot	Etc.wz/Commodity.img/3125/PbPoint
Etc	removed	ARRAY: writes INTO an existing slot	Etc.wz/Commodity.img/3126/PbCash
Etc	removed	ARRAY: writes INTO an existing slot	Etc.wz/Commodity.img/3126/PbGift
Etc	removed	ARRAY: writes INTO an existing slot	Etc.wz/Commodity.img/3126/PbPoint
Etc	removed	ARRAY: writes INTO an existing slot	Etc.wz/Commodity.img/3127/PbCash
Etc	removed	ARRAY: writes INTO an existing slot	Etc.wz/Commodity.img/3127/PbGift
Etc	removed	ARRAY: writes INTO an existing slot	Etc.wz/Commodity.img/3127/PbPoint
Etc	removed	ARRAY: writes INTO an existing slot	Etc.wz/Commodity.img/3128/PbCash
Etc	removed	ARRAY: writes INTO an existing slot	Etc.wz/Commodity.img/3128/PbGift
Etc	removed	ARRAY: writes INTO an existing slot	Etc.wz/Commodity.img/3128/PbPoint
Etc	removed	ARRAY: writes INTO an existing slot	Etc.wz/Commodity.img/3129/PbCash
Etc	removed	ARRAY: writes INTO an existing slot	Etc.wz/Commodity.img/3129/PbGift
Etc	removed	ARRAY: writes INTO an existing slot	Etc.wz/Commodity.img/3129/PbPoint
Etc	removed	ARRAY: writes INTO an existing slot	Etc.wz/Commodity.img/3309/PbCash
Etc	removed	ARRAY: writes INTO an existing slot	Etc.wz/Commodity.img/3309/PbGift
Etc	removed	ARRAY: writes INTO an existing slot	Etc.wz/Commodity.img/3309/PbPoint
Etc	removed	ARRAY: writes INTO an existing slot	Etc.wz/Commodity.img/3316/PbCash
Etc	removed	ARRAY: writes INTO an existing slot	Etc.wz/Commodity.img/3316/PbGift
Etc	removed	ARRAY: writes INTO an existing slot	Etc.wz/Commodity.img/3316/PbPoint
Etc	removed	ARRAY: writes INTO an existing slot	Etc.wz/Commodity.img/3327/PbCash
Etc	removed	ARRAY: writes INTO an existing slot	Etc.wz/Commodity.img/3327/PbGift
Etc	removed	ARRAY: writes INTO an existing slot	Etc.wz/Commodity.img/3327/PbPoint
Etc	removed	ARRAY: writes INTO an existing slot	Etc.wz/Commodity.img/3338/PbCash
Etc	removed	ARRAY: writes INTO an existing slot	Etc.wz/Commodity.img/3338/PbGift
Etc	removed	ARRAY: writes INTO an existing slot	Etc.wz/Commodity.img/3338/PbPoint
Etc	removed	ARRAY: writes INTO an existing slot	Etc.wz/Commodity.img/3395/PbCash
Etc	removed	ARRAY: writes INTO an existing slot	Etc.wz/Commodity.img/3395/PbGift
Etc	removed	ARRAY: writes INTO an existing slot	Etc.wz/Commodity.img/3395/PbPoint
Etc	removed	ARRAY: writes INTO an existing slot	Etc.wz/Commodity.img/3408/PbCash
Etc	removed	ARRAY: writes INTO an existing slot	Etc.wz/Commodity.img/3408/PbGift
Etc	removed	ARRAY: writes INTO an existing slot	Etc.wz/Commodity.img/3408/PbPoint
Etc	removed	ARRAY: writes INTO an existing slot	Etc.wz/Commodity.img/3430/PbCash
Etc	removed	ARRAY: writes INTO an existing slot	Etc.wz/Commodity.img/3430/PbGift
Etc	removed	ARRAY: writes INTO an existing slot	Etc.wz/Commodity.img/3430/PbPoint
Etc	removed	ARRAY: writes INTO an existing slot	Etc.wz/Commodity.img/3458/PbCash
Etc	removed	ARRAY: writes INTO an existing slot	Etc.wz/Commodity.img/3458/PbGift
Etc	removed	ARRAY: writes INTO an existing slot	Etc.wz/Commodity.img/3458/PbPoint
Etc	removed	ARRAY: writes INTO an existing slot	Etc.wz/Commodity.img/3460/PbCash
Etc	removed	ARRAY: writes INTO an existing slot	Etc.wz/Commodity.img/3460/PbGift
Etc	removed	ARRAY: writes INTO an existing slot	Etc.wz/Commodity.img/3460/PbPoint
Etc	removed	ARRAY: writes INTO an existing slot	Etc.wz/Commodity.img/3520/Class
Etc	removed	ARRAY: writes INTO an existing slot	Etc.wz/Commodity.img/3521/Class
Etc	removed	ARRAY: writes INTO an existing slot	Etc.wz/Commodity.img/3522/Class
Etc	removed	ARRAY: writes INTO an existing slot	Etc.wz/Commodity.img/3523/Class
Etc	removed	ARRAY: writes INTO an existing slot	Etc.wz/Commodity.img/3524/Class
Etc	removed	ARRAY: writes INTO an existing slot	Etc.wz/Commodity.img/3525/Class
Etc	removed	ARRAY: writes INTO an existing slot	Etc.wz/Commodity.img/3526/Class
Etc	removed	ARRAY: writes INTO an existing slot	Etc.wz/Commodity.img/3527/Class
Etc	removed	ARRAY: writes INTO an existing slot	Etc.wz/Commodity.img/3528/Class
Etc	removed	ARRAY: writes INTO an existing slot	Etc.wz/Commodity.img/3529/Class
Etc	removed	ARRAY: writes INTO an existing slot	Etc.wz/Commodity.img/3530/Class
Etc	removed	ARRAY: writes INTO an existing slot	Etc.wz/Commodity.img/3531/Class
Etc	removed	ARRAY: writes INTO an existing slot	Etc.wz/Commodity.img/3532/Class
Etc	removed	ARRAY: writes INTO an existing slot	Etc.wz/Commodity.img/3533/Class
Etc	removed	ARRAY: writes INTO an existing slot	Etc.wz/Commodity.img/3534/Class
Etc	removed	ARRAY: writes INTO an existing slot	Etc.wz/Commodity.img/3535/Class
Etc	removed	ARRAY: writes INTO an existing slot	Etc.wz/Commodity.img/3536/Class
Etc	removed	ARRAY: writes INTO an existing slot	Etc.wz/Commodity.img/3537/Class
Etc	removed	ARRAY: writes INTO an existing slot	Etc.wz/Commodity.img/3538/Class
Etc	removed	ARRAY: writes INTO an existing slot	Etc.wz/Commodity.img/3539/Class
Etc	removed	ARRAY: writes INTO an existing slot	Etc.wz/Commodity.img/3540/Class
Etc	removed	ARRAY: writes INTO an existing slot	Etc.wz/Commodity.img/3541/Class
Etc	removed	ARRAY: writes INTO an existing slot	Etc.wz/Commodity.img/3542/Class
Etc	removed	ARRAY: writes INTO an existing slot	Etc.wz/Commodity.img/3543/Class
Etc	removed	ARRAY: writes INTO an existing slot	Etc.wz/Commodity.img/3544/Class
Etc	removed	ARRAY: writes INTO an existing slot	Etc.wz/Commodity.img/3545/Class
Etc	removed	ARRAY: writes INTO an existing slot	Etc.wz/Commodity.img/3546/Class
Etc	removed	ARRAY: writes INTO an existing slot	Etc.wz/Commodity.img/3602/PbCash
Etc	removed	ARRAY: writes INTO an existing slot	Etc.wz/Commodity.img/3602/PbGift
Etc	removed	ARRAY: writes INTO an existing slot	Etc.wz/Commodity.img/3602/PbPoint
Etc	removed	ARRAY: writes INTO an existing slot	Etc.wz/Commodity.img/3603/PbCash
Etc	removed	ARRAY: writes INTO an existing slot	Etc.wz/Commodity.img/3603/PbGift
Etc	removed	ARRAY: writes INTO an existing slot	Etc.wz/Commodity.img/3603/PbPoint
Etc	removed	ARRAY: writes INTO an existing slot	Etc.wz/Commodity.img/3604/PbCash
Etc	removed	ARRAY: writes INTO an existing slot	Etc.wz/Commodity.img/3604/PbGift
Etc	removed	ARRAY: writes INTO an existing slot	Etc.wz/Commodity.img/3604/PbPoint
Etc	removed	ARRAY: writes INTO an existing slot	Etc.wz/Commodity.img/3605/PbCash
Etc	removed	ARRAY: writes INTO an existing slot	Etc.wz/Commodity.img/3605/PbGift
Etc	removed	ARRAY: writes INTO an existing slot	Etc.wz/Commodity.img/3605/PbPoint
Etc	removed	ARRAY: writes INTO an existing slot	Etc.wz/Commodity.img/3606/PbCash
Etc	removed	ARRAY: writes INTO an existing slot	Etc.wz/Commodity.img/3606/PbGift
Etc	removed	ARRAY: writes INTO an existing slot	Etc.wz/Commodity.img/3606/PbPoint
Etc	removed	ARRAY: writes INTO an existing slot	Etc.wz/Commodity.img/3607/PbCash
Etc	removed	ARRAY: writes INTO an existing slot	Etc.wz/Commodity.img/3607/PbGift
Etc	removed	ARRAY: writes INTO an existing slot	Etc.wz/Commodity.img/3607/PbPoint
Etc	removed	ARRAY: writes INTO an existing slot	Etc.wz/Commodity.img/3608/PbCash
Etc	removed	ARRAY: writes INTO an existing slot	Etc.wz/Commodity.img/3608/PbGift
Etc	removed	ARRAY: writes INTO an existing slot	Etc.wz/Commodity.img/3608/PbPoint
Etc	removed	ARRAY: writes INTO an existing slot	Etc.wz/Commodity.img/3609/PbCash
Etc	removed	ARRAY: writes INTO an existing slot	Etc.wz/Commodity.img/3609/PbGift
Etc	removed	ARRAY: writes INTO an existing slot	Etc.wz/Commodity.img/3609/PbPoint
Etc	removed	ARRAY: writes INTO an existing slot	Etc.wz/Commodity.img/3610/PbCash
Etc	removed	ARRAY: writes INTO an existing slot	Etc.wz/Commodity.img/3610/PbGift
Etc	removed	ARRAY: writes INTO an existing slot	Etc.wz/Commodity.img/3610/PbPoint
Etc	removed	ARRAY: writes INTO an existing slot	Etc.wz/Commodity.img/3611/PbCash
Etc	removed	ARRAY: writes INTO an existing slot	Etc.wz/Commodity.img/3611/PbGift
Etc	removed	ARRAY: writes INTO an existing slot	Etc.wz/Commodity.img/3611/PbPoint
Etc	removed	ARRAY: writes INTO an existing slot	Etc.wz/Commodity.img/3612/PbCash
Etc	removed	ARRAY: writes INTO an existing slot	Etc.wz/Commodity.img/3612/PbGift
Etc	removed	ARRAY: writes INTO an existing slot	Etc.wz/Commodity.img/3612/PbPoint
Etc	removed	ARRAY: writes INTO an existing slot	Etc.wz/Commodity.img/3613/PbCash
Etc	removed	ARRAY: writes INTO an existing slot	Etc.wz/Commodity.img/3613/PbGift
Etc	removed	ARRAY: writes INTO an existing slot	Etc.wz/Commodity.img/3613/PbPoint
Etc	removed	ARRAY: writes INTO an existing slot	Etc.wz/Commodity.img/3614/PbCash
Etc	removed	ARRAY: writes INTO an existing slot	Etc.wz/Commodity.img/3614/PbGift
Etc	removed	ARRAY: writes INTO an existing slot	Etc.wz/Commodity.img/3614/PbPoint
Etc	removed	ARRAY: writes INTO an existing slot	Etc.wz/Commodity.img/3615/PbCash
Etc	removed	ARRAY: writes INTO an existing slot	Etc.wz/Commodity.img/3615/PbGift
Etc	removed	ARRAY: writes INTO an existing slot	Etc.wz/Commodity.img/3615/PbPoint
Etc	removed	ARRAY: writes INTO an existing slot	Etc.wz/Commodity.img/3616/PbCash
Etc	removed	ARRAY: writes INTO an existing slot	Etc.wz/Commodity.img/3616/PbGift
Etc	removed	ARRAY: writes INTO an existing slot	Etc.wz/Commodity.img/3616/PbPoint
Etc	removed	ARRAY: writes INTO an existing slot	Etc.wz/Commodity.img/3617/PbCash
Etc	removed	ARRAY: writes INTO an existing slot	Etc.wz/Commodity.img/3617/PbGift
Etc	removed	ARRAY: writes INTO an existing slot	Etc.wz/Commodity.img/3617/PbPoint
Etc	removed	ARRAY: writes INTO an existing slot	Etc.wz/Commodity.img/3618/PbCash
Etc	removed	ARRAY: writes INTO an existing slot	Etc.wz/Commodity.img/3618/PbGift
Etc	removed	ARRAY: writes INTO an existing slot	Etc.wz/Commodity.img/3618/PbPoint
Etc	removed	ARRAY: writes INTO an existing slot	Etc.wz/Commodity.img/3679/PbCash
Etc	removed	ARRAY: writes INTO an existing slot	Etc.wz/Commodity.img/3679/PbGift
Etc	removed	ARRAY: writes INTO an existing slot	Etc.wz/Commodity.img/3679/PbPoint
Etc	removed	ARRAY: writes INTO an existing slot	Etc.wz/Commodity.img/4328/PbCash
Etc	removed	ARRAY: writes INTO an existing slot	Etc.wz/Commodity.img/4328/PbGift
Etc	removed	ARRAY: writes INTO an existing slot	Etc.wz/Commodity.img/4328/PbPoint
Etc	removed	ARRAY: writes INTO an existing slot	Etc.wz/Commodity.img/4329/PbCash
Etc	removed	ARRAY: writes INTO an existing slot	Etc.wz/Commodity.img/4329/PbGift
Etc	removed	ARRAY: writes INTO an existing slot	Etc.wz/Commodity.img/4329/PbPoint
Etc	removed	ARRAY: writes INTO an existing slot	Etc.wz/Commodity.img/4330/PbCash
Etc	removed	ARRAY: writes INTO an existing slot	Etc.wz/Commodity.img/4330/PbGift
Etc	removed	ARRAY: writes INTO an existing slot	Etc.wz/Commodity.img/4330/PbPoint
Etc	removed	ARRAY: writes INTO an existing slot	Etc.wz/Commodity.img/4331/PbCash
Etc	removed	ARRAY: writes INTO an existing slot	Etc.wz/Commodity.img/4331/PbGift
Etc	removed	ARRAY: writes INTO an existing slot	Etc.wz/Commodity.img/4331/PbPoint
Etc	removed	ARRAY: writes INTO an existing slot	Etc.wz/Commodity.img/4332/PbCash
Etc	removed	ARRAY: writes INTO an existing slot	Etc.wz/Commodity.img/4332/PbGift
Etc	removed	ARRAY: writes INTO an existing slot	Etc.wz/Commodity.img/4332/PbPoint
Etc	removed	ARRAY: writes INTO an existing slot	Etc.wz/Commodity.img/4333/PbCash
Etc	removed	ARRAY: writes INTO an existing slot	Etc.wz/Commodity.img/4333/PbGift
Etc	removed	ARRAY: writes INTO an existing slot	Etc.wz/Commodity.img/4333/PbPoint
Etc	removed	ARRAY: writes INTO an existing slot	Etc.wz/Commodity.img/4334/PbCash
Etc	removed	ARRAY: writes INTO an existing slot	Etc.wz/Commodity.img/4334/PbGift
Etc	removed	ARRAY: writes INTO an existing slot	Etc.wz/Commodity.img/4334/PbPoint
Etc	removed	ARRAY: writes INTO an existing slot	Etc.wz/Commodity.img/4335/PbCash
Etc	removed	ARRAY: writes INTO an existing slot	Etc.wz/Commodity.img/4335/PbGift
Etc	removed	ARRAY: writes INTO an existing slot	Etc.wz/Commodity.img/4335/PbPoint
Etc	removed	ARRAY: writes INTO an existing slot	Etc.wz/Commodity.img/4336/PbCash
Etc	removed	ARRAY: writes INTO an existing slot	Etc.wz/Commodity.img/4336/PbGift
Etc	removed	ARRAY: writes INTO an existing slot	Etc.wz/Commodity.img/4336/PbPoint
Etc	removed	ARRAY: writes INTO an existing slot	Etc.wz/Commodity.img/4337/PbCash
Etc	removed	ARRAY: writes INTO an existing slot	Etc.wz/Commodity.img/4337/PbGift
Etc	removed	ARRAY: writes INTO an existing slot	Etc.wz/Commodity.img/4337/PbPoint
Etc	removed	ARRAY: writes INTO an existing slot	Etc.wz/Commodity.img/4338/PbCash
Etc	removed	ARRAY: writes INTO an existing slot	Etc.wz/Commodity.img/4338/PbGift
Etc	removed	ARRAY: writes INTO an existing slot	Etc.wz/Commodity.img/4338/PbPoint
Etc	removed	ARRAY: writes INTO an existing slot	Etc.wz/Commodity.img/4339/PbCash
Etc	removed	ARRAY: writes INTO an existing slot	Etc.wz/Commodity.img/4339/PbGift
Etc	removed	ARRAY: writes INTO an existing slot	Etc.wz/Commodity.img/4339/PbPoint
Etc	removed	ARRAY: writes INTO an existing slot	Etc.wz/Commodity.img/4340/PbCash
Etc	removed	ARRAY: writes INTO an existing slot	Etc.wz/Commodity.img/4340/PbGift
Etc	removed	ARRAY: writes INTO an existing slot	Etc.wz/Commodity.img/4340/PbPoint
Etc	removed	ARRAY: writes INTO an existing slot	Etc.wz/Commodity.img/4341/PbCash
Etc	removed	ARRAY: writes INTO an existing slot	Etc.wz/Commodity.img/4341/PbGift
Etc	removed	ARRAY: writes INTO an existing slot	Etc.wz/Commodity.img/4341/PbPoint
Etc	removed	ARRAY: writes INTO an existing slot	Etc.wz/Commodity.img/4342/PbCash
Etc	removed	ARRAY: writes INTO an existing slot	Etc.wz/Commodity.img/4342/PbGift
Etc	removed	ARRAY: writes INTO an existing slot	Etc.wz/Commodity.img/4342/PbPoint
Etc	removed	ARRAY: writes INTO an existing slot	Etc.wz/Commodity.img/4343/PbCash
Etc	removed	ARRAY: writes INTO an existing slot	Etc.wz/Commodity.img/4343/PbGift
Etc	removed	ARRAY: writes INTO an existing slot	Etc.wz/Commodity.img/4343/PbPoint
Etc	removed	ARRAY: writes INTO an existing slot	Etc.wz/Commodity.img/4344/PbCash
Etc	removed	ARRAY: writes INTO an existing slot	Etc.wz/Commodity.img/4344/PbGift
Etc	removed	ARRAY: writes INTO an existing slot	Etc.wz/Commodity.img/4344/PbPoint
Etc	removed	ARRAY: writes INTO an existing slot	Etc.wz/Commodity.img/4345/PbCash
Etc	removed	ARRAY: writes INTO an existing slot	Etc.wz/Commodity.img/4345/PbGift
Etc	removed	ARRAY: writes INTO an existing slot	Etc.wz/Commodity.img/4345/PbPoint
Etc	removed	ARRAY: writes INTO an existing slot	Etc.wz/Commodity.img/4424/PbCash
Etc	removed	ARRAY: writes INTO an existing slot	Etc.wz/Commodity.img/4424/PbGift
Etc	removed	ARRAY: writes INTO an existing slot	Etc.wz/Commodity.img/4424/PbPoint
Etc	removed	ARRAY: writes INTO an existing slot	Etc.wz/Commodity.img/4425/PbCash
Etc	removed	ARRAY: writes INTO an existing slot	Etc.wz/Commodity.img/4425/PbGift
Etc	removed	ARRAY: writes INTO an existing slot	Etc.wz/Commodity.img/4425/PbPoint
Etc	removed	ARRAY: writes INTO an existing slot	Etc.wz/Commodity.img/4426/PbCash
Etc	removed	ARRAY: writes INTO an existing slot	Etc.wz/Commodity.img/4426/PbGift
Etc	removed	ARRAY: writes INTO an existing slot	Etc.wz/Commodity.img/4426/PbPoint
Etc	removed	ARRAY: writes INTO an existing slot	Etc.wz/Commodity.img/4427/PbCash
Etc	removed	ARRAY: writes INTO an existing slot	Etc.wz/Commodity.img/4427/PbGift
Etc	removed	ARRAY: writes INTO an existing slot	Etc.wz/Commodity.img/4427/PbPoint
Etc	removed	ARRAY: writes INTO an existing slot	Etc.wz/Commodity.img/4428/PbCash
Etc	removed	ARRAY: writes INTO an existing slot	Etc.wz/Commodity.img/4428/PbGift
Etc	removed	ARRAY: writes INTO an existing slot	Etc.wz/Commodity.img/4428/PbPoint
Etc	removed	ARRAY: writes INTO an existing slot	Etc.wz/Commodity.img/4429/PbCash
Etc	removed	ARRAY: writes INTO an existing slot	Etc.wz/Commodity.img/4429/PbGift
Etc	removed	ARRAY: writes INTO an existing slot	Etc.wz/Commodity.img/4429/PbPoint
Etc	removed	ARRAY: writes INTO an existing slot	Etc.wz/Commodity.img/4430/PbCash
Etc	removed	ARRAY: writes INTO an existing slot	Etc.wz/Commodity.img/4430/PbGift
Etc	removed	ARRAY: writes INTO an existing slot	Etc.wz/Commodity.img/4430/PbPoint
Etc	removed	ARRAY: writes INTO an existing slot	Etc.wz/Commodity.img/4431/PbCash
Etc	removed	ARRAY: writes INTO an existing slot	Etc.wz/Commodity.img/4431/PbGift
Etc	removed	ARRAY: writes INTO an existing slot	Etc.wz/Commodity.img/4431/PbPoint
Etc	removed	ARRAY: writes INTO an existing slot	Etc.wz/Commodity.img/4744/Class
Etc	removed	ARRAY: writes INTO an existing slot	Etc.wz/Commodity.img/4766/Class
Etc	removed	ARRAY: writes INTO an existing slot	Etc.wz/Commodity.img/4799/Class
Etc	removed	ARRAY: writes INTO an existing slot	Etc.wz/Commodity.img/4959/Class
Etc	removed	ARRAY: writes INTO an existing slot	Etc.wz/Commodity.img/4975/Class
Etc	removed	ARRAY: writes INTO an existing slot	Etc.wz/Commodity.img/5208/Class
Etc	removed	ARRAY: writes INTO an existing slot	Etc.wz/Commodity.img/5211/Class
Etc	removed	ARRAY: writes INTO an existing slot	Etc.wz/Commodity.img/5252/Class
Etc	removed	ARRAY: writes INTO an existing slot	Etc.wz/Commodity.img/5255/Class
Etc	removed	ARRAY: writes INTO an existing slot	Etc.wz/Commodity.img/5382/Class
Etc	removed	ARRAY: writes INTO an existing slot	Etc.wz/Commodity.img/5386/Class
Etc	removed	ARRAY: writes INTO an existing slot	Etc.wz/Commodity.img/5399/Class
Etc	removed	ARRAY: writes INTO an existing slot	Etc.wz/Commodity.img/5400/Class
Etc	removed	ARRAY: writes INTO an existing slot	Etc.wz/Commodity.img/5403/Class
Etc	removed	ARRAY: writes INTO an existing slot	Etc.wz/Commodity.img/5427/Class
Etc	removed	ARRAY: writes INTO an existing slot	Etc.wz/Commodity.img/5476/Class
Etc	removed	ARRAY: writes INTO an existing slot	Etc.wz/Commodity.img/5503/Class
Etc	removed	ARRAY: writes INTO an existing slot	Etc.wz/Commodity.img/5506/Class
Etc	removed	ARRAY: writes INTO an existing slot	Etc.wz/Commodity.img/5508/Class
Etc	removed	ARRAY: writes INTO an existing slot	Etc.wz/Commodity.img/5535/Class
Etc	removed	ARRAY: writes INTO an existing slot	Etc.wz/Commodity.img/5539/Class
Etc	removed	ARRAY: writes INTO an existing slot	Etc.wz/Commodity.img/5567/Class
Etc	removed	ARRAY: writes INTO an existing slot	Etc.wz/Commodity.img/5571/Class
Etc	removed	ARRAY: writes INTO an existing slot	Etc.wz/Commodity.img/5605/Class
Etc	removed	ARRAY: writes INTO an existing slot	Etc.wz/Commodity.img/5708/Class
Etc	removed	ARRAY: writes INTO an existing slot	Etc.wz/Commodity.img/5761/Class
Etc	removed	ARRAY: writes INTO an existing slot	Etc.wz/Commodity.img/5762/Class
Etc	removed	ARRAY: writes INTO an existing slot	Etc.wz/Commodity.img/5880/Class
Etc	removed	ARRAY: writes INTO an existing slot	Etc.wz/Commodity.img/5889/Class
Etc	removed	ARRAY: writes INTO an existing slot	Etc.wz/Commodity.img/5905/Class
Etc	removed	ARRAY: writes INTO an existing slot	Etc.wz/Commodity.img/5941/Class
Etc	removed	ARRAY: writes INTO an existing slot	Etc.wz/Commodity.img/5949/Class
Etc	removed	ARRAY: writes INTO an existing slot	Etc.wz/Commodity.img/6016/Class
Etc	removed	ARRAY: writes INTO an existing slot	Etc.wz/Commodity.img/6073/Class
Etc	removed	ARRAY: writes INTO an existing slot	Etc.wz/Commodity.img/6142/Class
Etc	removed	ARRAY: writes INTO an existing slot	Etc.wz/Commodity.img/6159/Class
Etc	removed	ARRAY: writes INTO an existing slot	Etc.wz/Commodity.img/6169/Class
Etc	removed	ARRAY: writes INTO an existing slot	Etc.wz/Commodity.img/6203/Class
Etc	removed	ARRAY: writes INTO an existing slot	Etc.wz/Commodity.img/6205/Class
Etc	removed	ARRAY: writes INTO an existing slot	Etc.wz/Commodity.img/6210/Class
Etc	removed	ARRAY: writes INTO an existing slot	Etc.wz/Commodity.img/6262/Class
Etc	removed	ARRAY: writes INTO an existing slot	Etc.wz/Commodity.img/6285/Class
Etc	removed	ARRAY: writes INTO an existing slot	Etc.wz/Commodity.img/6293/Class
Etc	removed	ARRAY: writes INTO an existing slot	Etc.wz/Commodity.img/6294/Class
Etc	removed	ARRAY: writes INTO an existing slot	Etc.wz/Commodity.img/6300/Class
Etc	removed	ARRAY: writes INTO an existing slot	Etc.wz/Commodity.img/6304/Class
Etc	removed	ARRAY: writes INTO an existing slot	Etc.wz/Commodity.img/6388/Class
Etc	removed	ARRAY: writes INTO an existing slot	Etc.wz/Commodity.img/6393/Class
Etc	removed	ARRAY: writes INTO an existing slot	Etc.wz/Commodity.img/6442/Class
Etc	removed	ARRAY: writes INTO an existing slot	Etc.wz/Commodity.img/6450/Class
Etc	removed	ARRAY: writes INTO an existing slot	Etc.wz/Commodity.img/6451/Class
Etc	removed	ARRAY: writes INTO an existing slot	Etc.wz/Commodity.img/6511/Class
Etc	removed	ARRAY: writes INTO an existing slot	Etc.wz/Commodity.img/6550/Class
Etc	removed	ARRAY: writes INTO an existing slot	Etc.wz/Commodity.img/6561/Class
Etc	removed	ARRAY: writes INTO an existing slot	Etc.wz/Commodity.img/6570/Class
Etc	removed	ARRAY: writes INTO an existing slot	Etc.wz/Commodity.img/6573/Class
Etc	removed	ARRAY: writes INTO an existing slot	Etc.wz/Commodity.img/6592/Class
Etc	removed	ARRAY: writes INTO an existing slot	Etc.wz/Commodity.img/6593/Class
Etc	removed	ARRAY: writes INTO an existing slot	Etc.wz/Commodity.img/6699/Class
Etc	removed	ARRAY: writes INTO an existing slot	Etc.wz/Commodity.img/6709/Class
Etc	removed	ARRAY: writes INTO an existing slot	Etc.wz/Commodity.img/6772/Class
Etc	removed	ARRAY: writes INTO an existing slot	Etc.wz/Commodity.img/6779/Class
Etc	removed	ARRAY: writes INTO an existing slot	Etc.wz/Commodity.img/6791/Class
Etc	removed	ARRAY: writes INTO an existing slot	Etc.wz/Commodity.img/6795/Class
Etc	removed	ARRAY: writes INTO an existing slot	Etc.wz/Commodity.img/6810/Class
Etc	removed	ARRAY: writes INTO an existing slot	Etc.wz/Commodity.img/6811/Class
Etc	removed	ARRAY: writes INTO an existing slot	Etc.wz/Commodity.img/6815/Class
Etc	removed	ARRAY: writes INTO an existing slot	Etc.wz/Commodity.img/6821/Class
Etc	removed	ARRAY: writes INTO an existing slot	Etc.wz/Commodity.img/6907/Class
Etc	removed	ARRAY: writes INTO an existing slot	Etc.wz/Commodity.img/6934/Class
Etc	removed	ARRAY: writes INTO an existing slot	Etc.wz/Commodity.img/6962/Class
Etc	removed	ARRAY: writes INTO an existing slot	Etc.wz/Commodity.img/7024/Class
Etc	removed	ARRAY: writes INTO an existing slot	Etc.wz/Commodity.img/7031/Class
Etc	removed	ARRAY: writes INTO an existing slot	Etc.wz/Commodity.img/7035/Class
Etc	removed	ARRAY: writes INTO an existing slot	Etc.wz/Commodity.img/7051/Class
Etc	removed	ARRAY: writes INTO an existing slot	Etc.wz/Commodity.img/7081/Class
Etc	removed	ARRAY: writes INTO an existing slot	Etc.wz/Commodity.img/7108/Class
Etc	removed	ARRAY: writes INTO an existing slot	Etc.wz/Commodity.img/7118/Class
Etc	removed	ARRAY: writes INTO an existing slot	Etc.wz/Commodity.img/7129/Class
Etc	removed	ARRAY: writes INTO an existing slot	Etc.wz/Commodity.img/7142/Class
Etc	removed	ARRAY: writes INTO an existing slot	Etc.wz/Commodity.img/7161/Class
Etc	removed	ARRAY: writes INTO an existing slot	Etc.wz/Commodity.img/7180/Class
Etc	removed	ARRAY: writes INTO an existing slot	Etc.wz/Commodity.img/7190/Class
Etc	removed	ARRAY: writes INTO an existing slot	Etc.wz/Commodity.img/7191/Class
Etc	removed	ARRAY: writes INTO an existing slot	Etc.wz/Commodity.img/7193/Class
Etc	removed	ARRAY: writes INTO an existing slot	Etc.wz/Commodity.img/7194/Class
Etc	removed	ARRAY: writes INTO an existing slot	Etc.wz/Commodity.img/7214/Class
Etc	removed	ARRAY: writes INTO an existing slot	Etc.wz/Commodity.img/7247/Class
Etc	removed	ARRAY: writes INTO an existing slot	Etc.wz/Commodity.img/7269/Class
Etc	removed	ARRAY: writes INTO an existing slot	Etc.wz/Commodity.img/7270/Class
Etc	removed	ARRAY: writes INTO an existing slot	Etc.wz/Commodity.img/7286/Class
Etc	removed	ARRAY: writes INTO an existing slot	Etc.wz/Commodity.img/7310/Class
Etc	removed	ARRAY: writes INTO an existing slot	Etc.wz/Commodity.img/7326/Class
Etc	removed	ARRAY: writes INTO an existing slot	Etc.wz/Commodity.img/7326/Limit
Etc	removed	ARRAY: writes INTO an existing slot	Etc.wz/Commodity.img/7340/Class
Etc	removed	ARRAY: writes INTO an existing slot	Etc.wz/Commodity.img/7341/Class
Etc	removed	ARRAY: writes INTO an existing slot	Etc.wz/Commodity.img/7350/Class
Etc	removed	ARRAY: writes INTO an existing slot	Etc.wz/Commodity.img/7351/Class
Etc	removed	ARRAY: writes INTO an existing slot	Etc.wz/Commodity.img/7354/Class
Etc	removed	ARRAY: writes INTO an existing slot	Etc.wz/Commodity.img/7355/Class
Etc	removed	ARRAY: writes INTO an existing slot	Etc.wz/Commodity.img/7357/Class
Etc	removed	ARRAY: writes INTO an existing slot	Etc.wz/Commodity.img/7358/Class
Etc	removed	ARRAY: writes INTO an existing slot	Etc.wz/Commodity.img/7359/Class
Etc	removed	ARRAY: writes INTO an existing slot	Etc.wz/Commodity.img/7369/Class
Etc	removed	ARRAY: writes INTO an existing slot	Etc.wz/Commodity.img/7375/Class
Etc	removed	ARRAY: writes INTO an existing slot	Etc.wz/Commodity.img/7376/Class
Etc	removed	ARRAY: writes INTO an existing slot	Etc.wz/Commodity.img/7381/Class
Etc	removed	ARRAY: writes INTO an existing slot	Etc.wz/Commodity.img/7381/Limit
Etc	removed	ARRAY: writes INTO an existing slot	Etc.wz/Commodity.img/7382/Class
Etc	removed	ARRAY: writes INTO an existing slot	Etc.wz/Commodity.img/7383/Class
Etc	removed	ARRAY: writes INTO an existing slot	Etc.wz/Commodity.img/7384/Class
Etc	removed	ARRAY: writes INTO an existing slot	Etc.wz/Commodity.img/7385/Class
Etc	removed	ARRAY: writes INTO an existing slot	Etc.wz/Commodity.img/7386/Class
Etc	removed	ARRAY: writes INTO an existing slot	Etc.wz/Commodity.img/7387/Class
Etc	removed	ARRAY: writes INTO an existing slot	Etc.wz/Commodity.img/7399/Class
Etc	removed	ARRAY: writes INTO an existing slot	Etc.wz/Commodity.img/7400/Class
Etc	removed	ARRAY: writes INTO an existing slot	Etc.wz/Commodity.img/7401/Class
Etc	removed	ARRAY: writes INTO an existing slot	Etc.wz/Commodity.img/7415/Class
Etc	removed	ARRAY: writes INTO an existing slot	Etc.wz/Commodity.img/7419/Class
Etc	removed	ARRAY: writes INTO an existing slot	Etc.wz/Commodity.img/7423/Class
Etc	removed	ARRAY: writes INTO an existing slot	Etc.wz/Commodity.img/7430/Class
Etc	removed	ARRAY: writes INTO an existing slot	Etc.wz/Commodity.img/7431/Class
Etc	removed	ARRAY: writes INTO an existing slot	Etc.wz/Commodity.img/7432/Class
Etc	removed	ARRAY: writes INTO an existing slot	Etc.wz/Commodity.img/7433/Class
Etc	removed	ARRAY: writes INTO an existing slot	Etc.wz/Commodity.img/7434/Class
Etc	removed	ARRAY: writes INTO an existing slot	Etc.wz/Commodity.img/7437/Class
Etc	removed	ARRAY: writes INTO an existing slot	Etc.wz/Commodity.img/7452/Limit
Etc	removed	ARRAY: writes INTO an existing slot	Etc.wz/Commodity.img/7453/Limit
Etc	removed	ARRAY: writes INTO an existing slot	Etc.wz/Commodity.img/7454/Limit
Etc	removed	ARRAY: writes INTO an existing slot	Etc.wz/Commodity.img/7456/Class
Etc	removed	ARRAY: writes INTO an existing slot	Etc.wz/Commodity.img/7457/Limit
Etc	removed	ARRAY: writes INTO an existing slot	Etc.wz/Commodity.img/7459/Limit
Etc	removed	ARRAY: writes INTO an existing slot	Etc.wz/Commodity.img/7460/Limit
Etc	removed	ARRAY: writes INTO an existing slot	Etc.wz/Commodity.img/7461/Limit
Etc	removed	ARRAY: writes INTO an existing slot	Etc.wz/Commodity.img/7463/Limit
Etc	removed	ARRAY: writes INTO an existing slot	Etc.wz/Commodity.img/7465/Limit
Etc	removed	ARRAY: writes INTO an existing slot	Etc.wz/Commodity.img/7477/Class
Etc	removed	ARRAY: writes INTO an existing slot	Etc.wz/Commodity.img/7478/Class
Etc	removed	ARRAY: writes INTO an existing slot	Etc.wz/Commodity.img/7484/Limit
Etc	removed	ARRAY: writes INTO an existing slot	Etc.wz/Commodity.img/7485/Limit
Etc	removed	ARRAY: writes INTO an existing slot	Etc.wz/Commodity.img/7486/Limit
Etc	removed	ARRAY: writes INTO an existing slot	Etc.wz/Commodity.img/7487/Limit
Etc	removed	ARRAY: writes INTO an existing slot	Etc.wz/Commodity.img/7488/Limit
Etc	removed	ARRAY: writes INTO an existing slot	Etc.wz/Commodity.img/7489/Limit
Etc	removed	ARRAY: writes INTO an existing slot	Etc.wz/Commodity.img/7490/Limit
Etc	removed	ARRAY: writes INTO an existing slot	Etc.wz/Commodity.img/7491/Limit
Etc	removed	ARRAY: writes INTO an existing slot	Etc.wz/Commodity.img/7492/Limit
Etc	removed	ARRAY: writes INTO an existing slot	Etc.wz/Commodity.img/7493/Class
Etc	removed	ARRAY: writes INTO an existing slot	Etc.wz/Commodity.img/7493/Limit
Etc	removed	ARRAY: writes INTO an existing slot	Etc.wz/Commodity.img/7494/Class
Etc	removed	ARRAY: writes INTO an existing slot	Etc.wz/Commodity.img/7494/Limit
Etc	removed	ARRAY: writes INTO an existing slot	Etc.wz/Commodity.img/7495/Limit
Etc	removed	ARRAY: writes INTO an existing slot	Etc.wz/Commodity.img/7496/Limit
Etc	removed	ARRAY: writes INTO an existing slot	Etc.wz/Commodity.img/7497/Limit
Etc	removed	ARRAY: writes INTO an existing slot	Etc.wz/Commodity.img/7498/Class
Etc	removed	ARRAY: writes INTO an existing slot	Etc.wz/Commodity.img/7498/Limit
Etc	removed	ARRAY: writes INTO an existing slot	Etc.wz/Commodity.img/7499/Class
Etc	removed	ARRAY: writes INTO an existing slot	Etc.wz/Commodity.img/7499/Limit
Etc	removed	ARRAY: writes INTO an existing slot	Etc.wz/Commodity.img/7500/Limit
Etc	removed	ARRAY: writes INTO an existing slot	Etc.wz/Commodity.img/7501/Limit
Etc	removed	ARRAY: writes INTO an existing slot	Etc.wz/Commodity.img/7502/Limit
Etc	removed	ARRAY: writes INTO an existing slot	Etc.wz/Commodity.img/7503/Limit
Etc	removed	ARRAY: writes INTO an existing slot	Etc.wz/Commodity.img/7504/Limit
Etc	removed	ARRAY: writes INTO an existing slot	Etc.wz/Commodity.img/7505/Limit
Etc	removed	ARRAY: writes INTO an existing slot	Etc.wz/Commodity.img/7506/Limit
Etc	removed	ARRAY: writes INTO an existing slot	Etc.wz/Commodity.img/7508/Limit
Etc	removed	ARRAY: writes INTO an existing slot	Etc.wz/Commodity.img/7510/Limit
Etc	removed	ARRAY: writes INTO an existing slot	Etc.wz/Commodity.img/7512/Limit
Etc	removed	ARRAY: writes INTO an existing slot	Etc.wz/Commodity.img/7514/Limit
Etc	removed	ARRAY: writes INTO an existing slot	Etc.wz/Commodity.img/7516/Limit
Etc	removed	ARRAY: writes INTO an existing slot	Etc.wz/Commodity.img/7518/Limit
Etc	removed	ARRAY: writes INTO an existing slot	Etc.wz/Commodity.img/7520/Limit
Etc	removed	ARRAY: writes INTO an existing slot	Etc.wz/Commodity.img/7527/Limit
Etc	removed	ARRAY: writes INTO an existing slot	Etc.wz/Commodity.img/7528/Limit
Etc	removed	ARRAY: writes INTO an existing slot	Etc.wz/Commodity.img/7530/Limit
Etc	removed	ARRAY: writes INTO an existing slot	Etc.wz/Commodity.img/7534/Limit
Etc	removed	ARRAY: writes INTO an existing slot	Etc.wz/Commodity.img/7536/Limit
Etc	removed	ARRAY: writes INTO an existing slot	Etc.wz/Commodity.img/7537/Class
Etc	removed	ARRAY: writes INTO an existing slot	Etc.wz/Commodity.img/7538/Limit
Etc	removed	ARRAY: writes INTO an existing slot	Etc.wz/Commodity.img/7539/Class
Etc	removed	ARRAY: writes INTO an existing slot	Etc.wz/Commodity.img/7539/Limit
Etc	removed	ARRAY: writes INTO an existing slot	Etc.wz/Commodity.img/7540/Class
Etc	removed	ARRAY: writes INTO an existing slot	Etc.wz/Commodity.img/7540/Limit
Etc	removed	ARRAY: writes INTO an existing slot	Etc.wz/Commodity.img/7541/Limit
Etc	removed	ARRAY: writes INTO an existing slot	Etc.wz/Commodity.img/7542/Limit
Etc	removed	ARRAY: writes INTO an existing slot	Etc.wz/Commodity.img/7543/Limit
Etc	removed	ARRAY: writes INTO an existing slot	Etc.wz/Commodity.img/7544/Limit
Etc	removed	ARRAY: writes INTO an existing slot	Etc.wz/Commodity.img/7545/Limit
Etc	removed	ARRAY: writes INTO an existing slot	Etc.wz/Commodity.img/7548/Class
Etc	removed	ARRAY: writes INTO an existing slot	Etc.wz/Commodity.img/7557/Class
Etc	removed	ARRAY: writes INTO an existing slot	Etc.wz/Commodity.img/7573/Limit
Etc	removed	ARRAY: writes INTO an existing slot	Etc.wz/Commodity.img/7574/Limit
Etc	removed	ARRAY: writes INTO an existing slot	Etc.wz/Commodity.img/7575/Class
Etc	removed	ARRAY: writes INTO an existing slot	Etc.wz/Commodity.img/7622/Limit
Etc	removed	ARRAY: writes INTO an existing slot	Etc.wz/Commodity.img/7623/Limit
Etc	removed	ARRAY: writes INTO an existing slot	Etc.wz/Commodity.img/7624/Limit
Etc	removed	ARRAY: writes INTO an existing slot	Etc.wz/Commodity.img/7625/Limit
Etc	removed	ARRAY: writes INTO an existing slot	Etc.wz/Commodity.img/7626/Limit
Etc	removed	ARRAY: writes INTO an existing slot	Etc.wz/Commodity.img/7627/Limit
Etc	removed	ARRAY: writes INTO an existing slot	Etc.wz/Commodity.img/7628/Limit
Etc	removed	ARRAY: writes INTO an existing slot	Etc.wz/Commodity.img/7629/Limit
Etc	removed	ARRAY: writes INTO an existing slot	Etc.wz/Commodity.img/7630/Limit
Etc	removed	ARRAY: writes INTO an existing slot	Etc.wz/Commodity.img/7631/Limit
Etc	removed	ARRAY: writes INTO an existing slot	Etc.wz/Commodity.img/7632/Limit
Etc	removed	ARRAY: writes INTO an existing slot	Etc.wz/Commodity.img/7633/Limit
Etc	removed	ARRAY: writes INTO an existing slot	Etc.wz/Commodity.img/7634/Limit
Etc	removed	ARRAY: writes INTO an existing slot	Etc.wz/Commodity.img/7635/Limit
Etc	removed	ARRAY: writes INTO an existing slot	Etc.wz/Commodity.img/7636/Limit
Etc	removed	ARRAY: writes INTO an existing slot	Etc.wz/Commodity.img/7637/Limit
Etc	removed	ARRAY: writes INTO an existing slot	Etc.wz/Commodity.img/7638/Limit
Etc	removed	ARRAY: writes INTO an existing slot	Etc.wz/Commodity.img/7639/Limit
Etc	removed	ARRAY: writes INTO an existing slot	Etc.wz/Commodity.img/7640/Limit
Etc	removed	ARRAY: writes INTO an existing slot	Etc.wz/Commodity.img/7641/Limit
Etc	removed	ARRAY: writes INTO an existing slot	Etc.wz/Commodity.img/7642/Limit
Etc	removed	ARRAY: writes INTO an existing slot	Etc.wz/Commodity.img/7643/Limit
Etc	removed	ARRAY: writes INTO an existing slot	Etc.wz/Commodity.img/7644/Limit
Etc	removed	ARRAY: writes INTO an existing slot	Etc.wz/Commodity.img/7671/Class
Etc	removed	ARRAY: writes INTO an existing slot	Etc.wz/Commodity.img/7696/Class
Etc	removed	ARRAY: writes INTO an existing slot	Etc.wz/Commodity.img/7697/Class
Etc	removed	ARRAY: writes INTO an existing slot	Etc.wz/Commodity.img/7698/Class
Etc	removed	ARRAY: writes INTO an existing slot	Etc.wz/Commodity.img/7699/Class
Etc	removed	ARRAY: writes INTO an existing slot	Etc.wz/Commodity.img/7700/Class
Etc	removed	ARRAY: writes INTO an existing slot	Etc.wz/Commodity.img/7701/Class
Etc	removed	ARRAY: writes INTO an existing slot	Etc.wz/Commodity.img/7702/Class
Etc	removed	ARRAY: writes INTO an existing slot	Etc.wz/Commodity.img/7703/Class
Etc	removed	ARRAY: writes INTO an existing slot	Etc.wz/Commodity.img/7704/Class
Etc	removed	ARRAY: writes INTO an existing slot	Etc.wz/Commodity.img/7705/Class
Etc	removed	ARRAY: writes INTO an existing slot	Etc.wz/Commodity.img/7706/Class
Etc	removed	ARRAY: writes INTO an existing slot	Etc.wz/Commodity.img/7707/Class
Etc	removed	ARRAY: writes INTO an existing slot	Etc.wz/Commodity.img/7708/Class
Etc	removed	ARRAY: writes INTO an existing slot	Etc.wz/Commodity.img/7709/Class
Etc	removed	ARRAY: writes INTO an existing slot	Etc.wz/Commodity.img/7710/Class
Etc	removed	ARRAY: writes INTO an existing slot	Etc.wz/Commodity.img/7711/Class
Etc	removed	ARRAY: writes INTO an existing slot	Etc.wz/Commodity.img/7712/Class
Etc	removed	ARRAY: writes INTO an existing slot	Etc.wz/Commodity.img/7713/Class
Etc	removed	ARRAY: writes INTO an existing slot	Etc.wz/Commodity.img/7714/Class
Etc	removed	ARRAY: writes INTO an existing slot	Etc.wz/Commodity.img/7715/Class
Etc	removed	ARRAY: writes INTO an existing slot	Etc.wz/Commodity.img/7716/Class
Etc	removed	ARRAY: writes INTO an existing slot	Etc.wz/Commodity.img/7717/Class
Etc	removed	ARRAY: writes INTO an existing slot	Etc.wz/Commodity.img/7718/Class
Etc	removed	ARRAY: writes INTO an existing slot	Etc.wz/Commodity.img/7719/Class
Etc	removed	ARRAY: writes INTO an existing slot	Etc.wz/Commodity.img/7720/Class
Etc	removed	ARRAY: writes INTO an existing slot	Etc.wz/Commodity.img/7721/Class
Etc	removed	ARRAY: writes INTO an existing slot	Etc.wz/Commodity.img/7722/Class
Etc	removed	ARRAY: writes INTO an existing slot	Etc.wz/Commodity.img/7723/Class
Etc	removed	ARRAY: writes INTO an existing slot	Etc.wz/Commodity.img/7724/Class
Etc	removed	ARRAY: writes INTO an existing slot	Etc.wz/Commodity.img/7725/Class
Etc	removed	ARRAY: writes INTO an existing slot	Etc.wz/Commodity.img/7726/Class
Etc	removed	ARRAY: writes INTO an existing slot	Etc.wz/Commodity.img/7727/Class
Etc	removed	ARRAY: writes INTO an existing slot	Etc.wz/Commodity.img/7728/Class
Etc	removed	ARRAY: writes INTO an existing slot	Etc.wz/Commodity.img/7729/Class
Etc	removed	ARRAY: writes INTO an existing slot	Etc.wz/Commodity.img/7730/Class
Etc	removed	ARRAY: writes INTO an existing slot	Etc.wz/Commodity.img/7731/Class
Etc	removed	ARRAY: writes INTO an existing slot	Etc.wz/Commodity.img/7732/Class
Etc	removed	ARRAY: writes INTO an existing slot	Etc.wz/Commodity.img/7733/Class
Etc	removed	ARRAY: writes INTO an existing slot	Etc.wz/Commodity.img/7734/Class
Etc	removed	ARRAY: writes INTO an existing slot	Etc.wz/Commodity.img/7735/Class
Etc	removed	ARRAY: writes INTO an existing slot	Etc.wz/Commodity.img/7736/Class
Etc	removed	ARRAY: writes INTO an existing slot	Etc.wz/Commodity.img/7737/Class
Etc	removed	ARRAY: writes INTO an existing slot	Etc.wz/Commodity.img/7738/Class
Etc	removed	ARRAY: writes INTO an existing slot	Etc.wz/Commodity.img/7739/Class
Etc	removed	ARRAY: writes INTO an existing slot	Etc.wz/Commodity.img/7740/Class
Etc	removed	ARRAY: writes INTO an existing slot	Etc.wz/Commodity.img/7741/Class
Etc	removed	ARRAY: writes INTO an existing slot	Etc.wz/Commodity.img/7742/Class
Etc	removed	ARRAY: writes INTO an existing slot	Etc.wz/Commodity.img/7743/Class
Etc	removed	ARRAY: writes INTO an existing slot	Etc.wz/Commodity.img/7744/Class
Etc	removed	ARRAY: writes INTO an existing slot	Etc.wz/Commodity.img/7746/Class
Etc	removed	ARRAY: writes INTO an existing slot	Etc.wz/Commodity.img/7747/Class
Etc	removed	ARRAY: writes INTO an existing slot	Etc.wz/Commodity.img/7748/Class
Etc	removed	ARRAY: writes INTO an existing slot	Etc.wz/Commodity.img/7749/Class
Etc	removed	ARRAY: writes INTO an existing slot	Etc.wz/Commodity.img/7750/Class
Etc	removed	ARRAY: writes INTO an existing slot	Etc.wz/Commodity.img/7751/Class
Etc	removed	ARRAY: writes INTO an existing slot	Etc.wz/Commodity.img/7752/Class
Etc	removed	ARRAY: writes INTO an existing slot	Etc.wz/Commodity.img/7753/Class
Etc	removed	ARRAY: writes INTO an existing slot	Etc.wz/Commodity.img/7754/Class
Etc	removed	ARRAY: writes INTO an existing slot	Etc.wz/Commodity.img/7755/Class
Etc	removed	ARRAY: writes INTO an existing slot	Etc.wz/Commodity.img/7756/Class
Etc	removed	ARRAY: writes INTO an existing slot	Etc.wz/Commodity.img/7757/Class
Etc	removed	ARRAY: writes INTO an existing slot	Etc.wz/Commodity.img/7758/Class
Etc	removed	ARRAY: writes INTO an existing slot	Etc.wz/Commodity.img/7759/Class
Etc	removed	ARRAY: writes INTO an existing slot	Etc.wz/Commodity.img/7760/Class
Etc	removed	ARRAY: writes INTO an existing slot	Etc.wz/Commodity.img/7761/Class
Etc	removed	ARRAY: writes INTO an existing slot	Etc.wz/Commodity.img/7762/Class
Etc	removed	ARRAY: writes INTO an existing slot	Etc.wz/Commodity.img/7763/Class
Etc	removed	ARRAY: writes INTO an existing slot	Etc.wz/Commodity.img/7764/Class
Etc	removed	ARRAY: writes INTO an existing slot	Etc.wz/Commodity.img/7765/Class
Etc	removed	ARRAY: writes INTO an existing slot	Etc.wz/Commodity.img/7766/Class
Etc	removed	ARRAY: writes INTO an existing slot	Etc.wz/Commodity.img/7767/Class
Etc	removed	ARRAY: writes INTO an existing slot	Etc.wz/Commodity.img/7768/Class
Etc	removed	ARRAY: writes INTO an existing slot	Etc.wz/Commodity.img/7769/Class
Etc	removed	ARRAY: writes INTO an existing slot	Etc.wz/Commodity.img/7862/Class
Etc	removed	ARRAY: writes INTO an existing slot	Etc.wz/Commodity.img/7868/Class
Etc	removed	ARRAY: writes INTO an existing slot	Etc.wz/Commodity.img/7869/Class
Etc	removed	ARRAY: writes INTO an existing slot	Etc.wz/Commodity.img/7870/Class
Etc	removed	ARRAY: writes INTO an existing slot	Etc.wz/Commodity.img/7874/Class
Etc	removed	ARRAY: writes INTO an existing slot	Etc.wz/Commodity.img/7875/Class
Etc	removed	ARRAY: writes INTO an existing slot	Etc.wz/Commodity.img/7876/Class
Etc	removed	ARRAY: writes INTO an existing slot	Etc.wz/Commodity.img/7929/Limit
Etc	removed	ARRAY: writes INTO an existing slot	Etc.wz/Commodity.img/7940/Class
Etc	removed	ARRAY: writes INTO an existing slot	Etc.wz/Commodity.img/7941/Class
Etc	removed	ARRAY: writes INTO an existing slot	Etc.wz/Commodity.img/7988/Class
Etc	removed	ARRAY: writes INTO an existing slot	Etc.wz/Commodity.img/7996/Class
Etc	removed	ARRAY: writes INTO an existing slot	Etc.wz/Commodity.img/7997/Class
Etc	removed	ARRAY: writes INTO an existing slot	Etc.wz/Commodity.img/8023/Class
Etc	removed	ARRAY: writes INTO an existing slot	Etc.wz/Commodity.img/8024/Class
Etc	removed	ARRAY: writes INTO an existing slot	Etc.wz/Commodity.img/8025/Class
Etc	removed	ARRAY: writes INTO an existing slot	Etc.wz/Commodity.img/8026/Class
Etc	removed	ARRAY: writes INTO an existing slot	Etc.wz/Commodity.img/8027/Class
Etc	removed	ARRAY: writes INTO an existing slot	Etc.wz/Commodity.img/8028/Class
Etc	removed	ARRAY: writes INTO an existing slot	Etc.wz/Commodity.img/8029/Class
Etc	removed	ARRAY: writes INTO an existing slot	Etc.wz/Commodity.img/8030/Class
Etc	removed	ARRAY: writes INTO an existing slot	Etc.wz/Commodity.img/8031/Class
Etc	removed	ARRAY: writes INTO an existing slot	Etc.wz/Commodity.img/8032/Class
Etc	removed	ARRAY: writes INTO an existing slot	Etc.wz/Commodity.img/8033/Class
Etc	removed	ARRAY: writes INTO an existing slot	Etc.wz/Commodity.img/8034/Class
Etc	removed	ARRAY: writes INTO an existing slot	Etc.wz/Commodity.img/8035/Class
Etc	removed	ARRAY: writes INTO an existing slot	Etc.wz/Commodity.img/8036/Class
Etc	removed	ARRAY: writes INTO an existing slot	Etc.wz/Commodity.img/8037/Class
Etc	removed	ARRAY: writes INTO an existing slot	Etc.wz/Commodity.img/8038/Class
Etc	removed	ARRAY: writes INTO an existing slot	Etc.wz/Commodity.img/8039/Class
Etc	removed	ARRAY: writes INTO an existing slot	Etc.wz/Commodity.img/8040/Class
Etc	removed	ARRAY: writes INTO an existing slot	Etc.wz/Commodity.img/8041/Class
Etc	removed	ARRAY: writes INTO an existing slot	Etc.wz/Commodity.img/8042/Class
Etc	removed	ARRAY: writes INTO an existing slot	Etc.wz/Commodity.img/8043/Class
Etc	removed	ARRAY: writes INTO an existing slot	Etc.wz/Commodity.img/8044/Class
Etc	removed	ARRAY: writes INTO an existing slot	Etc.wz/Commodity.img/8045/Class
Etc	removed	ARRAY: writes INTO an existing slot	Etc.wz/Commodity.img/8047/Class
Etc	removed	ARRAY: writes INTO an existing slot	Etc.wz/Commodity.img/8052/Class
Etc	removed	ARRAY: writes INTO an existing slot	Etc.wz/Commodity.img/8053/Class
Etc	removed	ARRAY: writes INTO an existing slot	Etc.wz/Commodity.img/8055/Class
Etc	removed	ARRAY: writes INTO an existing slot	Etc.wz/Commodity.img/8060/Class
Etc	removed	ARRAY: writes INTO an existing slot	Etc.wz/Commodity.img/8067/Class
Etc	removed	ARRAY: writes INTO an existing slot	Etc.wz/Commodity.img/8068/Class
Etc	removed	ARRAY: writes INTO an existing slot	Etc.wz/Commodity.img/8069/Class
Etc	removed	ARRAY: writes INTO an existing slot	Etc.wz/Commodity.img/8072/Class
Etc	removed	ARRAY: writes INTO an existing slot	Etc.wz/Commodity.img/8073/Class
Etc	removed	ARRAY: writes INTO an existing slot	Etc.wz/Commodity.img/8074/Class
Etc	removed	ARRAY: writes INTO an existing slot	Etc.wz/Commodity.img/8075/Class
Etc	removed	ARRAY: writes INTO an existing slot	Etc.wz/Commodity.img/8076/Class
Etc	removed	ARRAY: writes INTO an existing slot	Etc.wz/Commodity.img/8077/Class
Etc	removed	ARRAY: writes INTO an existing slot	Etc.wz/Commodity.img/8082/Class
Etc	removed	ARRAY: writes INTO an existing slot	Etc.wz/Commodity.img/8115/PbCash
Etc	removed	ARRAY: writes INTO an existing slot	Etc.wz/Commodity.img/8115/PbGift
Etc	removed	ARRAY: writes INTO an existing slot	Etc.wz/Commodity.img/8115/PbPoint
Etc	removed	ARRAY: writes INTO an existing slot	Etc.wz/Commodity.img/8116/PbCash
Etc	removed	ARRAY: writes INTO an existing slot	Etc.wz/Commodity.img/8116/PbGift
Etc	removed	ARRAY: writes INTO an existing slot	Etc.wz/Commodity.img/8116/PbPoint
Etc	removed	ARRAY: writes INTO an existing slot	Etc.wz/Commodity.img/8117/PbCash
Etc	removed	ARRAY: writes INTO an existing slot	Etc.wz/Commodity.img/8117/PbGift
Etc	removed	ARRAY: writes INTO an existing slot	Etc.wz/Commodity.img/8117/PbPoint
Etc	removed	ARRAY: writes INTO an existing slot	Etc.wz/Commodity.img/8126/Class
Etc	removed	ARRAY: writes INTO an existing slot	Etc.wz/Commodity.img/8130/Class
Etc	removed	ARRAY: writes INTO an existing slot	Etc.wz/Commodity.img/8132/Class
Etc	removed	ARRAY: writes INTO an existing slot	Etc.wz/Commodity.img/8136/Class
Etc	removed	ARRAY: writes INTO an existing slot	Etc.wz/Commodity.img/8148/Class
Etc	removed	ARRAY: writes INTO an existing slot	Etc.wz/Commodity.img/8149/Class
Etc	removed	ARRAY: writes INTO an existing slot	Etc.wz/Commodity.img/8151/Class
Etc	removed	ARRAY: writes INTO an existing slot	Etc.wz/Commodity.img/8152/Class
Etc	removed	ARRAY: writes INTO an existing slot	Etc.wz/Commodity.img/8153/Class
Etc	removed	ARRAY: writes INTO an existing slot	Etc.wz/Commodity.img/8155/Class
Etc	removed	ARRAY: writes INTO an existing slot	Etc.wz/Commodity.img/8164/PbCash
Etc	removed	ARRAY: writes INTO an existing slot	Etc.wz/Commodity.img/8164/PbGift
Etc	removed	ARRAY: writes INTO an existing slot	Etc.wz/Commodity.img/8164/PbPoint
Etc	removed	ARRAY: writes INTO an existing slot	Etc.wz/Commodity.img/8165/PbCash
Etc	removed	ARRAY: writes INTO an existing slot	Etc.wz/Commodity.img/8165/PbGift
Etc	removed	ARRAY: writes INTO an existing slot	Etc.wz/Commodity.img/8165/PbPoint
Etc	removed	ARRAY: writes INTO an existing slot	Etc.wz/Commodity.img/8166/PbCash
Etc	removed	ARRAY: writes INTO an existing slot	Etc.wz/Commodity.img/8166/PbGift
Etc	removed	ARRAY: writes INTO an existing slot	Etc.wz/Commodity.img/8166/PbPoint
Etc	removed	ARRAY: writes INTO an existing slot	Etc.wz/Commodity.img/8167/PbCash
Etc	removed	ARRAY: writes INTO an existing slot	Etc.wz/Commodity.img/8167/PbGift
Etc	removed	ARRAY: writes INTO an existing slot	Etc.wz/Commodity.img/8167/PbPoint
Etc	removed	ARRAY: writes INTO an existing slot	Etc.wz/Commodity.img/8168/PbCash
Etc	removed	ARRAY: writes INTO an existing slot	Etc.wz/Commodity.img/8168/PbGift
Etc	removed	ARRAY: writes INTO an existing slot	Etc.wz/Commodity.img/8168/PbPoint
Etc	removed	ARRAY: writes INTO an existing slot	Etc.wz/Commodity.img/8169/PbCash
Etc	removed	ARRAY: writes INTO an existing slot	Etc.wz/Commodity.img/8169/PbGift
Etc	removed	ARRAY: writes INTO an existing slot	Etc.wz/Commodity.img/8169/PbPoint
Etc	removed	ARRAY: writes INTO an existing slot	Etc.wz/Commodity.img/8170/PbCash
Etc	removed	ARRAY: writes INTO an existing slot	Etc.wz/Commodity.img/8170/PbGift
Etc	removed	ARRAY: writes INTO an existing slot	Etc.wz/Commodity.img/8170/PbPoint
Etc	removed	ARRAY: writes INTO an existing slot	Etc.wz/Commodity.img/8171/PbCash
Etc	removed	ARRAY: writes INTO an existing slot	Etc.wz/Commodity.img/8171/PbGift
Etc	removed	ARRAY: writes INTO an existing slot	Etc.wz/Commodity.img/8171/PbPoint
Etc	removed	ARRAY: writes INTO an existing slot	Etc.wz/Commodity.img/8172/Class
Etc	removed	ARRAY: writes INTO an existing slot	Etc.wz/Commodity.img/8172/PbCash
Etc	removed	ARRAY: writes INTO an existing slot	Etc.wz/Commodity.img/8172/PbGift
Etc	removed	ARRAY: writes INTO an existing slot	Etc.wz/Commodity.img/8172/PbPoint
Etc	removed	ARRAY: writes INTO an existing slot	Etc.wz/Commodity.img/8173/PbCash
Etc	removed	ARRAY: writes INTO an existing slot	Etc.wz/Commodity.img/8173/PbGift
Etc	removed	ARRAY: writes INTO an existing slot	Etc.wz/Commodity.img/8173/PbPoint
Etc	removed	ARRAY: writes INTO an existing slot	Etc.wz/Commodity.img/8174/PbCash
Etc	removed	ARRAY: writes INTO an existing slot	Etc.wz/Commodity.img/8174/PbGift
Etc	removed	ARRAY: writes INTO an existing slot	Etc.wz/Commodity.img/8174/PbPoint
Etc	removed	ARRAY: writes INTO an existing slot	Etc.wz/Commodity.img/8175/PbCash
Etc	removed	ARRAY: writes INTO an existing slot	Etc.wz/Commodity.img/8175/PbGift
Etc	removed	ARRAY: writes INTO an existing slot	Etc.wz/Commodity.img/8175/PbPoint
Etc	removed	ARRAY: writes INTO an existing slot	Etc.wz/Commodity.img/8176/PbCash
Etc	removed	ARRAY: writes INTO an existing slot	Etc.wz/Commodity.img/8176/PbGift
Etc	removed	ARRAY: writes INTO an existing slot	Etc.wz/Commodity.img/8176/PbPoint
Etc	removed	ARRAY: writes INTO an existing slot	Etc.wz/Commodity.img/8177/PbCash
Etc	removed	ARRAY: writes INTO an existing slot	Etc.wz/Commodity.img/8177/PbGift
Etc	removed	ARRAY: writes INTO an existing slot	Etc.wz/Commodity.img/8177/PbPoint
Etc	removed	ARRAY: writes INTO an existing slot	Etc.wz/Commodity.img/8178/PbCash
Etc	removed	ARRAY: writes INTO an existing slot	Etc.wz/Commodity.img/8178/PbGift
Etc	removed	ARRAY: writes INTO an existing slot	Etc.wz/Commodity.img/8178/PbPoint
Etc	removed	ARRAY: writes INTO an existing slot	Etc.wz/Commodity.img/8179/PbCash
Etc	removed	ARRAY: writes INTO an existing slot	Etc.wz/Commodity.img/8179/PbGift
Etc	removed	ARRAY: writes INTO an existing slot	Etc.wz/Commodity.img/8179/PbPoint
Etc	removed	ARRAY: writes INTO an existing slot	Etc.wz/Commodity.img/8180/PbCash
Etc	removed	ARRAY: writes INTO an existing slot	Etc.wz/Commodity.img/8180/PbGift
Etc	removed	ARRAY: writes INTO an existing slot	Etc.wz/Commodity.img/8180/PbPoint
Etc	removed	ARRAY: writes INTO an existing slot	Etc.wz/Commodity.img/8181/PbCash
Etc	removed	ARRAY: writes INTO an existing slot	Etc.wz/Commodity.img/8181/PbGift
Etc	removed	ARRAY: writes INTO an existing slot	Etc.wz/Commodity.img/8181/PbPoint
Etc	removed	ARRAY: writes INTO an existing slot	Etc.wz/Commodity.img/8182/PbCash
Etc	removed	ARRAY: writes INTO an existing slot	Etc.wz/Commodity.img/8182/PbGift
Etc	removed	ARRAY: writes INTO an existing slot	Etc.wz/Commodity.img/8182/PbPoint
Etc	removed	ARRAY: writes INTO an existing slot	Etc.wz/Commodity.img/8183/PbCash
Etc	removed	ARRAY: writes INTO an existing slot	Etc.wz/Commodity.img/8183/PbGift
Etc	removed	ARRAY: writes INTO an existing slot	Etc.wz/Commodity.img/8183/PbPoint
Etc	removed	ARRAY: writes INTO an existing slot	Etc.wz/Commodity.img/8184/PbCash
Etc	removed	ARRAY: writes INTO an existing slot	Etc.wz/Commodity.img/8184/PbGift
Etc	removed	ARRAY: writes INTO an existing slot	Etc.wz/Commodity.img/8184/PbPoint
Etc	removed	ARRAY: writes INTO an existing slot	Etc.wz/Commodity.img/8185/PbCash
Etc	removed	ARRAY: writes INTO an existing slot	Etc.wz/Commodity.img/8185/PbGift
Etc	removed	ARRAY: writes INTO an existing slot	Etc.wz/Commodity.img/8185/PbPoint
Etc	removed	ARRAY: writes INTO an existing slot	Etc.wz/Commodity.img/8186/PbCash
Etc	removed	ARRAY: writes INTO an existing slot	Etc.wz/Commodity.img/8186/PbGift
Etc	removed	ARRAY: writes INTO an existing slot	Etc.wz/Commodity.img/8186/PbPoint
Etc	removed	ARRAY: writes INTO an existing slot	Etc.wz/Commodity.img/8187/PbCash
Etc	removed	ARRAY: writes INTO an existing slot	Etc.wz/Commodity.img/8187/PbGift
Etc	removed	ARRAY: writes INTO an existing slot	Etc.wz/Commodity.img/8187/PbPoint
Etc	removed	ARRAY: writes INTO an existing slot	Etc.wz/Commodity.img/8188/Class
Etc	removed	ARRAY: writes INTO an existing slot	Etc.wz/Commodity.img/8188/PbCash
Etc	removed	ARRAY: writes INTO an existing slot	Etc.wz/Commodity.img/8188/PbGift
Etc	removed	ARRAY: writes INTO an existing slot	Etc.wz/Commodity.img/8188/PbPoint
Etc	removed	ARRAY: writes INTO an existing slot	Etc.wz/Commodity.img/8189/PbCash
Etc	removed	ARRAY: writes INTO an existing slot	Etc.wz/Commodity.img/8189/PbGift
Etc	removed	ARRAY: writes INTO an existing slot	Etc.wz/Commodity.img/8189/PbPoint
Etc	removed	ARRAY: writes INTO an existing slot	Etc.wz/Commodity.img/8190/PbCash
Etc	removed	ARRAY: writes INTO an existing slot	Etc.wz/Commodity.img/8190/PbGift
Etc	removed	ARRAY: writes INTO an existing slot	Etc.wz/Commodity.img/8190/PbPoint
Etc	removed	ARRAY: writes INTO an existing slot	Etc.wz/Commodity.img/8191/PbCash
Etc	removed	ARRAY: writes INTO an existing slot	Etc.wz/Commodity.img/8191/PbGift
Etc	removed	ARRAY: writes INTO an existing slot	Etc.wz/Commodity.img/8191/PbPoint
Etc	removed	ARRAY: writes INTO an existing slot	Etc.wz/Commodity.img/8192/PbCash
Etc	removed	ARRAY: writes INTO an existing slot	Etc.wz/Commodity.img/8192/PbGift
Etc	removed	ARRAY: writes INTO an existing slot	Etc.wz/Commodity.img/8192/PbPoint
Etc	removed	ARRAY: writes INTO an existing slot	Etc.wz/Commodity.img/8193/PbCash
Etc	removed	ARRAY: writes INTO an existing slot	Etc.wz/Commodity.img/8193/PbGift
Etc	removed	ARRAY: writes INTO an existing slot	Etc.wz/Commodity.img/8193/PbPoint
Etc	removed	ARRAY: writes INTO an existing slot	Etc.wz/Commodity.img/8194/PbCash
Etc	removed	ARRAY: writes INTO an existing slot	Etc.wz/Commodity.img/8194/PbGift
Etc	removed	ARRAY: writes INTO an existing slot	Etc.wz/Commodity.img/8194/PbPoint
Etc	removed	ARRAY: writes INTO an existing slot	Etc.wz/Commodity.img/8195/PbCash
Etc	removed	ARRAY: writes INTO an existing slot	Etc.wz/Commodity.img/8195/PbGift
Etc	removed	ARRAY: writes INTO an existing slot	Etc.wz/Commodity.img/8195/PbPoint
Etc	removed	ARRAY: writes INTO an existing slot	Etc.wz/Commodity.img/8196/PbCash
Etc	removed	ARRAY: writes INTO an existing slot	Etc.wz/Commodity.img/8196/PbGift
Etc	removed	ARRAY: writes INTO an existing slot	Etc.wz/Commodity.img/8196/PbPoint
Etc	removed	ARRAY: writes INTO an existing slot	Etc.wz/Commodity.img/8197/Class
Etc	removed	ARRAY: writes INTO an existing slot	Etc.wz/Commodity.img/8197/PbCash
Etc	removed	ARRAY: writes INTO an existing slot	Etc.wz/Commodity.img/8197/PbGift
Etc	removed	ARRAY: writes INTO an existing slot	Etc.wz/Commodity.img/8197/PbPoint
Etc	removed	ARRAY: writes INTO an existing slot	Etc.wz/Commodity.img/8198/PbCash
Etc	removed	ARRAY: writes INTO an existing slot	Etc.wz/Commodity.img/8198/PbGift
Etc	removed	ARRAY: writes INTO an existing slot	Etc.wz/Commodity.img/8198/PbPoint
Etc	removed	ARRAY: writes INTO an existing slot	Etc.wz/Commodity.img/8199/PbCash
Etc	removed	ARRAY: writes INTO an existing slot	Etc.wz/Commodity.img/8199/PbGift
Etc	removed	ARRAY: writes INTO an existing slot	Etc.wz/Commodity.img/8199/PbPoint
Etc	removed	ARRAY: writes INTO an existing slot	Etc.wz/Commodity.img/8200/PbCash
Etc	removed	ARRAY: writes INTO an existing slot	Etc.wz/Commodity.img/8200/PbGift
Etc	removed	ARRAY: writes INTO an existing slot	Etc.wz/Commodity.img/8200/PbPoint
Etc	removed	ARRAY: writes INTO an existing slot	Etc.wz/Commodity.img/8201/Class
Etc	removed	ARRAY: writes INTO an existing slot	Etc.wz/Commodity.img/8201/PbCash
Etc	removed	ARRAY: writes INTO an existing slot	Etc.wz/Commodity.img/8201/PbGift
Etc	removed	ARRAY: writes INTO an existing slot	Etc.wz/Commodity.img/8201/PbPoint
Etc	removed	ARRAY: writes INTO an existing slot	Etc.wz/Commodity.img/8202/Class
Etc	removed	ARRAY: writes INTO an existing slot	Etc.wz/Commodity.img/8202/PbCash
Etc	removed	ARRAY: writes INTO an existing slot	Etc.wz/Commodity.img/8202/PbGift
Etc	removed	ARRAY: writes INTO an existing slot	Etc.wz/Commodity.img/8202/PbPoint
Etc	removed	ARRAY: writes INTO an existing slot	Etc.wz/Commodity.img/8203/PbCash
Etc	removed	ARRAY: writes INTO an existing slot	Etc.wz/Commodity.img/8203/PbGift
Etc	removed	ARRAY: writes INTO an existing slot	Etc.wz/Commodity.img/8203/PbPoint
Etc	removed	ARRAY: writes INTO an existing slot	Etc.wz/Commodity.img/8204/PbCash
Etc	removed	ARRAY: writes INTO an existing slot	Etc.wz/Commodity.img/8204/PbGift
Etc	removed	ARRAY: writes INTO an existing slot	Etc.wz/Commodity.img/8204/PbPoint
Etc	removed	ARRAY: writes INTO an existing slot	Etc.wz/Commodity.img/8208/PbCash
Etc	removed	ARRAY: writes INTO an existing slot	Etc.wz/Commodity.img/8208/PbGift
Etc	removed	ARRAY: writes INTO an existing slot	Etc.wz/Commodity.img/8208/PbPoint
Etc	removed	ARRAY: writes INTO an existing slot	Etc.wz/Commodity.img/8209/Class
Etc	removed	ARRAY: writes INTO an existing slot	Etc.wz/Commodity.img/8209/PbCash
Etc	removed	ARRAY: writes INTO an existing slot	Etc.wz/Commodity.img/8209/PbGift
Etc	removed	ARRAY: writes INTO an existing slot	Etc.wz/Commodity.img/8209/PbPoint
Etc	removed	ARRAY: writes INTO an existing slot	Etc.wz/Commodity.img/8210/PbCash
Etc	removed	ARRAY: writes INTO an existing slot	Etc.wz/Commodity.img/8210/PbGift
Etc	removed	ARRAY: writes INTO an existing slot	Etc.wz/Commodity.img/8210/PbPoint
Etc	removed	ARRAY: writes INTO an existing slot	Etc.wz/Commodity.img/8211/PbCash
Etc	removed	ARRAY: writes INTO an existing slot	Etc.wz/Commodity.img/8211/PbGift
Etc	removed	ARRAY: writes INTO an existing slot	Etc.wz/Commodity.img/8211/PbPoint
Etc	removed	ARRAY: writes INTO an existing slot	Etc.wz/Commodity.img/8212/Class
Etc	removed	ARRAY: writes INTO an existing slot	Etc.wz/Commodity.img/8212/PbCash
Etc	removed	ARRAY: writes INTO an existing slot	Etc.wz/Commodity.img/8212/PbGift
Etc	removed	ARRAY: writes INTO an existing slot	Etc.wz/Commodity.img/8212/PbPoint
Etc	removed	ARRAY: writes INTO an existing slot	Etc.wz/Commodity.img/8213/PbCash
Etc	removed	ARRAY: writes INTO an existing slot	Etc.wz/Commodity.img/8213/PbGift
Etc	removed	ARRAY: writes INTO an existing slot	Etc.wz/Commodity.img/8213/PbPoint
Etc	removed	ARRAY: writes INTO an existing slot	Etc.wz/Commodity.img/8214/PbCash
Etc	removed	ARRAY: writes INTO an existing slot	Etc.wz/Commodity.img/8214/PbGift
Etc	removed	ARRAY: writes INTO an existing slot	Etc.wz/Commodity.img/8214/PbPoint
Etc	removed	ARRAY: writes INTO an existing slot	Etc.wz/Commodity.img/8215/PbCash
Etc	removed	ARRAY: writes INTO an existing slot	Etc.wz/Commodity.img/8215/PbGift
Etc	removed	ARRAY: writes INTO an existing slot	Etc.wz/Commodity.img/8215/PbPoint
Etc	removed	ARRAY: writes INTO an existing slot	Etc.wz/Commodity.img/8216/PbCash
Etc	removed	ARRAY: writes INTO an existing slot	Etc.wz/Commodity.img/8216/PbGift
Etc	removed	ARRAY: writes INTO an existing slot	Etc.wz/Commodity.img/8216/PbPoint
Etc	removed	ARRAY: writes INTO an existing slot	Etc.wz/Commodity.img/8217/PbCash
Etc	removed	ARRAY: writes INTO an existing slot	Etc.wz/Commodity.img/8217/PbGift
Etc	removed	ARRAY: writes INTO an existing slot	Etc.wz/Commodity.img/8217/PbPoint
Etc	removed	ARRAY: writes INTO an existing slot	Etc.wz/Commodity.img/8218/PbCash
Etc	removed	ARRAY: writes INTO an existing slot	Etc.wz/Commodity.img/8218/PbGift
Etc	removed	ARRAY: writes INTO an existing slot	Etc.wz/Commodity.img/8218/PbPoint
Etc	removed	ARRAY: writes INTO an existing slot	Etc.wz/Commodity.img/8219/PbCash
Etc	removed	ARRAY: writes INTO an existing slot	Etc.wz/Commodity.img/8219/PbGift
Etc	removed	ARRAY: writes INTO an existing slot	Etc.wz/Commodity.img/8219/PbPoint
Etc	removed	ARRAY: writes INTO an existing slot	Etc.wz/Commodity.img/8220/PbCash
Etc	removed	ARRAY: writes INTO an existing slot	Etc.wz/Commodity.img/8220/PbGift
Etc	removed	ARRAY: writes INTO an existing slot	Etc.wz/Commodity.img/8220/PbPoint
Etc	removed	ARRAY: writes INTO an existing slot	Etc.wz/Commodity.img/8221/PbCash
Etc	removed	ARRAY: writes INTO an existing slot	Etc.wz/Commodity.img/8221/PbGift
Etc	removed	ARRAY: writes INTO an existing slot	Etc.wz/Commodity.img/8221/PbPoint
Etc	removed	ARRAY: writes INTO an existing slot	Etc.wz/Commodity.img/8222/PbCash
Etc	removed	ARRAY: writes INTO an existing slot	Etc.wz/Commodity.img/8222/PbGift
Etc	removed	ARRAY: writes INTO an existing slot	Etc.wz/Commodity.img/8222/PbPoint
Etc	removed	ARRAY: writes INTO an existing slot	Etc.wz/Commodity.img/8223/PbCash
Etc	removed	ARRAY: writes INTO an existing slot	Etc.wz/Commodity.img/8223/PbGift
Etc	removed	ARRAY: writes INTO an existing slot	Etc.wz/Commodity.img/8223/PbPoint
Etc	removed	ARRAY: writes INTO an existing slot	Etc.wz/Commodity.img/8224/PbCash
Etc	removed	ARRAY: writes INTO an existing slot	Etc.wz/Commodity.img/8224/PbGift
Etc	removed	ARRAY: writes INTO an existing slot	Etc.wz/Commodity.img/8224/PbPoint
Etc	removed	ARRAY: writes INTO an existing slot	Etc.wz/Commodity.img/8225/PbCash
Etc	removed	ARRAY: writes INTO an existing slot	Etc.wz/Commodity.img/8225/PbGift
Etc	removed	ARRAY: writes INTO an existing slot	Etc.wz/Commodity.img/8225/PbPoint
Etc	removed	ARRAY: writes INTO an existing slot	Etc.wz/Commodity.img/8226/PbCash
Etc	removed	ARRAY: writes INTO an existing slot	Etc.wz/Commodity.img/8226/PbGift
Etc	removed	ARRAY: writes INTO an existing slot	Etc.wz/Commodity.img/8226/PbPoint
Etc	removed	ARRAY: writes INTO an existing slot	Etc.wz/Commodity.img/8227/PbCash
Etc	removed	ARRAY: writes INTO an existing slot	Etc.wz/Commodity.img/8227/PbGift
Etc	removed	ARRAY: writes INTO an existing slot	Etc.wz/Commodity.img/8227/PbPoint
Etc	removed	ARRAY: writes INTO an existing slot	Etc.wz/Commodity.img/8228/PbCash
Etc	removed	ARRAY: writes INTO an existing slot	Etc.wz/Commodity.img/8228/PbGift
Etc	removed	ARRAY: writes INTO an existing slot	Etc.wz/Commodity.img/8228/PbPoint
Etc	removed	ARRAY: writes INTO an existing slot	Etc.wz/Commodity.img/8229/PbCash
Etc	removed	ARRAY: writes INTO an existing slot	Etc.wz/Commodity.img/8229/PbGift
Etc	removed	ARRAY: writes INTO an existing slot	Etc.wz/Commodity.img/8229/PbPoint
Etc	removed	ARRAY: writes INTO an existing slot	Etc.wz/Commodity.img/8230/PbCash
Etc	removed	ARRAY: writes INTO an existing slot	Etc.wz/Commodity.img/8230/PbGift
Etc	removed	ARRAY: writes INTO an existing slot	Etc.wz/Commodity.img/8230/PbPoint
Etc	removed	ARRAY: writes INTO an existing slot	Etc.wz/Commodity.img/8231/PbCash
Etc	removed	ARRAY: writes INTO an existing slot	Etc.wz/Commodity.img/8231/PbGift
Etc	removed	ARRAY: writes INTO an existing slot	Etc.wz/Commodity.img/8231/PbPoint
Etc	removed	ARRAY: writes INTO an existing slot	Etc.wz/Commodity.img/8232/PbCash
Etc	removed	ARRAY: writes INTO an existing slot	Etc.wz/Commodity.img/8232/PbGift
Etc	removed	ARRAY: writes INTO an existing slot	Etc.wz/Commodity.img/8232/PbPoint
Etc	removed	ARRAY: writes INTO an existing slot	Etc.wz/Commodity.img/8233/PbCash
Etc	removed	ARRAY: writes INTO an existing slot	Etc.wz/Commodity.img/8233/PbGift
Etc	removed	ARRAY: writes INTO an existing slot	Etc.wz/Commodity.img/8233/PbPoint
Etc	removed	ARRAY: writes INTO an existing slot	Etc.wz/Commodity.img/8234/PbCash
Etc	removed	ARRAY: writes INTO an existing slot	Etc.wz/Commodity.img/8234/PbGift
Etc	removed	ARRAY: writes INTO an existing slot	Etc.wz/Commodity.img/8234/PbPoint
Etc	removed	ARRAY: writes INTO an existing slot	Etc.wz/Commodity.img/8235/PbCash
Etc	removed	ARRAY: writes INTO an existing slot	Etc.wz/Commodity.img/8235/PbGift
Etc	removed	ARRAY: writes INTO an existing slot	Etc.wz/Commodity.img/8235/PbPoint
Etc	removed	ARRAY: writes INTO an existing slot	Etc.wz/Commodity.img/8236/PbCash
Etc	removed	ARRAY: writes INTO an existing slot	Etc.wz/Commodity.img/8236/PbGift
Etc	removed	ARRAY: writes INTO an existing slot	Etc.wz/Commodity.img/8236/PbPoint
Etc	removed	ARRAY: writes INTO an existing slot	Etc.wz/Commodity.img/8237/PbCash
Etc	removed	ARRAY: writes INTO an existing slot	Etc.wz/Commodity.img/8237/PbGift
Etc	removed	ARRAY: writes INTO an existing slot	Etc.wz/Commodity.img/8237/PbPoint
Etc	removed	ARRAY: writes INTO an existing slot	Etc.wz/Commodity.img/8238/PbCash
Etc	removed	ARRAY: writes INTO an existing slot	Etc.wz/Commodity.img/8238/PbGift
Etc	removed	ARRAY: writes INTO an existing slot	Etc.wz/Commodity.img/8238/PbPoint
Etc	removed	ARRAY: writes INTO an existing slot	Etc.wz/Commodity.img/8239/PbCash
Etc	removed	ARRAY: writes INTO an existing slot	Etc.wz/Commodity.img/8239/PbGift
Etc	removed	ARRAY: writes INTO an existing slot	Etc.wz/Commodity.img/8239/PbPoint
Etc	removed	ARRAY: writes INTO an existing slot	Etc.wz/Commodity.img/8240/PbCash
Etc	removed	ARRAY: writes INTO an existing slot	Etc.wz/Commodity.img/8240/PbGift
Etc	removed	ARRAY: writes INTO an existing slot	Etc.wz/Commodity.img/8240/PbPoint
Etc	removed	ARRAY: writes INTO an existing slot	Etc.wz/Commodity.img/8241/PbCash
Etc	removed	ARRAY: writes INTO an existing slot	Etc.wz/Commodity.img/8241/PbGift
Etc	removed	ARRAY: writes INTO an existing slot	Etc.wz/Commodity.img/8241/PbPoint
Etc	removed	ARRAY: writes INTO an existing slot	Etc.wz/Commodity.img/8242/PbCash
Etc	removed	ARRAY: writes INTO an existing slot	Etc.wz/Commodity.img/8242/PbGift
Etc	removed	ARRAY: writes INTO an existing slot	Etc.wz/Commodity.img/8242/PbPoint
Etc	removed	ARRAY: writes INTO an existing slot	Etc.wz/Commodity.img/8243/PbCash
Etc	removed	ARRAY: writes INTO an existing slot	Etc.wz/Commodity.img/8243/PbGift
Etc	removed	ARRAY: writes INTO an existing slot	Etc.wz/Commodity.img/8243/PbPoint
Etc	removed	ARRAY: writes INTO an existing slot	Etc.wz/Commodity.img/8244/Class
Etc	removed	ARRAY: writes INTO an existing slot	Etc.wz/Commodity.img/8244/PbCash
Etc	removed	ARRAY: writes INTO an existing slot	Etc.wz/Commodity.img/8244/PbGift
Etc	removed	ARRAY: writes INTO an existing slot	Etc.wz/Commodity.img/8244/PbPoint
Etc	removed	ARRAY: writes INTO an existing slot	Etc.wz/Commodity.img/8245/PbCash
Etc	removed	ARRAY: writes INTO an existing slot	Etc.wz/Commodity.img/8245/PbGift
Etc	removed	ARRAY: writes INTO an existing slot	Etc.wz/Commodity.img/8245/PbPoint
Etc	removed	ARRAY: writes INTO an existing slot	Etc.wz/Commodity.img/8246/Class
Etc	removed	ARRAY: writes INTO an existing slot	Etc.wz/Commodity.img/8246/PbCash
Etc	removed	ARRAY: writes INTO an existing slot	Etc.wz/Commodity.img/8246/PbGift
Etc	removed	ARRAY: writes INTO an existing slot	Etc.wz/Commodity.img/8246/PbPoint
Etc	removed	ARRAY: writes INTO an existing slot	Etc.wz/Commodity.img/8247/PbCash
Etc	removed	ARRAY: writes INTO an existing slot	Etc.wz/Commodity.img/8247/PbGift
Etc	removed	ARRAY: writes INTO an existing slot	Etc.wz/Commodity.img/8247/PbPoint
Etc	removed	ARRAY: writes INTO an existing slot	Etc.wz/Commodity.img/8248/PbCash
Etc	removed	ARRAY: writes INTO an existing slot	Etc.wz/Commodity.img/8248/PbGift
Etc	removed	ARRAY: writes INTO an existing slot	Etc.wz/Commodity.img/8248/PbPoint
Etc	removed	ARRAY: writes INTO an existing slot	Etc.wz/Commodity.img/8249/PbCash
Etc	removed	ARRAY: writes INTO an existing slot	Etc.wz/Commodity.img/8249/PbGift
Etc	removed	ARRAY: writes INTO an existing slot	Etc.wz/Commodity.img/8249/PbPoint
Etc	removed	ARRAY: writes INTO an existing slot	Etc.wz/Commodity.img/8250/PbCash
Etc	removed	ARRAY: writes INTO an existing slot	Etc.wz/Commodity.img/8250/PbGift
Etc	removed	ARRAY: writes INTO an existing slot	Etc.wz/Commodity.img/8250/PbPoint
Etc	removed	ARRAY: writes INTO an existing slot	Etc.wz/Commodity.img/8251/PbCash
Etc	removed	ARRAY: writes INTO an existing slot	Etc.wz/Commodity.img/8251/PbGift
Etc	removed	ARRAY: writes INTO an existing slot	Etc.wz/Commodity.img/8251/PbPoint
Etc	removed	ARRAY: writes INTO an existing slot	Etc.wz/Commodity.img/8252/PbCash
Etc	removed	ARRAY: writes INTO an existing slot	Etc.wz/Commodity.img/8252/PbGift
Etc	removed	ARRAY: writes INTO an existing slot	Etc.wz/Commodity.img/8252/PbPoint
Etc	removed	ARRAY: writes INTO an existing slot	Etc.wz/Commodity.img/8253/PbCash
Etc	removed	ARRAY: writes INTO an existing slot	Etc.wz/Commodity.img/8253/PbGift
Etc	removed	ARRAY: writes INTO an existing slot	Etc.wz/Commodity.img/8253/PbPoint
Etc	removed	ARRAY: writes INTO an existing slot	Etc.wz/Commodity.img/8269/Class
Etc	removed	ARRAY: writes INTO an existing slot	Etc.wz/Commodity.img/8273/Class
Etc	removed	ARRAY: writes INTO an existing slot	Etc.wz/Commodity.img/8305/Class
Etc	removed	ARRAY: writes INTO an existing slot	Etc.wz/Commodity.img/8307/Class
Etc	removed	ARRAY: writes INTO an existing slot	Etc.wz/Commodity.img/8309/Class
Etc	removed	ARRAY: writes INTO an existing slot	Etc.wz/Commodity.img/8310/Class
Etc	removed	ARRAY: writes INTO an existing slot	Etc.wz/Commodity.img/8311/Class
Etc	removed	ARRAY: writes INTO an existing slot	Etc.wz/Commodity.img/8320/Class
Etc	removed	ARRAY: writes INTO an existing slot	Etc.wz/Commodity.img/8327/Class
Etc	removed	ARRAY: writes INTO an existing slot	Etc.wz/Commodity.img/8333/Class
Etc	removed	ARRAY: writes INTO an existing slot	Etc.wz/Commodity.img/8345/Class
Etc	removed	ARRAY: writes INTO an existing slot	Etc.wz/Commodity.img/8346/Class
Etc	removed	ARRAY: writes INTO an existing slot	Etc.wz/Commodity.img/8347/Class
Etc	removed	ARRAY: writes INTO an existing slot	Etc.wz/Commodity.img/8348/Class
Etc	removed	ARRAY: writes INTO an existing slot	Etc.wz/Commodity.img/8349/Class
Etc	removed	ARRAY: writes INTO an existing slot	Etc.wz/Commodity.img/8350/Class
Etc	removed	ARRAY: writes INTO an existing slot	Etc.wz/Commodity.img/8351/Class
Etc	removed	ARRAY: writes INTO an existing slot	Etc.wz/Commodity.img/8352/Class
Etc	removed	ARRAY: writes INTO an existing slot	Etc.wz/Commodity.img/8353/Class
Etc	removed	ARRAY: writes INTO an existing slot	Etc.wz/Commodity.img/8354/Class
Etc	removed	ARRAY: writes INTO an existing slot	Etc.wz/Commodity.img/8355/Class
Etc	removed	ARRAY: writes INTO an existing slot	Etc.wz/Commodity.img/8356/Class
Etc	removed	ARRAY: writes INTO an existing slot	Etc.wz/Commodity.img/8357/Class
Etc	removed	ARRAY: writes INTO an existing slot	Etc.wz/Commodity.img/8360/Class
Etc	removed	ARRAY: writes INTO an existing slot	Etc.wz/Commodity.img/8361/Class
Etc	removed	ARRAY: writes INTO an existing slot	Etc.wz/Commodity.img/8362/Class
Etc	removed	ARRAY: writes INTO an existing slot	Etc.wz/Commodity.img/8364/Class
Etc	removed	ARRAY: writes INTO an existing slot	Etc.wz/Commodity.img/8365/Class
Etc	removed	ARRAY: writes INTO an existing slot	Etc.wz/Commodity.img/8366/Class
Etc	removed	ARRAY: writes INTO an existing slot	Etc.wz/Commodity.img/8367/Class
Etc	removed	ARRAY: writes INTO an existing slot	Etc.wz/Commodity.img/8368/Class
Etc	removed	ARRAY: writes INTO an existing slot	Etc.wz/Commodity.img/8369/Class
Etc	removed	ARRAY: writes INTO an existing slot	Etc.wz/Commodity.img/8370/Class
Etc	removed	ARRAY: writes INTO an existing slot	Etc.wz/Commodity.img/8371/Class
Etc	removed	ARRAY: writes INTO an existing slot	Etc.wz/Commodity.img/8372/Class
Etc	removed	ARRAY: writes INTO an existing slot	Etc.wz/Commodity.img/8373/Class
Etc	removed	ARRAY: writes INTO an existing slot	Etc.wz/Commodity.img/8374/Class
Etc	removed	ARRAY: writes INTO an existing slot	Etc.wz/Commodity.img/8375/Class
Etc	removed	ARRAY: writes INTO an existing slot	Etc.wz/Commodity.img/8376/Class
Etc	removed	ARRAY: writes INTO an existing slot	Etc.wz/Commodity.img/8377/Class
Etc	removed	ARRAY: writes INTO an existing slot	Etc.wz/Commodity.img/8378/Class
Etc	removed	ARRAY: writes INTO an existing slot	Etc.wz/Commodity.img/8379/Class
Etc	removed	ARRAY: writes INTO an existing slot	Etc.wz/Commodity.img/8380/Class
Etc	removed	ARRAY: writes INTO an existing slot	Etc.wz/Commodity.img/8381/Class
Etc	removed	ARRAY: writes INTO an existing slot	Etc.wz/Commodity.img/8382/Class
Etc	removed	ARRAY: writes INTO an existing slot	Etc.wz/Commodity.img/8383/Class
Etc	removed	ARRAY: writes INTO an existing slot	Etc.wz/Commodity.img/8384/Class
Etc	removed	ARRAY: writes INTO an existing slot	Etc.wz/Commodity.img/8385/Class
Etc	removed	ARRAY: writes INTO an existing slot	Etc.wz/Commodity.img/8386/Class
Etc	removed	ARRAY: writes INTO an existing slot	Etc.wz/Commodity.img/8387/Class
Etc	removed	ARRAY: writes INTO an existing slot	Etc.wz/Commodity.img/8388/Class
Etc	removed	ARRAY: writes INTO an existing slot	Etc.wz/Commodity.img/8389/Class
Etc	removed	ARRAY: writes INTO an existing slot	Etc.wz/Commodity.img/8390/Class
Etc	removed	ARRAY: writes INTO an existing slot	Etc.wz/Commodity.img/8391/Class
Etc	removed	ARRAY: writes INTO an existing slot	Etc.wz/Commodity.img/8392/Class
Etc	removed	ARRAY: writes INTO an existing slot	Etc.wz/Commodity.img/8393/Class
Etc	removed	ARRAY: writes INTO an existing slot	Etc.wz/Commodity.img/8394/Class
Etc	removed	ARRAY: writes INTO an existing slot	Etc.wz/Commodity.img/8405/Class
Etc	removed	ARRAY: writes INTO an existing slot	Etc.wz/Commodity.img/8406/Class
Etc	removed	ARRAY: writes INTO an existing slot	Etc.wz/Commodity.img/8431/Class
Etc	removed	ARRAY: writes INTO an existing slot	Etc.wz/Commodity.img/8432/Class
Etc	removed	ARRAY: writes INTO an existing slot	Etc.wz/Commodity.img/8433/Class
Etc	removed	ARRAY: writes INTO an existing slot	Etc.wz/Commodity.img/8489/Priority
Etc	removed	ARRAY: writes INTO an existing slot	Etc.wz/Commodity.img/8691/Class
Etc	removed	ARRAY: writes INTO an existing slot	Etc.wz/Commodity.img/8693/Class
Etc	removed	ARRAY: writes INTO an existing slot	Etc.wz/Commodity.img/8694/Class
Etc	removed	ARRAY: writes INTO an existing slot	Etc.wz/Commodity.img/8695/Class
Etc	removed	ARRAY: writes INTO an existing slot	Etc.wz/Commodity.img/8696/Class
Etc	removed	ARRAY: writes INTO an existing slot	Etc.wz/Commodity.img/8728/Class
Etc	removed	ARRAY: writes INTO an existing slot	Etc.wz/Commodity.img/8732/Class
Etc	removed	ARRAY: writes INTO an existing slot	Etc.wz/Commodity.img/8734/Class
Etc	removed	ARRAY: writes INTO an existing slot	Etc.wz/Commodity.img/8736/Class
Etc	removed	ARRAY: writes INTO an existing slot	Etc.wz/Commodity.img/8737/Class
Etc	removed	ARRAY: writes INTO an existing slot	Etc.wz/Commodity.img/8740/Class
Etc	removed	ARRAY: writes INTO an existing slot	Etc.wz/Commodity.img/8741/Class
Etc	removed	ARRAY: writes INTO an existing slot	Etc.wz/Commodity.img/8742/Class
Etc	removed	ARRAY: writes INTO an existing slot	Etc.wz/Commodity.img/8753/Class
Etc	removed	ARRAY: writes INTO an existing slot	Etc.wz/Commodity.img/8754/Class
Etc	removed	ARRAY: writes INTO an existing slot	Etc.wz/Commodity.img/8755/Class
Etc	removed	ARRAY: writes INTO an existing slot	Etc.wz/Commodity.img/8756/Class
Etc	removed	ARRAY: writes INTO an existing slot	Etc.wz/Commodity.img/8757/Class
Etc	removed	ARRAY: writes INTO an existing slot	Etc.wz/Commodity.img/8758/Class
Etc	removed	ARRAY: writes INTO an existing slot	Etc.wz/Commodity.img/8759/Class
Etc	removed	ARRAY: writes INTO an existing slot	Etc.wz/Commodity.img/8760/Class
Etc	removed	ARRAY: writes INTO an existing slot	Etc.wz/Commodity.img/8761/Class
Etc	removed	ARRAY: writes INTO an existing slot	Etc.wz/Commodity.img/8762/Class
Etc	removed	ARRAY: writes INTO an existing slot	Etc.wz/Commodity.img/8763/Class
Etc	removed	ARRAY: writes INTO an existing slot	Etc.wz/Commodity.img/8764/Class
Etc	removed	ARRAY: writes INTO an existing slot	Etc.wz/Commodity.img/8765/Class
Etc	removed	ARRAY: writes INTO an existing slot	Etc.wz/Commodity.img/8766/Class
Etc	removed	ARRAY: writes INTO an existing slot	Etc.wz/Commodity.img/8767/Class
Etc	removed	ARRAY: writes INTO an existing slot	Etc.wz/Commodity.img/8768/Class
Etc	removed	ARRAY: writes INTO an existing slot	Etc.wz/Commodity.img/8769/Class
Etc	removed	ARRAY: writes INTO an existing slot	Etc.wz/Commodity.img/8770/Class
Etc	removed	ARRAY: writes INTO an existing slot	Etc.wz/Commodity.img/8771/Class
Etc	removed	ARRAY: writes INTO an existing slot	Etc.wz/Commodity.img/8772/Class
Etc	removed	ARRAY: writes INTO an existing slot	Etc.wz/Commodity.img/8773/Class
Etc	removed	ARRAY: writes INTO an existing slot	Etc.wz/Commodity.img/8774/Class
Etc	removed	ARRAY: writes INTO an existing slot	Etc.wz/Commodity.img/8775/Class
Etc	removed	ARRAY: writes INTO an existing slot	Etc.wz/Commodity.img/8776/Class
Etc	removed	ARRAY: writes INTO an existing slot	Etc.wz/Commodity.img/8777/Class
Etc	removed	ARRAY: writes INTO an existing slot	Etc.wz/Commodity.img/8778/Class
Etc	removed	ARRAY: writes INTO an existing slot	Etc.wz/Commodity.img/8779/Class
Etc	removed	ARRAY: writes INTO an existing slot	Etc.wz/Commodity.img/8780/Class
Etc	removed	ARRAY: writes INTO an existing slot	Etc.wz/Commodity.img/8781/Class
Etc	removed	ARRAY: writes INTO an existing slot	Etc.wz/Commodity.img/8782/Class
Etc	removed	ARRAY: writes INTO an existing slot	Etc.wz/Commodity.img/8809/Class
Etc	removed	ARRAY: writes INTO an existing slot	Etc.wz/Commodity.img/8810/Class
Etc	removed	ARRAY: writes INTO an existing slot	Etc.wz/Commodity.img/8811/Class
Etc	removed	ARRAY: writes INTO an existing slot	Etc.wz/Commodity.img/8828/Class
Etc	removed	ARRAY: writes INTO an existing slot	Etc.wz/Commodity.img/8831/Class
Etc	removed	ARRAY: writes INTO an existing slot	Etc.wz/Commodity.img/8832/Class
Etc	removed	ARRAY: writes INTO an existing slot	Etc.wz/Commodity.img/8836/Class
Etc	removed	ARRAY: writes INTO an existing slot	Etc.wz/Commodity.img/8837/Class
Etc	removed	ARRAY: writes INTO an existing slot	Etc.wz/Commodity.img/8838/Class
Etc	removed	ARRAY: writes INTO an existing slot	Etc.wz/Commodity.img/8839/Class
Etc	removed	ARRAY: writes INTO an existing slot	Etc.wz/Commodity.img/8840/Class
Etc	removed	ARRAY: writes INTO an existing slot	Etc.wz/Commodity.img/8841/Class
Etc	removed	ARRAY: writes INTO an existing slot	Etc.wz/Commodity.img/8842/Class
Etc	removed	ARRAY: writes INTO an existing slot	Etc.wz/Commodity.img/8843/Class
Etc	removed	ARRAY: writes INTO an existing slot	Etc.wz/Commodity.img/8844/Class
Etc	removed	ARRAY: writes INTO an existing slot	Etc.wz/Commodity.img/8845/Class
Etc	removed	ARRAY: append would duplicate an existing entry	Etc.wz/NpcLocation.img/1022101/17
Etc	removed	ARRAY: gap after an earlier refusal	Etc.wz/NpcLocation.img/1022101/18
Etc	removed	ARRAY: gap after an earlier refusal	Etc.wz/NpcLocation.img/1022101/19
Etc	removed	ARRAY: gap after an earlier refusal	Etc.wz/NpcLocation.img/1022101/20
Etc	removed	ARRAY: gap after an earlier refusal	Etc.wz/NpcLocation.img/1022101/21
Etc	removed	ARRAY: gap after an earlier refusal	Etc.wz/NpcLocation.img/1022101/22
Etc	removed	ARRAY: append would duplicate an existing entry	Etc.wz/NpcLocation.img/2000/1
Etc	removed	ARRAY: append would duplicate an existing entry	Etc.wz/NpcLocation.img/20001/1
Etc	removed	ARRAY: append would duplicate an existing entry	Etc.wz/NpcLocation.img/20002/1
Etc	removed	ARRAY: append would duplicate an existing entry	Etc.wz/NpcLocation.img/2001/2
Etc	removed	ARRAY: append would duplicate an existing entry	Etc.wz/NpcLocation.img/2091005/39
Etc	removed	ARRAY: append would duplicate an existing entry	Etc.wz/NpcLocation.img/2091006/7
Etc	removed	ARRAY: append would duplicate an existing entry	Etc.wz/NpcLocation.img/2120002/9
Etc	removed	ARRAY: append would duplicate an existing entry	Etc.wz/NpcLocation.img/9000034/7
Etc	removed	ARRAY: append would duplicate an existing entry	Etc.wz/NpcLocation.img/9000036/11
Etc	removed	ARRAY: gap after an earlier refusal	Etc.wz/NpcLocation.img/9000036/12
Etc	removed	ARRAY: gap after an earlier refusal	Etc.wz/NpcLocation.img/9000036/13
Etc	removed	ARRAY: gap after an earlier refusal	Etc.wz/NpcLocation.img/9000036/14
Etc	removed	ARRAY: append would duplicate an existing entry	Etc.wz/NpcLocation.img/9000067/2
Etc	removed	ARRAY: gap after an earlier refusal	Etc.wz/NpcLocation.img/9000067/3
Etc	removed	ARRAY: gap after an earlier refusal	Etc.wz/NpcLocation.img/9000067/4
Etc	removed	ARRAY: gap after an earlier refusal	Etc.wz/NpcLocation.img/9000067/5
Etc	removed	ARRAY: append would duplicate an existing entry	Etc.wz/NpcLocation.img/9010000/19
Etc	removed	ARRAY: append would duplicate an existing entry	Etc.wz/NpcLocation.img/9250052/4
Etc	removed	ARRAY: gap after an earlier refusal	Etc.wz/NpcLocation.img/9250052/5
Etc	removed	ARRAY: gap after an earlier refusal	Etc.wz/NpcLocation.img/9250052/6
Etc	removed	ARRAY: gap after an earlier refusal	Etc.wz/NpcLocation.img/9250052/7
Etc	removed	ARRAY: writes INTO an existing slot	Etc.wz/Swindle.img/3/word/4
Etc	removed	ARRAY: writes INTO an existing slot	Etc.wz/Swindle.img/3/word/5
Etc	removed	ARRAY: writes INTO an existing slot	Etc.wz/Swindle.img/3/word/6
Etc	removed	ARRAY: writes INTO an existing slot	Etc.wz/Swindle.img/3/word/7
Item	removed	ARRAY: append would duplicate an existing entry	Item.wz/Consume/0202.img/02022504/reward/44
Item	removed	ARRAY: append would duplicate an existing entry	Item.wz/Consume/0202.img/02022505/reward/44
Item	removed	ARRAY: append would duplicate an existing entry	Item.wz/Consume/0202.img/02022506/reward/44
Item	removed	ARRAY: append would duplicate an existing entry	Item.wz/Consume/0202.img/02022507/reward/44
Item	removed	ARRAY: append would duplicate an existing entry	Item.wz/Consume/0202.img/02022508/reward/44
Item	removed	ARRAY: append would duplicate an existing entry	Item.wz/Consume/0202.img/02022509/reward/44
Item	removed	ARRAY: append would duplicate an existing entry	Item.wz/Consume/0202.img/02022510/reward/44
Item	removed	ARRAY: append would duplicate an existing entry	Item.wz/Consume/0202.img/02022511/reward/44
Item	removed	ARRAY: append would duplicate an existing entry	Item.wz/Consume/0202.img/02022512/reward/44
Item	removed	ARRAY: append would duplicate an existing entry	Item.wz/Consume/0202.img/02022513/reward/44
Item	removed	ARRAY: append would duplicate an existing entry	Item.wz/Consume/0202.img/02022515/reward/44
Item	removed	ARRAY: append would duplicate an existing entry	Item.wz/Consume/0202.img/02022516/reward/44
Item	removed	ARRAY: append would duplicate an existing entry	Item.wz/Consume/0202.img/02022517/reward/44
Item	removed	ARRAY: append would duplicate an existing entry	Item.wz/Consume/0202.img/02022518/reward/44
Item	removed	ARRAY: append would duplicate an existing entry	Item.wz/Consume/0202.img/02022519/reward/44
Item	removed	ARRAY: append would duplicate an existing entry	Item.wz/Consume/0202.img/02022520/reward/44
Item	removed	ARRAY: append would duplicate an existing entry	Item.wz/Consume/0202.img/02022521/reward/44
Item	removed	ARRAY: append would duplicate an existing entry	Item.wz/Consume/0202.img/02022522/reward/44
Item	removed	ARRAY: append would duplicate an existing entry	Item.wz/Consume/0202.img/02022523/reward/44
Item	removed	ARRAY: append would duplicate an existing entry	Item.wz/Consume/0202.img/02022524/reward/44
Map	removed	ARRAY: append would duplicate an existing entry	Map.wz/Map/Map1/100000000.img/life/28
Map	removed	ARRAY: gap after an earlier refusal	Map.wz/Map/Map1/100000000.img/life/29
Map	removed	ARRAY: writes INTO an existing slot	Map.wz/Map/Map1/100000000.img/portal/12/image
Map	removed	ARRAY: append would duplicate an existing entry	Map.wz/Map/Map1/100010000.img/life/52
Map	removed	ARRAY: gap after an earlier refusal	Map.wz/Map/Map1/100010000.img/life/53
Map	removed	ARRAY: writes INTO an existing slot	Map.wz/Map/Map1/100020000.img/life/14/limitedname
Map	removed	ARRAY: append would duplicate an existing entry	Map.wz/Map/Map1/100020000.img/life/15
Map	removed	ARRAY: writes INTO an existing slot	Map.wz/Map/Map1/100030000.img/portal/13/script
Map	removed	ARRAY: writes INTO an existing slot	Map.wz/Map/Map1/101000000.img/portal/28/image
Map	removed	ARRAY: writes INTO an existing slot	Map.wz/Map/Map1/101000000.img/portal/39/image
Map	removed	ARRAY: writes INTO an existing slot	Map.wz/Map/Map1/102000000.img/life/24/limitedname
Map	removed	ARRAY: writes INTO an existing slot	Map.wz/Map/Map1/102000000.img/portal/14/image
Map	removed	ARRAY: writes INTO an existing slot	Map.wz/Map/Map1/102000000.img/portal/16/script
Map	removed	ARRAY: writes INTO an existing slot	Map.wz/Map/Map1/102000000.img/portal/28/script
Map	removed	ARRAY: writes INTO an existing slot	Map.wz/Map/Map1/102000000.img/portal/29/delay
Map	removed	ARRAY: writes INTO an existing slot	Map.wz/Map/Map1/102000000.img/portal/29/hideTooltip
Map	removed	ARRAY: writes INTO an existing slot	Map.wz/Map/Map1/102000000.img/portal/29/horizontalImpact
Map	removed	ARRAY: writes INTO an existing slot	Map.wz/Map/Map1/102000000.img/portal/29/onlyOnce
Map	removed	ARRAY: writes INTO an existing slot	Map.wz/Map/Map1/103000000.img/portal/23/image
Map	removed	ARRAY: writes INTO an existing slot	Map.wz/Map/Map1/103000000.img/portal/43/delay
Map	removed	ARRAY: writes INTO an existing slot	Map.wz/Map/Map1/103000000.img/portal/43/hideTooltip
Map	removed	ARRAY: writes INTO an existing slot	Map.wz/Map/Map1/103000000.img/portal/43/horizontalImpact
Map	removed	ARRAY: writes INTO an existing slot	Map.wz/Map/Map1/103000000.img/portal/43/onlyOnce
Map	removed	ARRAY: writes INTO an existing slot	Map.wz/Map/Map1/103000000.img/portal/43/script
Map	removed	ARRAY: writes INTO an existing slot	Map.wz/Map/Map1/105040300.img/life/12/limitedname
Map	removed	ARRAY: writes INTO an existing slot	Map.wz/Map/Map1/105040300.img/portal/12/image
Map	removed	ARRAY: writes INTO an existing slot	Map.wz/Map/Map1/105050300.img/life/50/f
Map	removed	ARRAY: writes INTO an existing slot	Map.wz/Map/Map1/105050300.img/life/50/mobTime
Map	removed	ARRAY: writes INTO an existing slot	Map.wz/Map/Map1/105050300.img/life/53/f
Map	removed	ARRAY: writes INTO an existing slot	Map.wz/Map/Map1/105050300.img/life/53/mobTime
Map	removed	ARRAY: writes INTO an existing slot	Map.wz/Map/Map1/105050300.img/life/54/f
Map	removed	ARRAY: writes INTO an existing slot	Map.wz/Map/Map1/105050300.img/life/54/mobTime
Map	removed	ARRAY: append would duplicate an existing entry	Map.wz/Map/Map1/105050300.img/life/55
Map	removed	ARRAY: gap after an earlier refusal	Map.wz/Map/Map1/105050300.img/life/56
Map	removed	ARRAY: gap after an earlier refusal	Map.wz/Map/Map1/105050300.img/life/57
Map	removed	ARRAY: gap after an earlier refusal	Map.wz/Map/Map1/105050300.img/life/58
Map	removed	ARRAY: gap after an earlier refusal	Map.wz/Map/Map1/105050300.img/life/59
Map	removed	ARRAY: gap after an earlier refusal	Map.wz/Map/Map1/105050300.img/life/60
Map	removed	ARRAY: gap after an earlier refusal	Map.wz/Map/Map1/105050300.img/life/61
Map	removed	ARRAY: gap after an earlier refusal	Map.wz/Map/Map1/105050300.img/life/62
Map	removed	ARRAY: gap after an earlier refusal	Map.wz/Map/Map1/105050300.img/life/63
Map	removed	ARRAY: gap after an earlier refusal	Map.wz/Map/Map1/105050300.img/life/64
Map	removed	ARRAY: gap after an earlier refusal	Map.wz/Map/Map1/105050300.img/life/65
Map	removed	ARRAY: writes INTO an existing slot	Map.wz/Map/Map1/106010000.img/life/32/hide
Map	removed	ARRAY: append would duplicate an existing entry	Map.wz/Map/Map1/106010000.img/life/45
Map	removed	ARRAY: writes INTO an existing slot	Map.wz/Map/Map1/106010102.img/foothold/0/16
Map	removed	ARRAY: writes INTO an existing slot	Map.wz/Map/Map1/106010102.img/foothold/1/11
Map	removed	ARRAY: writes INTO an existing slot	Map.wz/Map/Map1/106010102.img/foothold/2/8
Map	removed	ARRAY: append would duplicate an existing entry	Map.wz/Map/Map1/106010102.img/life/11
Map	removed	ARRAY: gap after an earlier refusal	Map.wz/Map/Map1/106010102.img/life/12
Map	removed	ARRAY: gap after an earlier refusal	Map.wz/Map/Map1/106010102.img/life/13
Map	removed	ARRAY: gap after an earlier refusal	Map.wz/Map/Map1/106010102.img/life/14
Map	removed	ARRAY: gap after an earlier refusal	Map.wz/Map/Map1/106010102.img/life/15
Map	removed	ARRAY: gap after an earlier refusal	Map.wz/Map/Map1/106010102.img/life/16
Map	removed	DENY-LIST	Map.wz/Map/Map1/109090000.img/portal/2/script
Map	removed	ARRAY: writes INTO an existing slot	Map.wz/Map/Map1/120000000.img/portal/10/delay
Map	removed	ARRAY: writes INTO an existing slot	Map.wz/Map/Map1/120000000.img/portal/10/hideTooltip
Map	removed	ARRAY: writes INTO an existing slot	Map.wz/Map/Map1/120000000.img/portal/10/horizontalImpact
Map	removed	ARRAY: writes INTO an existing slot	Map.wz/Map/Map1/120000000.img/portal/10/onlyOnce
Map	removed	ARRAY: writes INTO an existing slot	Map.wz/Map/Map1/120000000.img/portal/10/script
Map	removed	ARRAY: writes INTO an existing slot	Map.wz/Map/Map1/120000000.img/portal/2/image
Map	removed	ARRAY: writes INTO an existing slot	Map.wz/Map/Map1/120000105.img/foothold/1/1
Map	removed	ARRAY: writes INTO an existing slot	Map.wz/Map/Map1/130000101.img/foothold/2/39
Map	removed	ARRAY: writes INTO an existing slot	Map.wz/Map/Map1/130000101.img/foothold/2/52
Map	removed	ARRAY: writes INTO an existing slot	Map.wz/Map/Map1/130000101.img/foothold/2/66
Map	removed	ARRAY: writes INTO an existing slot	Map.wz/Map/Map1/130000101.img/foothold/2/67
Map	removed	ARRAY: writes INTO an existing slot	Map.wz/Map/Map1/130000101.img/foothold/2/72
Map	removed	ARRAY: writes INTO an existing slot	Map.wz/Map/Map1/130000101.img/foothold/2/73
Map	removed	ARRAY: writes INTO an existing slot	Map.wz/Map/Map2/200000200.img/portal/1/image
Map	removed	ARRAY: writes INTO an existing slot	Map.wz/Map/Map2/211000000.img/portal/11/image
Map	removed	ARRAY: writes INTO an existing slot	Map.wz/Map/Map2/220000000.img/portal/12/script
Map	removed	ARRAY: writes INTO an existing slot	Map.wz/Map/Map2/220000000.img/portal/21/script
Map	removed	ARRAY: writes INTO an existing slot	Map.wz/Map/Map2/220000000.img/portal/26/script
Map	removed	ARRAY: writes INTO an existing slot	Map.wz/Map/Map2/220000000.img/portal/29/script
Map	removed	ARRAY: writes INTO an existing slot	Map.wz/Map/Map2/220000000.img/portal/32/delay
Map	removed	ARRAY: writes INTO an existing slot	Map.wz/Map/Map2/220000000.img/portal/32/hideTooltip
Map	removed	ARRAY: writes INTO an existing slot	Map.wz/Map/Map2/220000000.img/portal/32/onlyOnce
Map	removed	ARRAY: writes INTO an existing slot	Map.wz/Map/Map2/220000300.img/portal/4/image
Map	removed	DENY-LIST	Map.wz/Map/Map2/220011001.img/foothold/1/1
Map	removed	DENY-LIST	Map.wz/Map/Map2/221000000.img/portal/11/script
Map	removed	DENY-LIST	Map.wz/Map/Map2/221000000.img/portal/3/image
Map	removed	ARRAY: writes INTO an existing slot	Map.wz/Map/Map2/222000000.img/life/22/limitedname
Map	removed	ARRAY: writes INTO an existing slot	Map.wz/Map/Map2/240000000.img/life/19/limitedname
Map	removed	DENY-LIST	Map.wz/Map/Map2/240000000.img/portal/16/delay
Map	removed	DENY-LIST	Map.wz/Map/Map2/240000000.img/portal/16/hideTooltip
Map	removed	DENY-LIST	Map.wz/Map/Map2/240000000.img/portal/16/script
Map	removed	DENY-LIST	Map.wz/Map/Map2/240000000.img/portal/4/image
Map	removed	DENY-LIST	Map.wz/Map/Map2/240000000.img/portal/9/script
Map	removed	ARRAY: append would duplicate an existing entry	Map.wz/Map/Map2/240070201.img/3/obj/25
Map	removed	ARRAY: gap after an earlier refusal	Map.wz/Map/Map2/240070201.img/3/obj/26
Map	removed	ARRAY: gap after an earlier refusal	Map.wz/Map/Map2/240070201.img/3/obj/27
Map	removed	ARRAY: gap after an earlier refusal	Map.wz/Map/Map2/240070201.img/3/obj/28
Map	removed	ARRAY: append would duplicate an existing entry	Map.wz/Map/Map2/240070202.img/3/obj/24
Map	removed	ARRAY: gap after an earlier refusal	Map.wz/Map/Map2/240070202.img/3/obj/25
Map	removed	ARRAY: gap after an earlier refusal	Map.wz/Map/Map2/240070202.img/3/obj/26
Map	removed	ARRAY: gap after an earlier refusal	Map.wz/Map/Map2/240070202.img/3/obj/27
Map	removed	ARRAY: append would duplicate an existing entry	Map.wz/Map/Map2/240070501.img/2/obj/28
Map	removed	ARRAY: gap after an earlier refusal	Map.wz/Map/Map2/240070501.img/2/obj/29
Map	removed	ARRAY: gap after an earlier refusal	Map.wz/Map/Map2/240070501.img/2/obj/30
Map	removed	ARRAY: writes INTO an existing slot	Map.wz/Map/Map2/250000000.img/life/17/limitedname
Map	removed	ARRAY: writes INTO an existing slot	Map.wz/Map/Map2/250000000.img/portal/11/image
Map	removed	ARRAY: writes INTO an existing slot	Map.wz/Map/Map2/250000000.img/portal/14/image
Map	removed	ARRAY: writes INTO an existing slot	Map.wz/Map/Map2/250000000.img/portal/16/delay
Map	removed	ARRAY: writes INTO an existing slot	Map.wz/Map/Map2/250000000.img/portal/16/hideTooltip
Map	removed	ARRAY: writes INTO an existing slot	Map.wz/Map/Map2/250000000.img/portal/16/script
Map	removed	ARRAY: writes INTO an existing slot	Map.wz/Map/Map2/250000000.img/portal/21/delay
Map	removed	ARRAY: writes INTO an existing slot	Map.wz/Map/Map2/250000000.img/portal/21/hideTooltip
Map	removed	ARRAY: writes INTO an existing slot	Map.wz/Map/Map2/250000000.img/portal/21/script
Map	removed	ARRAY: writes INTO an existing slot	Map.wz/Map/Map2/251000000.img/life/13/limitedname
Map	removed	ARRAY: writes INTO an existing slot	Map.wz/Map/Map2/251000000.img/life/14/limitedname
Map	removed	ARRAY: writes INTO an existing slot	Map.wz/Map/Map2/260000000.img/portal/19/image
Map	removed	ARRAY: writes INTO an existing slot	Map.wz/Map/Map2/260000000.img/portal/24/delay
Map	removed	ARRAY: writes INTO an existing slot	Map.wz/Map/Map2/260000000.img/portal/24/hideTooltip
Map	removed	ARRAY: writes INTO an existing slot	Map.wz/Map/Map2/260000000.img/portal/24/onlyOnce
Map	removed	ARRAY: writes INTO an existing slot	Map.wz/Map/Map2/260000000.img/portal/24/script
Map	removed	ARRAY: writes INTO an existing slot	Map.wz/Map/Map2/261000000.img/portal/15/image
Map	removed	ARRAY: writes INTO an existing slot	Map.wz/Map/Map2/261000000.img/portal/18/delay
Map	removed	ARRAY: writes INTO an existing slot	Map.wz/Map/Map2/261000000.img/portal/18/hideTooltip
Map	removed	ARRAY: writes INTO an existing slot	Map.wz/Map/Map2/261000000.img/portal/18/script
Map	removed	ARRAY: writes INTO an existing slot	Map.wz/Map/Map2/261000000.img/portal/19/image
Map	removed	ARRAY: writes INTO an existing slot	Map.wz/Map/Map2/261000000.img/portal/28/delay
Map	removed	ARRAY: writes INTO an existing slot	Map.wz/Map/Map2/261000000.img/portal/28/hideTooltip
Map	removed	ARRAY: writes INTO an existing slot	Map.wz/Map/Map2/261000000.img/portal/28/onlyOnce
Map	removed	ARRAY: writes INTO an existing slot	Map.wz/Map/Map2/261000000.img/portal/28/script
Map	protect	ARRAY: writes INTO an existing slot	Map.wz/Map/Map1/101000000.img/life/2/f
Map	protect	ARRAY: writes INTO an existing slot	Map.wz/Map/Map1/101000000.img/life/3/mobTime
Map	protect	ARRAY: writes INTO an existing slot	Map.wz/Map/Map1/101000000.img/life/4/mobTime
Map	protect	ARRAY: writes INTO an existing slot	Map.wz/Map/Map1/102000000.img/life/1/f
Map	protect	ARRAY: writes INTO an existing slot	Map.wz/Map/Map1/102000000.img/life/16/limitedname
Map	protect	ARRAY: writes INTO an existing slot	Map.wz/Map/Map1/102000000.img/life/19/limitedname
Map	protect	ARRAY: writes INTO an existing slot	Map.wz/Map/Map1/102000000.img/life/2/f
Map	protect	ARRAY: writes INTO an existing slot	Map.wz/Map/Map1/102000000.img/life/21/limitedname
Map	protect	ARRAY: writes INTO an existing slot	Map.wz/Map/Map1/102000000.img/life/3/f
Map	protect	ARRAY: writes INTO an existing slot	Map.wz/Map/Map1/102000000.img/life/4/f
Map	protect	ARRAY: writes INTO an existing slot	Map.wz/Map/Map1/102000000.img/life/5/mobTime
Map	protect	ARRAY: prepend / different origin	Map.wz/Map/Map1/102000004.img/foothold/1/0
Map	protect	ARRAY: writes INTO an existing slot	Map.wz/Map/Map1/103000000.img/life/17/limitedname
Map	protect	ARRAY: writes INTO an existing slot	Map.wz/Map/Map1/103000000.img/life/2/mobTime
Map	protect	ARRAY: writes INTO an existing slot	Map.wz/Map/Map1/103000000.img/life/20/limitedname
Map	protect	ARRAY: writes INTO an existing slot	Map.wz/Map/Map1/103000000.img/life/22/limitedname
Map	protect	ARRAY: writes INTO an existing slot	Map.wz/Map/Map1/103000000.img/life/25/limitedname
Map	protect	ARRAY: writes INTO an existing slot	Map.wz/Map/Map1/103000000.img/life/3/mobTime
Map	protect	ARRAY: writes INTO an existing slot	Map.wz/Map/Map2/221030300.img/portal/3/script
Map	protect	ARRAY: writes INTO an existing slot	Map.wz/Map/Map2/221030501.img/portal/2/script
Map	protect	ARRAY: writes INTO an existing slot	Map.wz/Map/Map2/261000000.img/life/9/limitedname
Map	protect	ALREADY EXISTS in v84 base	Map.wz/Map/Map9/970032200.img/foothold/6
Map	protect	ARRAY: writes INTO an existing slot	Map.wz/WorldMap/WorldMap.img/MapList/4/path
Npc	removed	ARRAY: writes INTO an existing slot	Npc.wz/1013000.img/stand/0/z
Npc	removed	DENY-LIST	Npc.wz/9000021.img/info/script
Npc	removed	DENY-LIST	Npc.wz/9000021.img/observation
Npc	removed	DENY-LIST	Npc.wz/9000021.img/say2
Npc	removed	DENY-LIST	Npc.wz/9000021.img/stand2
Npc	removed	DENY-LIST	Npc.wz/9901000.img/stand/delay
Quest	removed	ARRAY: writes INTO an existing slot	Quest.wz/Act.img/28178/1/item
Quest	removed	ARRAY: writes INTO an existing slot	Quest.wz/Check.img/28178/1/item
Quest	removed	ARRAY: writes INTO an existing slot	Quest.wz/Check.img/28267/0/job
Quest	removed	ARRAY: writes INTO an existing slot	Quest.wz/Check.img/28268/0/job
Quest	removed	ARRAY: writes INTO an existing slot	Quest.wz/Check.img/28269/0/job
Quest	removed	ARRAY: writes INTO an existing slot	Quest.wz/Check.img/28270/0/job
Quest	removed	ARRAY: writes INTO an existing slot	Quest.wz/Check.img/28271/0/job
Quest	removed	ARRAY: writes INTO an existing slot	Quest.wz/Check.img/28272/0/job
Quest	removed	ARRAY: writes INTO an existing slot	Quest.wz/Check.img/28273/0/job
Quest	removed	ARRAY: writes INTO an existing slot	Quest.wz/Check.img/28274/0/job
Quest	removed	ARRAY: writes INTO an existing slot	Quest.wz/Check.img/28275/0/job
Quest	removed	ARRAY: writes INTO an existing slot	Quest.wz/Check.img/28276/0/job
Quest	removed	ARRAY: writes INTO an existing slot	Quest.wz/Check.img/28277/0/job
Quest	removed	ARRAY: writes INTO an existing slot	Quest.wz/Check.img/28278/0/job
Quest	removed	ARRAY: writes INTO an existing slot	Quest.wz/Check.img/28279/0/job
Quest	removed	ARRAY: writes INTO an existing slot	Quest.wz/Check.img/28280/0/job
Quest	removed	ARRAY: writes INTO an existing slot	Quest.wz/Check.img/28281/0/job
Quest	removed	ARRAY: writes INTO an existing slot	Quest.wz/Check.img/4919/0/job
Quest	removed	DENY-LIST	Quest.wz/Exclusive.img/medal
Quest	protect	ARRAY: writes INTO an existing slot	Quest.wz/Act.img/2156/1/exp
Quest	protect	ARRAY: writes INTO an existing slot	Quest.wz/Act.img/2156/1/item
Quest	protect	ARRAY: writes INTO an existing slot	Quest.wz/Act.img/2156/1/money
Quest	protect	ARRAY: writes INTO an existing slot	Quest.wz/Act.img/2156/1/pop
Quest	protect	ARRAY: writes INTO an existing slot	Quest.wz/Act.img/21610/1/item
Quest	protect	ARRAY: writes INTO an existing slot	Quest.wz/Act.img/21613/1/item
Quest	protect	ARRAY: writes INTO an existing slot	Quest.wz/Act.img/2244/1/exp
Quest	protect	ARRAY: writes INTO an existing slot	Quest.wz/Act.img/2244/1/item
Quest	protect	ARRAY: writes INTO an existing slot	Quest.wz/Act.img/2251/1/item
Quest	protect	ARRAY: writes INTO an existing slot	Quest.wz/Act.img/28219/0/item
Quest	protect	ARRAY: writes INTO an existing slot	Quest.wz/Act.img/28238/0/item
Quest	protect	ARRAY: writes INTO an existing slot	Quest.wz/Act.img/28255/1/item
Quest	protect	ARRAY: writes INTO an existing slot	Quest.wz/Act.img/28256/0/item
Quest	protect	ARRAY: writes INTO an existing slot	Quest.wz/Act.img/28344/1/exp
Quest	protect	ARRAY: writes INTO an existing slot	Quest.wz/Act.img/28344/1/item
Quest	protect	ARRAY: writes INTO an existing slot	Quest.wz/Act.img/28344/1/pop
Quest	protect	ARRAY: writes INTO an existing slot	Quest.wz/Act.img/29510/1/exp
Quest	protect	ARRAY: writes INTO an existing slot	Quest.wz/Act.img/29510/1/item
Quest	protect	ARRAY: writes INTO an existing slot	Quest.wz/Act.img/3018/1/item
Quest	protect	ARRAY: writes INTO an existing slot	Quest.wz/Act.img/3021/1/item
Quest	protect	ARRAY: writes INTO an existing slot	Quest.wz/Act.img/3023/1/item
Quest	protect	ARRAY: writes INTO an existing slot	Quest.wz/Act.img/3025/1/item
Quest	protect	ARRAY: writes INTO an existing slot	Quest.wz/Act.img/3027/1/item
Quest	protect	ARRAY: writes INTO an existing slot	Quest.wz/Act.img/3250/1/item
Quest	protect	ARRAY: writes INTO an existing slot	Quest.wz/Act.img/3250/1/pop
Quest	protect	ARRAY: writes INTO an existing slot	Quest.wz/Act.img/3401/1/item
Quest	protect	ARRAY: writes INTO an existing slot	Quest.wz/Act.img/3405/1/exp
Quest	protect	ARRAY: writes INTO an existing slot	Quest.wz/Act.img/3522/1/exp
Quest	protect	ARRAY: writes INTO an existing slot	Quest.wz/Act.img/3522/1/item
Quest	protect	ARRAY: writes INTO an existing slot	Quest.wz/Act.img/6180/0/item
Quest	protect	ARRAY: writes INTO an existing slot	Quest.wz/Act.img/8002/1/exp
Quest	protect	ARRAY: writes INTO an existing slot	Quest.wz/Act.img/8005/1/exp
Quest	protect	ARRAY: writes INTO an existing slot	Quest.wz/Act.img/8007/1/exp
Quest	protect	ARRAY: writes INTO an existing slot	Quest.wz/Act.img/8012/1/exp
Quest	protect	ARRAY: writes INTO an existing slot	Quest.wz/Act.img/8013/1/exp
Quest	protect	ARRAY: writes INTO an existing slot	Quest.wz/Act.img/8028/1/exp
Quest	protect	ARRAY: writes INTO an existing slot	Quest.wz/Act.img/8029/1/exp
Quest	protect	ARRAY: writes INTO an existing slot	Quest.wz/Act.img/8030/1/exp
Quest	protect	ARRAY: writes INTO an existing slot	Quest.wz/Act.img/8032/1/exp
Quest	protect	ARRAY: writes INTO an existing slot	Quest.wz/Act.img/8033/1/exp
Quest	protect	ARRAY: writes INTO an existing slot	Quest.wz/Act.img/8034/1/exp
Quest	protect	ARRAY: writes INTO an existing slot	Quest.wz/Act.img/8035/1/exp
Quest	protect	ARRAY: writes INTO an existing slot	Quest.wz/Act.img/8038/1/exp
Quest	protect	ARRAY: writes INTO an existing slot	Quest.wz/Act.img/8040/1/exp
Quest	protect	ARRAY: writes INTO an existing slot	Quest.wz/Act.img/8042/1/exp
Quest	protect	ARRAY: writes INTO an existing slot	Quest.wz/Act.img/8043/1/exp
Quest	protect	ARRAY: writes INTO an existing slot	Quest.wz/Act.img/8047/1/exp
Quest	protect	ARRAY: writes INTO an existing slot	Quest.wz/Act.img/8052/1/exp
Quest	protect	ARRAY: writes INTO an existing slot	Quest.wz/Act.img/8064/1/exp
Quest	protect	ARRAY: writes INTO an existing slot	Quest.wz/Act.img/8068/1/exp
Quest	protect	ARRAY: writes INTO an existing slot	Quest.wz/Act.img/8069/1/exp
Quest	protect	ARRAY: writes INTO an existing slot	Quest.wz/Act.img/8077/1/exp
Quest	protect	ARRAY: writes INTO an existing slot	Quest.wz/Act.img/8081/1/exp
Quest	protect	ARRAY: writes INTO an existing slot	Quest.wz/Act.img/8222/1/exp
Quest	protect	ARRAY: writes INTO an existing slot	Quest.wz/Act.img/8222/1/item
Quest	protect	ARRAY: writes INTO an existing slot	Quest.wz/Act.img/8248/1/exp
Quest	protect	ARRAY: writes INTO an existing slot	Quest.wz/Act.img/8248/1/item
Quest	protect	ARRAY: writes INTO an existing slot	Quest.wz/Act.img/8248/1/nextQuest
Quest	protect	ARRAY: writes INTO an existing slot	Quest.wz/Act.img/8249/1/exp
Quest	protect	ARRAY: writes INTO an existing slot	Quest.wz/Act.img/8249/1/item
Quest	protect	ARRAY: writes INTO an existing slot	Quest.wz/Act.img/8249/1/money
Quest	protect	ARRAY: writes INTO an existing slot	Quest.wz/Act.img/8251/1/exp
Quest	protect	ARRAY: writes INTO an existing slot	Quest.wz/Act.img/8251/1/item
Quest	protect	ARRAY: writes INTO an existing slot	Quest.wz/Act.img/8251/1/money
Quest	protect	ARRAY: writes INTO an existing slot	Quest.wz/Act.img/8251/1/skill
Quest	protect	ARRAY: writes INTO an existing slot	Quest.wz/Act.img/8254/0/item
Quest	protect	ARRAY: writes INTO an existing slot	Quest.wz/Act.img/8255/1/fame
Quest	protect	ARRAY: writes INTO an existing slot	Quest.wz/Act.img/8255/1/item
Quest	protect	ARRAY: writes INTO an existing slot	Quest.wz/Act.img/8256/1/exp
Quest	protect	ARRAY: writes INTO an existing slot	Quest.wz/Act.img/8256/1/fame
Quest	protect	ARRAY: writes INTO an existing slot	Quest.wz/Check.img/2001/1/endscript
Quest	protect	ARRAY: writes INTO an existing slot	Quest.wz/Check.img/2034/1/endscript
Quest	protect	ARRAY: writes INTO an existing slot	Quest.wz/Check.img/20504/1/endmeso
Quest	protect	ARRAY: writes INTO an existing slot	Quest.wz/Check.img/20511/1/endmeso
Quest	protect	ARRAY: writes INTO an existing slot	Quest.wz/Check.img/20512/1/endmeso
Quest	protect	ARRAY: writes INTO an existing slot	Quest.wz/Check.img/20524/1/endmeso
Quest	protect	ARRAY: writes INTO an existing slot	Quest.wz/Check.img/20525/1/endmeso
Quest	protect	ARRAY: writes INTO an existing slot	Quest.wz/Check.img/20526/1/endmeso
Quest	protect	ARRAY: writes INTO an existing slot	Quest.wz/Check.img/20532/1/endmeso
Quest	protect	ARRAY: writes INTO an existing slot	Quest.wz/Check.img/20534/1/endmeso
Quest	protect	ARRAY: writes INTO an existing slot	Quest.wz/Check.img/2156/1/item
Quest	protect	ARRAY: writes INTO an existing slot	Quest.wz/Check.img/21602/1/endmeso
Quest	protect	ARRAY: writes INTO an existing slot	Quest.wz/Check.img/21605/1/endmeso
Quest	protect	ARRAY: writes INTO an existing slot	Quest.wz/Check.img/21606/1/endmeso
Quest	protect	ARRAY: writes INTO an existing slot	Quest.wz/Check.img/21609/1/endmeso
Quest	protect	ARRAY: writes INTO an existing slot	Quest.wz/Check.img/21610/1/item
Quest	protect	ARRAY: writes INTO an existing slot	Quest.wz/Check.img/21611/1/endmeso
Quest	protect	ARRAY: writes INTO an existing slot	Quest.wz/Check.img/21613/1/item
Quest	protect	ARRAY: writes INTO an existing slot	Quest.wz/Check.img/21615/1/endmeso
Quest	protect	ARRAY: writes INTO an existing slot	Quest.wz/Check.img/21617/1/endmeso
Quest	protect	ARRAY: writes INTO an existing slot	Quest.wz/Check.img/21733/1/mob
Quest	protect	ARRAY: writes INTO an existing slot	Quest.wz/Check.img/21743/1/endmeso
Quest	protect	ARRAY: writes INTO an existing slot	Quest.wz/Check.img/21750/0/quest
Quest	protect	ARRAY: writes INTO an existing slot	Quest.wz/Check.img/2215/1/endmeso
Quest	protect	ARRAY: writes INTO an existing slot	Quest.wz/Check.img/2244/1/mob
Quest	protect	ARRAY: writes INTO an existing slot	Quest.wz/Check.img/2251/0/endscript
Quest	protect	ARRAY: writes INTO an existing slot	Quest.wz/Check.img/2293/1/endscript
Quest	protect	ARRAY: writes INTO an existing slot	Quest.wz/Check.img/28002/0/lvmax
Quest	protect	ARRAY: writes INTO an existing slot	Quest.wz/Check.img/28002/0/lvmin
Quest	protect	ARRAY: writes INTO an existing slot	Quest.wz/Check.img/28004/0/lvmax
Quest	protect	ARRAY: writes INTO an existing slot	Quest.wz/Check.img/28004/0/lvmin
Quest	protect	ARRAY: writes INTO an existing slot	Quest.wz/Check.img/28179/1/item
Quest	protect	ARRAY: writes INTO an existing slot	Quest.wz/Check.img/28198/1/item
Quest	protect	ARRAY: writes INTO an existing slot	Quest.wz/Check.img/28219/1/item
Quest	protect	ARRAY: writes INTO an existing slot	Quest.wz/Check.img/28238/1/item
Quest	protect	ARRAY: writes INTO an existing slot	Quest.wz/Check.img/28256/1/item
Quest	protect	ARRAY: writes INTO an existing slot	Quest.wz/Check.img/28262/1/item
Quest	protect	ARRAY: writes INTO an existing slot	Quest.wz/Check.img/28344/1/item
Quest	protect	ARRAY: writes INTO an existing slot	Quest.wz/Check.img/29510/1/item
Quest	protect	ARRAY: writes INTO an existing slot	Quest.wz/Check.img/29510/1/npc
Quest	protect	ARRAY: writes INTO an existing slot	Quest.wz/Check.img/3021/1/item
Quest	protect	ARRAY: writes INTO an existing slot	Quest.wz/Check.img/3023/1/item
Quest	protect	ARRAY: writes INTO an existing slot	Quest.wz/Check.img/3025/1/item
Quest	protect	ARRAY: writes INTO an existing slot	Quest.wz/Check.img/3027/1/item
Quest	protect	ARRAY: writes INTO an existing slot	Quest.wz/Check.img/3029/1/item
Quest	protect	ARRAY: writes INTO an existing slot	Quest.wz/Check.img/3046/1/endmeso
Quest	protect	ARRAY: writes INTO an existing slot	Quest.wz/Check.img/3048/1/endmeso
Quest	protect	ARRAY: writes INTO an existing slot	Quest.wz/Check.img/3069/1/endmeso
Quest	protect	ARRAY: writes INTO an existing slot	Quest.wz/Check.img/3079/1/endmeso
Quest	protect	ARRAY: writes INTO an existing slot	Quest.wz/Check.img/3095/1/endmeso
Quest	protect	ARRAY: writes INTO an existing slot	Quest.wz/Check.img/3239/1/endscript
Quest	protect	ARRAY: writes INTO an existing slot	Quest.wz/Check.img/3239/1/item
Quest	protect	ARRAY: writes INTO an existing slot	Quest.wz/Check.img/3239/1/npc
Quest	protect	ARRAY: writes INTO an existing slot	Quest.wz/Check.img/3305/1/endmeso
Quest	protect	ARRAY: writes INTO an existing slot	Quest.wz/Check.img/3306/1/endmeso
Quest	protect	ARRAY: writes INTO an existing slot	Quest.wz/Check.img/3377/1/endmeso
Quest	protect	ARRAY: writes INTO an existing slot	Quest.wz/Check.img/3414/1/endscript
Quest	protect	ARRAY: writes INTO an existing slot	Quest.wz/Check.img/3437/1/endscript
Quest	protect	ARRAY: writes INTO an existing slot	Quest.wz/Check.img/3454/1/endscript
Quest	protect	ARRAY: writes INTO an existing slot	Quest.wz/Check.img/3514/0/startscript
Quest	protect	ARRAY: writes INTO an existing slot	Quest.wz/Check.img/3522/1/mob
Quest	protect	ARRAY: writes INTO an existing slot	Quest.wz/Check.img/3612/1/endmeso
Quest	protect	ARRAY: writes INTO an existing slot	Quest.wz/Check.img/3613/1/endmeso
Quest	protect	ARRAY: writes INTO an existing slot	Quest.wz/Check.img/3614/1/endmeso
Quest	protect	ARRAY: writes INTO an existing slot	Quest.wz/Check.img/3623/1/endmeso
Quest	protect	ARRAY: writes INTO an existing slot	Quest.wz/Check.img/3901/1/endmeso
Quest	protect	ARRAY: writes INTO an existing slot	Quest.wz/Check.img/3930/1/endmeso
Quest	protect	ARRAY: writes INTO an existing slot	Quest.wz/Check.img/4307/0/quest
Quest	protect	ARRAY: writes INTO an existing slot	Quest.wz/Check.img/5009/1/endmeso
Quest	protect	ARRAY: writes INTO an existing slot	Quest.wz/Check.img/5010/1/endmeso
Quest	protect	ARRAY: writes INTO an existing slot	Quest.wz/Check.img/5011/1/endmeso
Quest	protect	ARRAY: writes INTO an existing slot	Quest.wz/Check.img/5012/1/endmeso
Quest	protect	ARRAY: writes INTO an existing slot	Quest.wz/Check.img/6000/1/endmeso
Quest	protect	ARRAY: writes INTO an existing slot	Quest.wz/Check.img/6030/1/endmeso
Quest	protect	ARRAY: writes INTO an existing slot	Quest.wz/Check.img/6031/1/endmeso
Quest	protect	ARRAY: writes INTO an existing slot	Quest.wz/Check.img/6032/1/endmeso
Quest	protect	ARRAY: writes INTO an existing slot	Quest.wz/Check.img/6033/1/infoex
Quest	protect	ARRAY: writes INTO an existing slot	Quest.wz/Check.img/6180/1/item
Quest	protect	ARRAY: writes INTO an existing slot	Quest.wz/Check.img/7103/0/startscript
Quest	protect	ARRAY: writes INTO an existing slot	Quest.wz/Check.img/8078/1/endmeso
Quest	protect	ARRAY: writes INTO an existing slot	Quest.wz/Check.img/8079/1/endmeso
Quest	protect	ARRAY: writes INTO an existing slot	Quest.wz/Check.img/8207/1/endmeso
Quest	protect	ARRAY: writes INTO an existing slot	Quest.wz/Check.img/8225/1/item
Quest	protect	ARRAY: writes INTO an existing slot	Quest.wz/Check.img/8227/1/endscript
Quest	protect	ARRAY: writes INTO an existing slot	Quest.wz/Check.img/8227/1/item
Quest	protect	ARRAY: writes INTO an existing slot	Quest.wz/Check.img/8229/1/item
Quest	protect	ARRAY: writes INTO an existing slot	Quest.wz/Check.img/8248/0/lvmin
Quest	protect	ARRAY: writes INTO an existing slot	Quest.wz/Check.img/8248/1/item
Quest	protect	ARRAY: writes INTO an existing slot	Quest.wz/Check.img/8249/0/lvmin
Quest	protect	ARRAY: writes INTO an existing slot	Quest.wz/Check.img/8249/0/quest
Quest	protect	ARRAY: writes INTO an existing slot	Quest.wz/Check.img/8249/1/item
Quest	protect	ARRAY: writes INTO an existing slot	Quest.wz/Check.img/8251/1/item
Quest	protect	ARRAY: writes INTO an existing slot	Quest.wz/Check.img/8254/1/item
Quest	protect	ARRAY: writes INTO an existing slot	Quest.wz/Check.img/8255/1/item
Quest	protect	ARRAY: writes INTO an existing slot	Quest.wz/Check.img/8256/1/mob
Quest	protect	ARRAY: writes INTO an existing slot	Quest.wz/Check.img/9310/1/endmeso
Quest	protect	ARRAY: writes INTO an existing slot	Quest.wz/Check.img/9311/1/endmeso
Quest	protect	ARRAY: writes INTO an existing slot	Quest.wz/Check.img/9340/1/endmeso
Quest	protect	ARRAY: writes INTO an existing slot	Quest.wz/Check.img/9341/1/endmeso
Quest	protect	ARRAY: writes INTO an existing slot	Quest.wz/Say.img/2156/1/0
Quest	protect	ARRAY: writes INTO an existing slot	Quest.wz/Say.img/2156/1/stop
Quest	protect	ARRAY: writes INTO an existing slot	Quest.wz/Say.img/2156/1/yes
Quest	protect	ARRAY: writes INTO an existing slot	Quest.wz/Say.img/2327/1/0
Quest	protect	ARRAY: writes INTO an existing slot	Quest.wz/Say.img/28344/0/yes
Quest	protect	ARRAY: writes INTO an existing slot	Quest.wz/Say.img/29510/0/0
Quest	protect	ARRAY: writes INTO an existing slot	Quest.wz/Say.img/29510/0/no
Quest	protect	ARRAY: writes INTO an existing slot	Quest.wz/Say.img/29510/0/yes
Quest	protect	ARRAY: writes INTO an existing slot	Quest.wz/Say.img/29510/1/0
Quest	protect	ARRAY: writes INTO an existing slot	Quest.wz/Say.img/29510/1/yes
Quest	protect	ARRAY: writes INTO an existing slot	Quest.wz/Say.img/3250/1/0
Quest	protect	ARRAY: writes INTO an existing slot	Quest.wz/Say.img/3250/1/stop
Quest	protect	ARRAY: writes INTO an existing slot	Quest.wz/Say.img/8222/0/0
Quest	protect	ARRAY: writes INTO an existing slot	Quest.wz/Say.img/8222/0/1
Quest	protect	ARRAY: writes INTO an existing slot	Quest.wz/Say.img/8222/0/no
Quest	protect	ARRAY: writes INTO an existing slot	Quest.wz/Say.img/8222/0/yes
Quest	protect	ARRAY: writes INTO an existing slot	Quest.wz/Say.img/8222/1/0
Quest	protect	ARRAY: writes INTO an existing slot	Quest.wz/Say.img/8222/1/1
Quest	protect	ARRAY: writes INTO an existing slot	Quest.wz/Say.img/8222/1/2
Quest	protect	ARRAY: writes INTO an existing slot	Quest.wz/Say.img/8248/0/2
Quest	protect	ARRAY: writes INTO an existing slot	Quest.wz/Say.img/8248/1/0
Quest	protect	ARRAY: writes INTO an existing slot	Quest.wz/Say.img/8248/1/stop
Quest	protect	ARRAY: writes INTO an existing slot	Quest.wz/Say.img/8249/1/0
Quest	protect	ARRAY: writes INTO an existing slot	Quest.wz/Say.img/8249/1/stop
Quest	protect	ARRAY: writes INTO an existing slot	Quest.wz/Say.img/8251/0/0
Quest	protect	ARRAY: writes INTO an existing slot	Quest.wz/Say.img/8251/0/1
Quest	protect	ARRAY: writes INTO an existing slot	Quest.wz/Say.img/8251/0/2
Quest	protect	ARRAY: writes INTO an existing slot	Quest.wz/Say.img/8251/0/3
Quest	protect	ARRAY: writes INTO an existing slot	Quest.wz/Say.img/8251/0/no
Quest	protect	ARRAY: writes INTO an existing slot	Quest.wz/Say.img/8251/0/yes
Quest	protect	ARRAY: writes INTO an existing slot	Quest.wz/Say.img/8251/1/0
Quest	protect	ARRAY: writes INTO an existing slot	Quest.wz/Say.img/8251/1/1
Quest	protect	ARRAY: writes INTO an existing slot	Quest.wz/Say.img/8251/1/stop
Quest	protect	ARRAY: writes INTO an existing slot	Quest.wz/Say.img/8254/1/stop
Quest	protect	ARRAY: writes INTO an existing slot	Quest.wz/Say.img/8255/0/0
Quest	protect	ARRAY: writes INTO an existing slot	Quest.wz/Say.img/8255/0/1
Quest	protect	ARRAY: writes INTO an existing slot	Quest.wz/Say.img/8255/0/2
Quest	protect	ARRAY: writes INTO an existing slot	Quest.wz/Say.img/8255/0/3
Quest	protect	ARRAY: writes INTO an existing slot	Quest.wz/Say.img/8255/0/4
Quest	protect	ARRAY: writes INTO an existing slot	Quest.wz/Say.img/8255/0/no
Quest	protect	ARRAY: writes INTO an existing slot	Quest.wz/Say.img/8255/0/yes
Quest	protect	ARRAY: writes INTO an existing slot	Quest.wz/Say.img/8255/1/stop
Quest	protect	ARRAY: writes INTO an existing slot	Quest.wz/Say.img/8256/0/0
Quest	protect	ARRAY: writes INTO an existing slot	Quest.wz/Say.img/8256/0/no
Quest	protect	ARRAY: writes INTO an existing slot	Quest.wz/Say.img/8256/0/yes
Quest	protect	ARRAY: writes INTO an existing slot	Quest.wz/Say.img/8256/1/stop
String	protect	ARRAY: append would duplicate an existing entry	String.wz/MonsterBook.img/100100/reward/10
String	protect	ARRAY: gap after an earlier refusal	String.wz/MonsterBook.img/100100/reward/11
String	protect	ARRAY: gap after an earlier refusal	String.wz/MonsterBook.img/100100/reward/12
String	protect	ARRAY: gap after an earlier refusal	String.wz/MonsterBook.img/100100/reward/13
String	protect	ARRAY: gap after an earlier refusal	String.wz/MonsterBook.img/100100/reward/14
String	protect	ARRAY: gap after an earlier refusal	String.wz/MonsterBook.img/100100/reward/15
String	protect	ARRAY: append would duplicate an existing entry	String.wz/MonsterBook.img/100101/reward/13
String	protect	ARRAY: gap after an earlier refusal	String.wz/MonsterBook.img/100101/reward/14
String	protect	ARRAY: gap after an earlier refusal	String.wz/MonsterBook.img/100101/reward/15
String	protect	ARRAY: gap after an earlier refusal	String.wz/MonsterBook.img/100101/reward/16
String	protect	ARRAY: gap after an earlier refusal	String.wz/MonsterBook.img/100101/reward/17
String	protect	ARRAY: gap after an earlier refusal	String.wz/MonsterBook.img/100101/reward/18
String	protect	ARRAY: append would duplicate an existing entry	String.wz/MonsterBook.img/100130/reward/10
String	protect	ARRAY: append would duplicate an existing entry	String.wz/MonsterBook.img/100131/reward/13
String	protect	ARRAY: gap after an earlier refusal	String.wz/MonsterBook.img/100131/reward/14
String	protect	ARRAY: append would duplicate an existing entry	String.wz/MonsterBook.img/100132/reward/17
String	protect	ARRAY: append would duplicate an existing entry	String.wz/MonsterBook.img/100133/reward/17
String	protect	ARRAY: gap after an earlier refusal	String.wz/MonsterBook.img/100133/reward/18
String	protect	ARRAY: append would duplicate an existing entry	String.wz/MonsterBook.img/100134/reward/14
String	protect	ARRAY: append would duplicate an existing entry	String.wz/MonsterBook.img/1110100/reward/32
String	protect	ARRAY: gap after an earlier refusal	String.wz/MonsterBook.img/1110100/reward/33
String	protect	ARRAY: gap after an earlier refusal	String.wz/MonsterBook.img/1110100/reward/34
String	protect	ARRAY: gap after an earlier refusal	String.wz/MonsterBook.img/1110100/reward/35
String	protect	ARRAY: gap after an earlier refusal	String.wz/MonsterBook.img/1110100/reward/36
String	protect	ARRAY: gap after an earlier refusal	String.wz/MonsterBook.img/1110100/reward/37
String	protect	ARRAY: gap after an earlier refusal	String.wz/MonsterBook.img/1110100/reward/38
String	protect	ARRAY: gap after an earlier refusal	String.wz/MonsterBook.img/1110100/reward/39
String	protect	ARRAY: gap after an earlier refusal	String.wz/MonsterBook.img/1110100/reward/40
String	protect	ARRAY: gap after an earlier refusal	String.wz/MonsterBook.img/1110100/reward/41
String	protect	ARRAY: gap after an earlier refusal	String.wz/MonsterBook.img/1110100/reward/42
String	protect	ARRAY: gap after an earlier refusal	String.wz/MonsterBook.img/1110100/reward/43
String	protect	ARRAY: gap after an earlier refusal	String.wz/MonsterBook.img/1110100/reward/44
String	protect	ARRAY: gap after an earlier refusal	String.wz/MonsterBook.img/1110100/reward/45
String	protect	ARRAY: gap after an earlier refusal	String.wz/MonsterBook.img/1110100/reward/46
String	protect	ARRAY: gap after an earlier refusal	String.wz/MonsterBook.img/1110100/reward/47
String	protect	ARRAY: gap after an earlier refusal	String.wz/MonsterBook.img/1110100/reward/48
String	protect	ARRAY: gap after an earlier refusal	String.wz/MonsterBook.img/1110100/reward/49
String	protect	ARRAY: gap after an earlier refusal	String.wz/MonsterBook.img/1110100/reward/50
String	protect	ARRAY: append would duplicate an existing entry	String.wz/MonsterBook.img/1110101/reward/26
String	protect	ARRAY: gap after an earlier refusal	String.wz/MonsterBook.img/1110101/reward/27
String	protect	ARRAY: gap after an earlier refusal	String.wz/MonsterBook.img/1110101/reward/28
String	protect	ARRAY: gap after an earlier refusal	String.wz/MonsterBook.img/1110101/reward/29
String	protect	ARRAY: gap after an earlier refusal	String.wz/MonsterBook.img/1110101/reward/30
String	protect	ARRAY: gap after an earlier refusal	String.wz/MonsterBook.img/1110101/reward/31
String	protect	ARRAY: append would duplicate an existing entry	String.wz/MonsterBook.img/1110130/reward/30
String	protect	ARRAY: gap after an earlier refusal	String.wz/MonsterBook.img/1110130/reward/31
String	protect	ARRAY: gap after an earlier refusal	String.wz/MonsterBook.img/1110130/reward/32
String	protect	ARRAY: gap after an earlier refusal	String.wz/MonsterBook.img/1110130/reward/33
String	protect	ARRAY: gap after an earlier refusal	String.wz/MonsterBook.img/1110130/reward/34
String	protect	ARRAY: append would duplicate an existing entry	String.wz/MonsterBook.img/1120100/reward/17
String	protect	ARRAY: gap after an earlier refusal	String.wz/MonsterBook.img/1120100/reward/18
String	protect	ARRAY: gap after an earlier refusal	String.wz/MonsterBook.img/1120100/reward/19
String	protect	ARRAY: gap after an earlier refusal	String.wz/MonsterBook.img/1120100/reward/20
String	protect	ARRAY: gap after an earlier refusal	String.wz/MonsterBook.img/1120100/reward/21
String	protect	ARRAY: gap after an earlier refusal	String.wz/MonsterBook.img/1120100/reward/22
String	protect	ARRAY: gap after an earlier refusal	String.wz/MonsterBook.img/1120100/reward/23
String	protect	ARRAY: gap after an earlier refusal	String.wz/MonsterBook.img/1120100/reward/24
String	protect	ARRAY: gap after an earlier refusal	String.wz/MonsterBook.img/1120100/reward/25
String	protect	ARRAY: append would duplicate an existing entry	String.wz/MonsterBook.img/1130100/reward/24
String	protect	ARRAY: gap after an earlier refusal	String.wz/MonsterBook.img/1130100/reward/25
String	protect	ARRAY: gap after an earlier refusal	String.wz/MonsterBook.img/1130100/reward/26
String	protect	ARRAY: gap after an earlier refusal	String.wz/MonsterBook.img/1130100/reward/27
String	protect	ARRAY: gap after an earlier refusal	String.wz/MonsterBook.img/1130100/reward/28
String	protect	ARRAY: append would duplicate an existing entry	String.wz/MonsterBook.img/1140100/reward/25
String	protect	ARRAY: gap after an earlier refusal	String.wz/MonsterBook.img/1140100/reward/26
String	protect	ARRAY: gap after an earlier refusal	String.wz/MonsterBook.img/1140100/reward/27
String	protect	ARRAY: gap after an earlier refusal	String.wz/MonsterBook.img/1140100/reward/28
String	protect	ARRAY: gap after an earlier refusal	String.wz/MonsterBook.img/1140100/reward/29
String	protect	ARRAY: gap after an earlier refusal	String.wz/MonsterBook.img/1140100/reward/30
String	protect	ARRAY: gap after an earlier refusal	String.wz/MonsterBook.img/1140100/reward/31
String	protect	ARRAY: gap after an earlier refusal	String.wz/MonsterBook.img/1140100/reward/32
String	protect	ARRAY: gap after an earlier refusal	String.wz/MonsterBook.img/1140100/reward/33
String	protect	ARRAY: gap after an earlier refusal	String.wz/MonsterBook.img/1140100/reward/34
String	protect	ARRAY: append would duplicate an existing entry	String.wz/MonsterBook.img/1140130/reward/25
String	protect	ARRAY: gap after an earlier refusal	String.wz/MonsterBook.img/1140130/reward/26
String	protect	ARRAY: gap after an earlier refusal	String.wz/MonsterBook.img/1140130/reward/27
String	protect	ARRAY: gap after an earlier refusal	String.wz/MonsterBook.img/1140130/reward/28
String	protect	ARRAY: gap after an earlier refusal	String.wz/MonsterBook.img/1140130/reward/29
String	protect	ARRAY: append would duplicate an existing entry	String.wz/MonsterBook.img/120100/reward/13
String	protect	ARRAY: gap after an earlier refusal	String.wz/MonsterBook.img/120100/reward/14
String	protect	ARRAY: append would duplicate an existing entry	String.wz/MonsterBook.img/1210100/reward/18
String	protect	ARRAY: gap after an earlier refusal	String.wz/MonsterBook.img/1210100/reward/19
String	protect	ARRAY: gap after an earlier refusal	String.wz/MonsterBook.img/1210100/reward/20
String	protect	ARRAY: gap after an earlier refusal	String.wz/MonsterBook.img/1210100/reward/21
String	protect	ARRAY: gap after an earlier refusal	String.wz/MonsterBook.img/1210100/reward/22
String	protect	ARRAY: gap after an earlier refusal	String.wz/MonsterBook.img/1210100/reward/23
String	protect	ARRAY: gap after an earlier refusal	String.wz/MonsterBook.img/1210100/reward/24
String	protect	ARRAY: gap after an earlier refusal	String.wz/MonsterBook.img/1210100/reward/25
String	protect	ARRAY: gap after an earlier refusal	String.wz/MonsterBook.img/1210100/reward/26
String	protect	ARRAY: append would duplicate an existing entry	String.wz/MonsterBook.img/1210101/reward/24
String	protect	ARRAY: gap after an earlier refusal	String.wz/MonsterBook.img/1210101/reward/25
String	protect	ARRAY: gap after an earlier refusal	String.wz/MonsterBook.img/1210101/reward/26
String	protect	ARRAY: gap after an earlier refusal	String.wz/MonsterBook.img/1210101/reward/27
String	protect	ARRAY: gap after an earlier refusal	String.wz/MonsterBook.img/1210101/reward/28
String	protect	ARRAY: append would duplicate an existing entry	String.wz/MonsterBook.img/1210102/reward/16
String	protect	ARRAY: gap after an earlier refusal	String.wz/MonsterBook.img/1210102/reward/17
String	protect	ARRAY: gap after an earlier refusal	String.wz/MonsterBook.img/1210102/reward/18
String	protect	ARRAY: gap after an earlier refusal	String.wz/MonsterBook.img/1210102/reward/19
String	protect	ARRAY: gap after an earlier refusal	String.wz/MonsterBook.img/1210102/reward/20
String	protect	ARRAY: gap after an earlier refusal	String.wz/MonsterBook.img/1210102/reward/21
String	protect	ARRAY: gap after an earlier refusal	String.wz/MonsterBook.img/1210102/reward/22
String	protect	ARRAY: gap after an earlier refusal	String.wz/MonsterBook.img/1210102/reward/23
String	protect	ARRAY: append would duplicate an existing entry	String.wz/MonsterBook.img/1210103/reward/25
String	protect	ARRAY: gap after an earlier refusal	String.wz/MonsterBook.img/1210103/reward/26
String	protect	ARRAY: gap after an earlier refusal	String.wz/MonsterBook.img/1210103/reward/27
String	protect	ARRAY: gap after an earlier refusal	String.wz/MonsterBook.img/1210103/reward/28
String	protect	ARRAY: gap after an earlier refusal	String.wz/MonsterBook.img/1210103/reward/29
String	protect	ARRAY: gap after an earlier refusal	String.wz/MonsterBook.img/1210103/reward/30
String	protect	ARRAY: gap after an earlier refusal	String.wz/MonsterBook.img/1210103/reward/31
String	protect	ARRAY: gap after an earlier refusal	String.wz/MonsterBook.img/1210103/reward/32
String	protect	ARRAY: gap after an earlier refusal	String.wz/MonsterBook.img/1210103/reward/33
String	protect	ARRAY: append would duplicate an existing entry	String.wz/MonsterBook.img/130100/reward/15
String	protect	ARRAY: gap after an earlier refusal	String.wz/MonsterBook.img/130100/reward/16
String	protect	ARRAY: gap after an earlier refusal	String.wz/MonsterBook.img/130100/reward/17
String	protect	ARRAY: gap after an earlier refusal	String.wz/MonsterBook.img/130100/reward/18
String	protect	ARRAY: gap after an earlier refusal	String.wz/MonsterBook.img/130100/reward/19
String	protect	ARRAY: gap after an earlier refusal	String.wz/MonsterBook.img/130100/reward/20
String	protect	ARRAY: gap after an earlier refusal	String.wz/MonsterBook.img/130100/reward/21
String	protect	ARRAY: gap after an earlier refusal	String.wz/MonsterBook.img/130100/reward/22
String	protect	ARRAY: gap after an earlier refusal	String.wz/MonsterBook.img/130100/reward/23
String	protect	ARRAY: gap after an earlier refusal	String.wz/MonsterBook.img/130100/reward/24
String	protect	ARRAY: append would duplicate an existing entry	String.wz/MonsterBook.img/130101/reward/17
String	protect	ARRAY: gap after an earlier refusal	String.wz/MonsterBook.img/130101/reward/18
String	protect	ARRAY: gap after an earlier refusal	String.wz/MonsterBook.img/130101/reward/19
String	protect	ARRAY: gap after an earlier refusal	String.wz/MonsterBook.img/130101/reward/20
String	protect	ARRAY: gap after an earlier refusal	String.wz/MonsterBook.img/130101/reward/21
String	protect	ARRAY: gap after an earlier refusal	String.wz/MonsterBook.img/130101/reward/22
String	protect	ARRAY: gap after an earlier refusal	String.wz/MonsterBook.img/130101/reward/23
String	protect	ARRAY: append would duplicate an existing entry	String.wz/MonsterBook.img/2100100/reward/21
String	protect	ARRAY: append would duplicate an existing entry	String.wz/MonsterBook.img/2100101/reward/20
String	protect	ARRAY: append would duplicate an existing entry	String.wz/MonsterBook.img/2100102/reward/23
String	protect	ARRAY: append would duplicate an existing entry	String.wz/MonsterBook.img/2100103/reward/22
String	protect	ARRAY: gap after an earlier refusal	String.wz/MonsterBook.img/2100103/reward/23
String	protect	ARRAY: append would duplicate an existing entry	String.wz/MonsterBook.img/2100104/reward/22
String	protect	ARRAY: gap after an earlier refusal	String.wz/MonsterBook.img/2100104/reward/23
String	protect	ARRAY: gap after an earlier refusal	String.wz/MonsterBook.img/2100104/reward/24
String	protect	ARRAY: gap after an earlier refusal	String.wz/MonsterBook.img/2100104/reward/25
String	protect	ARRAY: append would duplicate an existing entry	String.wz/MonsterBook.img/2100105/reward/24
String	protect	ARRAY: append would duplicate an existing entry	String.wz/MonsterBook.img/2100106/reward/21
String	protect	ARRAY: append would duplicate an existing entry	String.wz/MonsterBook.img/2100107/reward/19
String	protect	ARRAY: gap after an earlier refusal	String.wz/MonsterBook.img/2100107/reward/20
String	protect	ARRAY: append would duplicate an existing entry	String.wz/MonsterBook.img/2100108/reward/24
String	protect	ARRAY: append would duplicate an existing entry	String.wz/MonsterBook.img/210100/reward/18
String	protect	ARRAY: gap after an earlier refusal	String.wz/MonsterBook.img/210100/reward/19
String	protect	ARRAY: gap after an earlier refusal	String.wz/MonsterBook.img/210100/reward/20
String	protect	ARRAY: gap after an earlier refusal	String.wz/MonsterBook.img/210100/reward/21
String	protect	ARRAY: gap after an earlier refusal	String.wz/MonsterBook.img/210100/reward/22
String	protect	ARRAY: gap after an earlier refusal	String.wz/MonsterBook.img/210100/reward/23
String	protect	ARRAY: gap after an earlier refusal	String.wz/MonsterBook.img/210100/reward/24
String	protect	ARRAY: gap after an earlier refusal	String.wz/MonsterBook.img/210100/reward/25
String	protect	ARRAY: gap after an earlier refusal	String.wz/MonsterBook.img/210100/reward/26
String	protect	ARRAY: gap after an earlier refusal	String.wz/MonsterBook.img/210100/reward/27
String	protect	ARRAY: gap after an earlier refusal	String.wz/MonsterBook.img/210100/reward/28
String	protect	ARRAY: gap after an earlier refusal	String.wz/MonsterBook.img/210100/reward/29
String	protect	ARRAY: gap after an earlier refusal	String.wz/MonsterBook.img/210100/reward/30
String	protect	ARRAY: append would duplicate an existing entry	String.wz/MonsterBook.img/2110200/reward/27
String	protect	ARRAY: gap after an earlier refusal	String.wz/MonsterBook.img/2110200/reward/28
String	protect	ARRAY: gap after an earlier refusal	String.wz/MonsterBook.img/2110200/reward/29
String	protect	ARRAY: gap after an earlier refusal	String.wz/MonsterBook.img/2110200/reward/30
String	protect	ARRAY: gap after an earlier refusal	String.wz/MonsterBook.img/2110200/reward/31
String	protect	ARRAY: gap after an earlier refusal	String.wz/MonsterBook.img/2110200/reward/32
String	protect	ARRAY: gap after an earlier refusal	String.wz/MonsterBook.img/2110200/reward/33
String	protect	ARRAY: gap after an earlier refusal	String.wz/MonsterBook.img/2110200/reward/34
String	protect	ARRAY: gap after an earlier refusal	String.wz/MonsterBook.img/2110200/reward/35
String	protect	ARRAY: gap after an earlier refusal	String.wz/MonsterBook.img/2110200/reward/36
String	protect	ARRAY: gap after an earlier refusal	String.wz/MonsterBook.img/2110200/reward/37
String	protect	ARRAY: gap after an earlier refusal	String.wz/MonsterBook.img/2110200/reward/38
String	protect	ARRAY: gap after an earlier refusal	String.wz/MonsterBook.img/2110200/reward/39
String	protect	ARRAY: gap after an earlier refusal	String.wz/MonsterBook.img/2110200/reward/40
String	protect	ARRAY: append would duplicate an existing entry	String.wz/MonsterBook.img/2110300/reward/20
String	protect	ARRAY: gap after an earlier refusal	String.wz/MonsterBook.img/2110300/reward/21
String	protect	ARRAY: append would duplicate an existing entry	String.wz/MonsterBook.img/2110301/reward/22
String	protect	ARRAY: gap after an earlier refusal	String.wz/MonsterBook.img/2110301/reward/23
String	protect	ARRAY: gap after an earlier refusal	String.wz/MonsterBook.img/2110301/reward/24
String	protect	ARRAY: append would duplicate an existing entry	String.wz/MonsterBook.img/2130100/reward/26
String	protect	ARRAY: gap after an earlier refusal	String.wz/MonsterBook.img/2130100/reward/27
String	protect	ARRAY: gap after an earlier refusal	String.wz/MonsterBook.img/2130100/reward/28
String	protect	ARRAY: gap after an earlier refusal	String.wz/MonsterBook.img/2130100/reward/29
String	protect	ARRAY: gap after an earlier refusal	String.wz/MonsterBook.img/2130100/reward/30
String	protect	ARRAY: append would duplicate an existing entry	String.wz/MonsterBook.img/2130103/reward/18
String	protect	ARRAY: gap after an earlier refusal	String.wz/MonsterBook.img/2130103/reward/19
String	protect	ARRAY: append would duplicate an existing entry	String.wz/MonsterBook.img/2220000/reward/58
String	protect	ARRAY: append would duplicate an existing entry	String.wz/MonsterBook.img/2220100/reward/30
String	protect	ARRAY: gap after an earlier refusal	String.wz/MonsterBook.img/2220100/reward/31
String	protect	ARRAY: gap after an earlier refusal	String.wz/MonsterBook.img/2220100/reward/32
String	protect	ARRAY: gap after an earlier refusal	String.wz/MonsterBook.img/2220100/reward/33
String	protect	ARRAY: gap after an earlier refusal	String.wz/MonsterBook.img/2220100/reward/34
String	protect	ARRAY: gap after an earlier refusal	String.wz/MonsterBook.img/2220100/reward/35
String	protect	ARRAY: append would duplicate an existing entry	String.wz/MonsterBook.img/2230100/reward/30
String	protect	ARRAY: gap after an earlier refusal	String.wz/MonsterBook.img/2230100/reward/31
String	protect	ARRAY: gap after an earlier refusal	String.wz/MonsterBook.img/2230100/reward/32
String	protect	ARRAY: gap after an earlier refusal	String.wz/MonsterBook.img/2230100/reward/33
String	protect	ARRAY: gap after an earlier refusal	String.wz/MonsterBook.img/2230100/reward/34
String	protect	ARRAY: gap after an earlier refusal	String.wz/MonsterBook.img/2230100/reward/35
String	protect	ARRAY: append would duplicate an existing entry	String.wz/MonsterBook.img/2230101/reward/31
String	protect	ARRAY: gap after an earlier refusal	String.wz/MonsterBook.img/2230101/reward/32
String	protect	ARRAY: gap after an earlier refusal	String.wz/MonsterBook.img/2230101/reward/33
String	protect	ARRAY: gap after an earlier refusal	String.wz/MonsterBook.img/2230101/reward/34
String	protect	ARRAY: gap after an earlier refusal	String.wz/MonsterBook.img/2230101/reward/35
String	protect	ARRAY: gap after an earlier refusal	String.wz/MonsterBook.img/2230101/reward/36
String	protect	ARRAY: gap after an earlier refusal	String.wz/MonsterBook.img/2230101/reward/37
String	protect	ARRAY: gap after an earlier refusal	String.wz/MonsterBook.img/2230101/reward/38
String	protect	ARRAY: append would duplicate an existing entry	String.wz/MonsterBook.img/2230102/reward/34
String	protect	ARRAY: gap after an earlier refusal	String.wz/MonsterBook.img/2230102/reward/35
String	protect	ARRAY: gap after an earlier refusal	String.wz/MonsterBook.img/2230102/reward/36
String	protect	ARRAY: gap after an earlier refusal	String.wz/MonsterBook.img/2230102/reward/37
String	protect	ARRAY: gap after an earlier refusal	String.wz/MonsterBook.img/2230102/reward/38
String	protect	ARRAY: gap after an earlier refusal	String.wz/MonsterBook.img/2230102/reward/39
String	protect	ARRAY: gap after an earlier refusal	String.wz/MonsterBook.img/2230102/reward/40
String	protect	ARRAY: gap after an earlier refusal	String.wz/MonsterBook.img/2230102/reward/41
String	protect	ARRAY: gap after an earlier refusal	String.wz/MonsterBook.img/2230102/reward/42
String	protect	ARRAY: gap after an earlier refusal	String.wz/MonsterBook.img/2230102/reward/43
String	protect	ARRAY: gap after an earlier refusal	String.wz/MonsterBook.img/2230102/reward/44
String	protect	ARRAY: gap after an earlier refusal	String.wz/MonsterBook.img/2230102/reward/45
String	protect	ARRAY: gap after an earlier refusal	String.wz/MonsterBook.img/2230102/reward/46
String	protect	ARRAY: gap after an earlier refusal	String.wz/MonsterBook.img/2230102/reward/47
String	protect	ARRAY: gap after an earlier refusal	String.wz/MonsterBook.img/2230102/reward/48
String	protect	ARRAY: gap after an earlier refusal	String.wz/MonsterBook.img/2230102/reward/49
String	protect	ARRAY: append would duplicate an existing entry	String.wz/MonsterBook.img/2230103/reward/25
String	protect	ARRAY: gap after an earlier refusal	String.wz/MonsterBook.img/2230103/reward/26
String	protect	ARRAY: gap after an earlier refusal	String.wz/MonsterBook.img/2230103/reward/27
String	protect	ARRAY: gap after an earlier refusal	String.wz/MonsterBook.img/2230103/reward/28
String	protect	ARRAY: gap after an earlier refusal	String.wz/MonsterBook.img/2230103/reward/29
String	protect	ARRAY: gap after an earlier refusal	String.wz/MonsterBook.img/2230103/reward/30
String	protect	ARRAY: gap after an earlier refusal	String.wz/MonsterBook.img/2230103/reward/31
String	protect	ARRAY: append would duplicate an existing entry	String.wz/MonsterBook.img/2230104/reward/23
String	protect	ARRAY: gap after an earlier refusal	String.wz/MonsterBook.img/2230104/reward/24
String	protect	ARRAY: gap after an earlier refusal	String.wz/MonsterBook.img/2230104/reward/25
String	protect	ARRAY: append would duplicate an existing entry	String.wz/MonsterBook.img/2230105/reward/23
String	protect	ARRAY: gap after an earlier refusal	String.wz/MonsterBook.img/2230105/reward/24
String	protect	ARRAY: gap after an earlier refusal	String.wz/MonsterBook.img/2230105/reward/25
String	protect	ARRAY: gap after an earlier refusal	String.wz/MonsterBook.img/2230105/reward/26
String	protect	ARRAY: append would duplicate an existing entry	String.wz/MonsterBook.img/2230106/reward/24
String	protect	ARRAY: gap after an earlier refusal	String.wz/MonsterBook.img/2230106/reward/25
String	protect	ARRAY: gap after an earlier refusal	String.wz/MonsterBook.img/2230106/reward/26
String	protect	ARRAY: gap after an earlier refusal	String.wz/MonsterBook.img/2230106/reward/27
String	protect	ARRAY: gap after an earlier refusal	String.wz/MonsterBook.img/2230106/reward/28
String	protect	ARRAY: gap after an earlier refusal	String.wz/MonsterBook.img/2230106/reward/29
String	protect	ARRAY: append would duplicate an existing entry	String.wz/MonsterBook.img/2230107/reward/22
String	protect	ARRAY: gap after an earlier refusal	String.wz/MonsterBook.img/2230107/reward/23
String	protect	ARRAY: gap after an earlier refusal	String.wz/MonsterBook.img/2230107/reward/24
String	protect	ARRAY: gap after an earlier refusal	String.wz/MonsterBook.img/2230107/reward/25
String	protect	ARRAY: gap after an earlier refusal	String.wz/MonsterBook.img/2230107/reward/26
String	protect	ARRAY: append would duplicate an existing entry	String.wz/MonsterBook.img/2230108/reward/21
String	protect	ARRAY: gap after an earlier refusal	String.wz/MonsterBook.img/2230108/reward/22
String	protect	ARRAY: gap after an earlier refusal	String.wz/MonsterBook.img/2230108/reward/23
String	protect	ARRAY: append would duplicate an existing entry	String.wz/MonsterBook.img/2230109/reward/24
String	protect	ARRAY: gap after an earlier refusal	String.wz/MonsterBook.img/2230109/reward/25
String	protect	ARRAY: gap after an earlier refusal	String.wz/MonsterBook.img/2230109/reward/26
String	protect	ARRAY: gap after an earlier refusal	String.wz/MonsterBook.img/2230109/reward/27
String	protect	ARRAY: gap after an earlier refusal	String.wz/MonsterBook.img/2230109/reward/28
String	protect	ARRAY: gap after an earlier refusal	String.wz/MonsterBook.img/2230109/reward/29
String	protect	ARRAY: gap after an earlier refusal	String.wz/MonsterBook.img/2230109/reward/30
String	protect	ARRAY: gap after an earlier refusal	String.wz/MonsterBook.img/2230109/reward/31
String	protect	ARRAY: gap after an earlier refusal	String.wz/MonsterBook.img/2230109/reward/32
String	protect	ARRAY: append would duplicate an existing entry	String.wz/MonsterBook.img/2230110/reward/26
String	protect	ARRAY: gap after an earlier refusal	String.wz/MonsterBook.img/2230110/reward/27
String	protect	ARRAY: gap after an earlier refusal	String.wz/MonsterBook.img/2230110/reward/28
String	protect	ARRAY: gap after an earlier refusal	String.wz/MonsterBook.img/2230110/reward/29
String	protect	ARRAY: gap after an earlier refusal	String.wz/MonsterBook.img/2230110/reward/30
String	protect	ARRAY: gap after an earlier refusal	String.wz/MonsterBook.img/2230110/reward/31
String	protect	ARRAY: append would duplicate an existing entry	String.wz/MonsterBook.img/2230111/reward/22
String	protect	ARRAY: gap after an earlier refusal	String.wz/MonsterBook.img/2230111/reward/23
String	protect	ARRAY: gap after an earlier refusal	String.wz/MonsterBook.img/2230111/reward/24
String	protect	ARRAY: gap after an earlier refusal	String.wz/MonsterBook.img/2230111/reward/25
String	protect	ARRAY: append would duplicate an existing entry	String.wz/MonsterBook.img/2230131/reward/31
String	protect	ARRAY: gap after an earlier refusal	String.wz/MonsterBook.img/2230131/reward/32
String	protect	ARRAY: gap after an earlier refusal	String.wz/MonsterBook.img/2230131/reward/33
String	protect	ARRAY: append would duplicate an existing entry	String.wz/MonsterBook.img/2230200/reward/21
String	protect	ARRAY: gap after an earlier refusal	String.wz/MonsterBook.img/2230200/reward/22
String	protect	ARRAY: gap after an earlier refusal	String.wz/MonsterBook.img/2230200/reward/23
String	protect	ARRAY: gap after an earlier refusal	String.wz/MonsterBook.img/2230200/reward/24
String	protect	ARRAY: gap after an earlier refusal	String.wz/MonsterBook.img/2230200/reward/25
String	protect	ARRAY: append would duplicate an existing entry	String.wz/MonsterBook.img/2300100/reward/25
String	protect	ARRAY: gap after an earlier refusal	String.wz/MonsterBook.img/2300100/reward/26
String	protect	ARRAY: gap after an earlier refusal	String.wz/MonsterBook.img/2300100/reward/27
String	protect	ARRAY: gap after an earlier refusal	String.wz/MonsterBook.img/2300100/reward/28
String	protect	ARRAY: append would duplicate an existing entry	String.wz/MonsterBook.img/3000000/reward/24
String	protect	ARRAY: gap after an earlier refusal	String.wz/MonsterBook.img/3000000/reward/25
String	protect	ARRAY: gap after an earlier refusal	String.wz/MonsterBook.img/3000000/reward/26
String	protect	ARRAY: gap after an earlier refusal	String.wz/MonsterBook.img/3000000/reward/27
String	protect	ARRAY: append would duplicate an existing entry	String.wz/MonsterBook.img/3000001/reward/10
String	protect	ARRAY: append would duplicate an existing entry	String.wz/MonsterBook.img/3000005/reward/21
String	protect	ARRAY: gap after an earlier refusal	String.wz/MonsterBook.img/3000005/reward/22
String	protect	ARRAY: gap after an earlier refusal	String.wz/MonsterBook.img/3000005/reward/23
String	protect	ARRAY: gap after an earlier refusal	String.wz/MonsterBook.img/3000005/reward/24
String	protect	ARRAY: gap after an earlier refusal	String.wz/MonsterBook.img/3000005/reward/25
String	protect	ARRAY: append would duplicate an existing entry	String.wz/MonsterBook.img/3000006/reward/24
String	protect	ARRAY: gap after an earlier refusal	String.wz/MonsterBook.img/3000006/reward/25
String	protect	ARRAY: gap after an earlier refusal	String.wz/MonsterBook.img/3000006/reward/26
String	protect	ARRAY: gap after an earlier refusal	String.wz/MonsterBook.img/3000006/reward/27
String	protect	ARRAY: append would duplicate an existing entry	String.wz/MonsterBook.img/3100102/reward/19
String	protect	ARRAY: append would duplicate an existing entry	String.wz/MonsterBook.img/3110100/reward/25
String	protect	ARRAY: gap after an earlier refusal	String.wz/MonsterBook.img/3110100/reward/26
String	protect	ARRAY: gap after an earlier refusal	String.wz/MonsterBook.img/3110100/reward/27
String	protect	ARRAY: gap after an earlier refusal	String.wz/MonsterBook.img/3110100/reward/28
String	protect	ARRAY: gap after an earlier refusal	String.wz/MonsterBook.img/3110100/reward/29
String	protect	ARRAY: gap after an earlier refusal	String.wz/MonsterBook.img/3110100/reward/30
String	protect	ARRAY: gap after an earlier refusal	String.wz/MonsterBook.img/3110100/reward/31
String	protect	ARRAY: gap after an earlier refusal	String.wz/MonsterBook.img/3110100/reward/32
String	protect	ARRAY: gap after an earlier refusal	String.wz/MonsterBook.img/3110100/reward/33
String	protect	ARRAY: append would duplicate an existing entry	String.wz/MonsterBook.img/3110102/reward/30
String	protect	ARRAY: gap after an earlier refusal	String.wz/MonsterBook.img/3110102/reward/31
String	protect	ARRAY: gap after an earlier refusal	String.wz/MonsterBook.img/3110102/reward/32
String	protect	ARRAY: gap after an earlier refusal	String.wz/MonsterBook.img/3110102/reward/33
String	protect	ARRAY: append would duplicate an existing entry	String.wz/MonsterBook.img/3110300/reward/27
String	protect	ARRAY: gap after an earlier refusal	String.wz/MonsterBook.img/3110300/reward/28
String	protect	ARRAY: append would duplicate an existing entry	String.wz/MonsterBook.img/3110303/reward/36
String	protect	ARRAY: gap after an earlier refusal	String.wz/MonsterBook.img/3110303/reward/37
String	protect	ARRAY: gap after an earlier refusal	String.wz/MonsterBook.img/3110303/reward/38
String	protect	ARRAY: gap after an earlier refusal	String.wz/MonsterBook.img/3110303/reward/39
String	protect	ARRAY: gap after an earlier refusal	String.wz/MonsterBook.img/3110303/reward/40
String	protect	ARRAY: append would duplicate an existing entry	String.wz/MonsterBook.img/3210100/reward/32
String	protect	ARRAY: gap after an earlier refusal	String.wz/MonsterBook.img/3210100/reward/33
String	protect	ARRAY: gap after an earlier refusal	String.wz/MonsterBook.img/3210100/reward/34
String	protect	ARRAY: gap after an earlier refusal	String.wz/MonsterBook.img/3210100/reward/35
String	protect	ARRAY: gap after an earlier refusal	String.wz/MonsterBook.img/3210100/reward/36
String	protect	ARRAY: append would duplicate an existing entry	String.wz/MonsterBook.img/3210200/reward/28
String	protect	ARRAY: gap after an earlier refusal	String.wz/MonsterBook.img/3210200/reward/29
String	protect	ARRAY: gap after an earlier refusal	String.wz/MonsterBook.img/3210200/reward/30
String	protect	ARRAY: gap after an earlier refusal	String.wz/MonsterBook.img/3210200/reward/31
String	protect	ARRAY: gap after an earlier refusal	String.wz/MonsterBook.img/3210200/reward/32
String	protect	ARRAY: gap after an earlier refusal	String.wz/MonsterBook.img/3210200/reward/33
String	protect	ARRAY: gap after an earlier refusal	String.wz/MonsterBook.img/3210200/reward/34
String	protect	ARRAY: gap after an earlier refusal	String.wz/MonsterBook.img/3210200/reward/35
String	protect	ARRAY: gap after an earlier refusal	String.wz/MonsterBook.img/3210200/reward/36
String	protect	ARRAY: gap after an earlier refusal	String.wz/MonsterBook.img/3210200/reward/37
String	protect	ARRAY: gap after an earlier refusal	String.wz/MonsterBook.img/3210200/reward/38
String	protect	ARRAY: gap after an earlier refusal	String.wz/MonsterBook.img/3210200/reward/39
String	protect	ARRAY: gap after an earlier refusal	String.wz/MonsterBook.img/3210200/reward/40
String	protect	ARRAY: gap after an earlier refusal	String.wz/MonsterBook.img/3210200/reward/41
String	protect	ARRAY: gap after an earlier refusal	String.wz/MonsterBook.img/3210200/reward/42
String	protect	ARRAY: gap after an earlier refusal	String.wz/MonsterBook.img/3210200/reward/43
String	protect	ARRAY: gap after an earlier refusal	String.wz/MonsterBook.img/3210200/reward/44
String	protect	ARRAY: append would duplicate an existing entry	String.wz/MonsterBook.img/3210201/reward/29
String	protect	ARRAY: gap after an earlier refusal	String.wz/MonsterBook.img/3210201/reward/30
String	protect	ARRAY: gap after an earlier refusal	String.wz/MonsterBook.img/3210201/reward/31
String	protect	ARRAY: append would duplicate an existing entry	String.wz/MonsterBook.img/3210202/reward/33
String	protect	ARRAY: append would duplicate an existing entry	String.wz/MonsterBook.img/3210205/reward/30
String	protect	ARRAY: gap after an earlier refusal	String.wz/MonsterBook.img/3210205/reward/31
String	protect	ARRAY: gap after an earlier refusal	String.wz/MonsterBook.img/3210205/reward/32
String	protect	ARRAY: gap after an earlier refusal	String.wz/MonsterBook.img/3210205/reward/33
String	protect	ARRAY: gap after an earlier refusal	String.wz/MonsterBook.img/3210205/reward/34
String	protect	ARRAY: append would duplicate an existing entry	String.wz/MonsterBook.img/3210208/reward/31
String	protect	ARRAY: gap after an earlier refusal	String.wz/MonsterBook.img/3210208/reward/32
String	protect	ARRAY: gap after an earlier refusal	String.wz/MonsterBook.img/3210208/reward/33
String	protect	ARRAY: append would duplicate an existing entry	String.wz/MonsterBook.img/3210450/reward/29
String	protect	ARRAY: gap after an earlier refusal	String.wz/MonsterBook.img/3210450/reward/30
String	protect	ARRAY: gap after an earlier refusal	String.wz/MonsterBook.img/3210450/reward/31
String	protect	ARRAY: gap after an earlier refusal	String.wz/MonsterBook.img/3210450/reward/32
String	protect	ARRAY: gap after an earlier refusal	String.wz/MonsterBook.img/3210450/reward/33
String	protect	ARRAY: append would duplicate an existing entry	String.wz/MonsterBook.img/3210800/reward/35
String	protect	ARRAY: gap after an earlier refusal	String.wz/MonsterBook.img/3210800/reward/36
String	protect	ARRAY: append would duplicate an existing entry	String.wz/MonsterBook.img/3220000/reward/54
String	protect	ARRAY: gap after an earlier refusal	String.wz/MonsterBook.img/3220000/reward/55
String	protect	ARRAY: gap after an earlier refusal	String.wz/MonsterBook.img/3220000/reward/56
String	protect	ARRAY: gap after an earlier refusal	String.wz/MonsterBook.img/3220000/reward/57
String	protect	ARRAY: gap after an earlier refusal	String.wz/MonsterBook.img/3220000/reward/58
String	protect	ARRAY: gap after an earlier refusal	String.wz/MonsterBook.img/3220000/reward/59
String	protect	ARRAY: append would duplicate an existing entry	String.wz/MonsterBook.img/3220001/reward/27
String	protect	ARRAY: gap after an earlier refusal	String.wz/MonsterBook.img/3220001/reward/28
String	protect	ARRAY: gap after an earlier refusal	String.wz/MonsterBook.img/3220001/reward/29
String	protect	ARRAY: gap after an earlier refusal	String.wz/MonsterBook.img/3220001/reward/30
String	protect	ARRAY: append would duplicate an existing entry	String.wz/MonsterBook.img/3230100/reward/30
String	protect	ARRAY: gap after an earlier refusal	String.wz/MonsterBook.img/3230100/reward/31
String	protect	ARRAY: gap after an earlier refusal	String.wz/MonsterBook.img/3230100/reward/32
String	protect	ARRAY: gap after an earlier refusal	String.wz/MonsterBook.img/3230100/reward/33
String	protect	ARRAY: gap after an earlier refusal	String.wz/MonsterBook.img/3230100/reward/34
String	protect	ARRAY: gap after an earlier refusal	String.wz/MonsterBook.img/3230100/reward/35
String	protect	ARRAY: gap after an earlier refusal	String.wz/MonsterBook.img/3230100/reward/36
String	protect	ARRAY: gap after an earlier refusal	String.wz/MonsterBook.img/3230100/reward/37
String	protect	ARRAY: gap after an earlier refusal	String.wz/MonsterBook.img/3230100/reward/38
String	protect	ARRAY: append would duplicate an existing entry	String.wz/MonsterBook.img/3230101/reward/26
String	protect	ARRAY: gap after an earlier refusal	String.wz/MonsterBook.img/3230101/reward/27
String	protect	ARRAY: gap after an earlier refusal	String.wz/MonsterBook.img/3230101/reward/28
String	protect	ARRAY: gap after an earlier refusal	String.wz/MonsterBook.img/3230101/reward/29
String	protect	ARRAY: append would duplicate an existing entry	String.wz/MonsterBook.img/3230102/reward/34
String	protect	ARRAY: gap after an earlier refusal	String.wz/MonsterBook.img/3230102/reward/35
String	protect	ARRAY: gap after an earlier refusal	String.wz/MonsterBook.img/3230102/reward/36
String	protect	ARRAY: gap after an earlier refusal	String.wz/MonsterBook.img/3230102/reward/37
String	protect	ARRAY: gap after an earlier refusal	String.wz/MonsterBook.img/3230102/reward/38
String	protect	ARRAY: gap after an earlier refusal	String.wz/MonsterBook.img/3230102/reward/39
String	protect	ARRAY: gap after an earlier refusal	String.wz/MonsterBook.img/3230102/reward/40
String	protect	ARRAY: gap after an earlier refusal	String.wz/MonsterBook.img/3230102/reward/41
String	protect	ARRAY: gap after an earlier refusal	String.wz/MonsterBook.img/3230102/reward/42
String	protect	ARRAY: append would duplicate an existing entry	String.wz/MonsterBook.img/3230104/reward/31
String	protect	ARRAY: gap after an earlier refusal	String.wz/MonsterBook.img/3230104/reward/32
String	protect	ARRAY: gap after an earlier refusal	String.wz/MonsterBook.img/3230104/reward/33
String	protect	ARRAY: append would duplicate an existing entry	String.wz/MonsterBook.img/3230200/reward/35
String	protect	ARRAY: gap after an earlier refusal	String.wz/MonsterBook.img/3230200/reward/36
String	protect	ARRAY: gap after an earlier refusal	String.wz/MonsterBook.img/3230200/reward/37
String	protect	ARRAY: gap after an earlier refusal	String.wz/MonsterBook.img/3230200/reward/38
String	protect	ARRAY: gap after an earlier refusal	String.wz/MonsterBook.img/3230200/reward/39
String	protect	ARRAY: append would duplicate an existing entry	String.wz/MonsterBook.img/3230300/reward/9
String	protect	ARRAY: append would duplicate an existing entry	String.wz/MonsterBook.img/3230302/reward/27
String	protect	ARRAY: gap after an earlier refusal	String.wz/MonsterBook.img/3230302/reward/28
String	protect	ARRAY: gap after an earlier refusal	String.wz/MonsterBook.img/3230302/reward/29
String	protect	ARRAY: gap after an earlier refusal	String.wz/MonsterBook.img/3230302/reward/30
String	protect	ARRAY: append would duplicate an existing entry	String.wz/MonsterBook.img/3230304/reward/34
String	protect	ARRAY: gap after an earlier refusal	String.wz/MonsterBook.img/3230304/reward/35
String	protect	ARRAY: gap after an earlier refusal	String.wz/MonsterBook.img/3230304/reward/36
String	protect	ARRAY: gap after an earlier refusal	String.wz/MonsterBook.img/3230304/reward/37
String	protect	ARRAY: append would duplicate an existing entry	String.wz/MonsterBook.img/3230305/reward/30
String	protect	ARRAY: gap after an earlier refusal	String.wz/MonsterBook.img/3230305/reward/31
String	protect	ARRAY: gap after an earlier refusal	String.wz/MonsterBook.img/3230305/reward/32
String	protect	ARRAY: append would duplicate an existing entry	String.wz/MonsterBook.img/3230306/reward/32
String	protect	ARRAY: gap after an earlier refusal	String.wz/MonsterBook.img/3230306/reward/33
String	protect	ARRAY: gap after an earlier refusal	String.wz/MonsterBook.img/3230306/reward/34
String	protect	ARRAY: gap after an earlier refusal	String.wz/MonsterBook.img/3230306/reward/35
String	protect	ARRAY: gap after an earlier refusal	String.wz/MonsterBook.img/3230306/reward/36
String	protect	ARRAY: gap after an earlier refusal	String.wz/MonsterBook.img/3230306/reward/37
String	protect	ARRAY: gap after an earlier refusal	String.wz/MonsterBook.img/3230306/reward/38
String	protect	ARRAY: gap after an earlier refusal	String.wz/MonsterBook.img/3230306/reward/39
String	protect	ARRAY: gap after an earlier refusal	String.wz/MonsterBook.img/3230306/reward/40
String	protect	ARRAY: gap after an earlier refusal	String.wz/MonsterBook.img/3230306/reward/41
String	protect	ARRAY: gap after an earlier refusal	String.wz/MonsterBook.img/3230306/reward/42
String	protect	ARRAY: append would duplicate an existing entry	String.wz/MonsterBook.img/3230308/reward/34
String	protect	ARRAY: gap after an earlier refusal	String.wz/MonsterBook.img/3230308/reward/35
String	protect	ARRAY: append would duplicate an existing entry	String.wz/MonsterBook.img/3230400/reward/32
String	protect	ARRAY: gap after an earlier refusal	String.wz/MonsterBook.img/3230400/reward/33
String	protect	ARRAY: gap after an earlier refusal	String.wz/MonsterBook.img/3230400/reward/34
String	protect	ARRAY: gap after an earlier refusal	String.wz/MonsterBook.img/3230400/reward/35
String	protect	ARRAY: gap after an earlier refusal	String.wz/MonsterBook.img/3230400/reward/36
String	protect	ARRAY: gap after an earlier refusal	String.wz/MonsterBook.img/3230400/reward/37
String	protect	ARRAY: gap after an earlier refusal	String.wz/MonsterBook.img/3230400/reward/38
String	protect	ARRAY: gap after an earlier refusal	String.wz/MonsterBook.img/3230400/reward/39
String	protect	ARRAY: gap after an earlier refusal	String.wz/MonsterBook.img/3230400/reward/40
String	protect	ARRAY: gap after an earlier refusal	String.wz/MonsterBook.img/3230400/reward/41
String	protect	ARRAY: gap after an earlier refusal	String.wz/MonsterBook.img/3230400/reward/42
String	protect	ARRAY: gap after an earlier refusal	String.wz/MonsterBook.img/3230400/reward/43
String	protect	ARRAY: gap after an earlier refusal	String.wz/MonsterBook.img/3230400/reward/44
String	protect	ARRAY: gap after an earlier refusal	String.wz/MonsterBook.img/3230400/reward/45
String	protect	ARRAY: gap after an earlier refusal	String.wz/MonsterBook.img/3230400/reward/46
String	protect	ARRAY: append would duplicate an existing entry	String.wz/MonsterBook.img/3230405/reward/31
String	protect	ARRAY: append would duplicate an existing entry	String.wz/MonsterBook.img/3300003/reward/29
String	protect	ARRAY: append would duplicate an existing entry	String.wz/MonsterBook.img/3300005/reward/39
String	protect	ARRAY: gap after an earlier refusal	String.wz/MonsterBook.img/3300005/reward/40
String	protect	ARRAY: append would duplicate an existing entry	String.wz/MonsterBook.img/3300006/reward/66
String	protect	ARRAY: gap after an earlier refusal	String.wz/MonsterBook.img/3300006/reward/67
String	protect	ARRAY: gap after an earlier refusal	String.wz/MonsterBook.img/3300006/reward/68
String	protect	ARRAY: gap after an earlier refusal	String.wz/MonsterBook.img/3300006/reward/69
String	protect	ARRAY: append would duplicate an existing entry	String.wz/MonsterBook.img/3300007/reward/74
String	protect	ARRAY: gap after an earlier refusal	String.wz/MonsterBook.img/3300007/reward/75
String	protect	ARRAY: gap after an earlier refusal	String.wz/MonsterBook.img/3300007/reward/76
String	protect	ARRAY: gap after an earlier refusal	String.wz/MonsterBook.img/3300007/reward/77
String	protect	ARRAY: gap after an earlier refusal	String.wz/MonsterBook.img/3300007/reward/78
String	protect	ARRAY: gap after an earlier refusal	String.wz/MonsterBook.img/3300007/reward/79
String	protect	ARRAY: append would duplicate an existing entry	String.wz/MonsterBook.img/3300008/reward/57
String	protect	ARRAY: gap after an earlier refusal	String.wz/MonsterBook.img/3300008/reward/58
String	protect	ARRAY: gap after an earlier refusal	String.wz/MonsterBook.img/3300008/reward/59
String	protect	ARRAY: gap after an earlier refusal	String.wz/MonsterBook.img/3300008/reward/60
String	protect	ARRAY: gap after an earlier refusal	String.wz/MonsterBook.img/3300008/reward/61
String	protect	ARRAY: gap after an earlier refusal	String.wz/MonsterBook.img/3300008/reward/62
String	protect	ARRAY: append would duplicate an existing entry	String.wz/MonsterBook.img/4110300/reward/31
String	protect	ARRAY: gap after an earlier refusal	String.wz/MonsterBook.img/4110300/reward/32
String	protect	ARRAY: gap after an earlier refusal	String.wz/MonsterBook.img/4110300/reward/33
String	protect	ARRAY: append would duplicate an existing entry	String.wz/MonsterBook.img/4110301/reward/19
String	protect	ARRAY: gap after an earlier refusal	String.wz/MonsterBook.img/4110301/reward/20
String	protect	ARRAY: gap after an earlier refusal	String.wz/MonsterBook.img/4110301/reward/21
String	protect	ARRAY: append would duplicate an existing entry	String.wz/MonsterBook.img/4110302/reward/16
String	protect	ARRAY: gap after an earlier refusal	String.wz/MonsterBook.img/4110302/reward/17
String	protect	ARRAY: append would duplicate an existing entry	String.wz/MonsterBook.img/4130101/reward/28
String	protect	ARRAY: gap after an earlier refusal	String.wz/MonsterBook.img/4130101/reward/29
String	protect	ARRAY: gap after an earlier refusal	String.wz/MonsterBook.img/4130101/reward/30
String	protect	ARRAY: gap after an earlier refusal	String.wz/MonsterBook.img/4130101/reward/31
String	protect	ARRAY: gap after an earlier refusal	String.wz/MonsterBook.img/4130101/reward/32
String	protect	ARRAY: gap after an earlier refusal	String.wz/MonsterBook.img/4130101/reward/33
String	protect	ARRAY: append would duplicate an existing entry	String.wz/MonsterBook.img/4130102/reward/29
String	protect	ARRAY: append would duplicate an existing entry	String.wz/MonsterBook.img/4130103/reward/33
String	protect	ARRAY: gap after an earlier refusal	String.wz/MonsterBook.img/4130103/reward/34
String	protect	ARRAY: gap after an earlier refusal	String.wz/MonsterBook.img/4130103/reward/35
String	protect	ARRAY: gap after an earlier refusal	String.wz/MonsterBook.img/4130103/reward/36
String	protect	ARRAY: append would duplicate an existing entry	String.wz/MonsterBook.img/4220000/reward/38
String	protect	ARRAY: gap after an earlier refusal	String.wz/MonsterBook.img/4220000/reward/39
String	protect	ARRAY: gap after an earlier refusal	String.wz/MonsterBook.img/4220000/reward/40
String	protect	ARRAY: gap after an earlier refusal	String.wz/MonsterBook.img/4220000/reward/41
String	protect	ARRAY: gap after an earlier refusal	String.wz/MonsterBook.img/4220000/reward/42
String	protect	ARRAY: append would duplicate an existing entry	String.wz/MonsterBook.img/4230100/reward/32
String	protect	ARRAY: gap after an earlier refusal	String.wz/MonsterBook.img/4230100/reward/33
String	protect	ARRAY: gap after an earlier refusal	String.wz/MonsterBook.img/4230100/reward/34
String	protect	ARRAY: append would duplicate an existing entry	String.wz/MonsterBook.img/4230101/reward/39
String	protect	ARRAY: gap after an earlier refusal	String.wz/MonsterBook.img/4230101/reward/40
String	protect	ARRAY: gap after an earlier refusal	String.wz/MonsterBook.img/4230101/reward/41
String	protect	ARRAY: gap after an earlier refusal	String.wz/MonsterBook.img/4230101/reward/42
String	protect	ARRAY: gap after an earlier refusal	String.wz/MonsterBook.img/4230101/reward/43
String	protect	ARRAY: append would duplicate an existing entry	String.wz/MonsterBook.img/4230102/reward/30
String	protect	ARRAY: gap after an earlier refusal	String.wz/MonsterBook.img/4230102/reward/31
String	protect	ARRAY: gap after an earlier refusal	String.wz/MonsterBook.img/4230102/reward/32
String	protect	ARRAY: gap after an earlier refusal	String.wz/MonsterBook.img/4230102/reward/33
String	protect	ARRAY: gap after an earlier refusal	String.wz/MonsterBook.img/4230102/reward/34
String	protect	ARRAY: gap after an earlier refusal	String.wz/MonsterBook.img/4230102/reward/35
String	protect	ARRAY: append would duplicate an existing entry	String.wz/MonsterBook.img/4230103/reward/26
String	protect	ARRAY: gap after an earlier refusal	String.wz/MonsterBook.img/4230103/reward/27
String	protect	ARRAY: gap after an earlier refusal	String.wz/MonsterBook.img/4230103/reward/28
String	protect	ARRAY: gap after an earlier refusal	String.wz/MonsterBook.img/4230103/reward/29
String	protect	ARRAY: append would duplicate an existing entry	String.wz/MonsterBook.img/4230104/reward/27
String	protect	ARRAY: gap after an earlier refusal	String.wz/MonsterBook.img/4230104/reward/28
String	protect	ARRAY: gap after an earlier refusal	String.wz/MonsterBook.img/4230104/reward/29
String	protect	ARRAY: gap after an earlier refusal	String.wz/MonsterBook.img/4230104/reward/30
String	protect	ARRAY: append would duplicate an existing entry	String.wz/MonsterBook.img/4230105/reward/28
String	protect	ARRAY: gap after an earlier refusal	String.wz/MonsterBook.img/4230105/reward/29
String	protect	ARRAY: append would duplicate an existing entry	String.wz/MonsterBook.img/4230106/reward/38
String	protect	ARRAY: gap after an earlier refusal	String.wz/MonsterBook.img/4230106/reward/39
String	protect	ARRAY: gap after an earlier refusal	String.wz/MonsterBook.img/4230106/reward/40
String	protect	ARRAY: append would duplicate an existing entry	String.wz/MonsterBook.img/4230107/reward/30
String	protect	ARRAY: gap after an earlier refusal	String.wz/MonsterBook.img/4230107/reward/31
String	protect	ARRAY: append would duplicate an existing entry	String.wz/MonsterBook.img/4230109/reward/30
String	protect	ARRAY: gap after an earlier refusal	String.wz/MonsterBook.img/4230109/reward/31
String	protect	ARRAY: gap after an earlier refusal	String.wz/MonsterBook.img/4230109/reward/32
String	protect	ARRAY: gap after an earlier refusal	String.wz/MonsterBook.img/4230109/reward/33
String	protect	ARRAY: append would duplicate an existing entry	String.wz/MonsterBook.img/4230110/reward/37
String	protect	ARRAY: gap after an earlier refusal	String.wz/MonsterBook.img/4230110/reward/38
String	protect	ARRAY: append would duplicate an existing entry	String.wz/MonsterBook.img/4230111/reward/30
String	protect	ARRAY: gap after an earlier refusal	String.wz/MonsterBook.img/4230111/reward/31
String	protect	ARRAY: gap after an earlier refusal	String.wz/MonsterBook.img/4230111/reward/32
String	protect	ARRAY: gap after an earlier refusal	String.wz/MonsterBook.img/4230111/reward/33
String	protect	ARRAY: append would duplicate an existing entry	String.wz/MonsterBook.img/4230113/reward/29
String	protect	ARRAY: gap after an earlier refusal	String.wz/MonsterBook.img/4230113/reward/30
String	protect	ARRAY: gap after an earlier refusal	String.wz/MonsterBook.img/4230113/reward/31
String	protect	ARRAY: gap after an earlier refusal	String.wz/MonsterBook.img/4230113/reward/32
String	protect	ARRAY: gap after an earlier refusal	String.wz/MonsterBook.img/4230113/reward/33
String	protect	ARRAY: gap after an earlier refusal	String.wz/MonsterBook.img/4230113/reward/34
String	protect	ARRAY: gap after an earlier refusal	String.wz/MonsterBook.img/4230113/reward/35
String	protect	ARRAY: append would duplicate an existing entry	String.wz/MonsterBook.img/4230114/reward/29
String	protect	ARRAY: gap after an earlier refusal	String.wz/MonsterBook.img/4230114/reward/30
String	protect	ARRAY: gap after an earlier refusal	String.wz/MonsterBook.img/4230114/reward/31
String	protect	ARRAY: gap after an earlier refusal	String.wz/MonsterBook.img/4230114/reward/32
String	protect	ARRAY: gap after an earlier refusal	String.wz/MonsterBook.img/4230114/reward/33
String	protect	ARRAY: gap after an earlier refusal	String.wz/MonsterBook.img/4230114/reward/34
String	protect	ARRAY: gap after an earlier refusal	String.wz/MonsterBook.img/4230114/reward/35
String	protect	ARRAY: gap after an earlier refusal	String.wz/MonsterBook.img/4230114/reward/36
String	protect	ARRAY: append would duplicate an existing entry	String.wz/MonsterBook.img/4230115/reward/35
String	protect	ARRAY: gap after an earlier refusal	String.wz/MonsterBook.img/4230115/reward/36
String	protect	ARRAY: gap after an earlier refusal	String.wz/MonsterBook.img/4230115/reward/37
String	protect	ARRAY: gap after an earlier refusal	String.wz/MonsterBook.img/4230115/reward/38
String	protect	ARRAY: gap after an earlier refusal	String.wz/MonsterBook.img/4230115/reward/39
String	protect	ARRAY: gap after an earlier refusal	String.wz/MonsterBook.img/4230115/reward/40
String	protect	ARRAY: gap after an earlier refusal	String.wz/MonsterBook.img/4230115/reward/41
String	protect	ARRAY: gap after an earlier refusal	String.wz/MonsterBook.img/4230115/reward/42
String	protect	ARRAY: gap after an earlier refusal	String.wz/MonsterBook.img/4230115/reward/43
String	protect	ARRAY: gap after an earlier refusal	String.wz/MonsterBook.img/4230115/reward/44
String	protect	ARRAY: gap after an earlier refusal	String.wz/MonsterBook.img/4230115/reward/45
String	protect	ARRAY: gap after an earlier refusal	String.wz/MonsterBook.img/4230115/reward/46
String	protect	ARRAY: gap after an earlier refusal	String.wz/MonsterBook.img/4230115/reward/47
String	protect	ARRAY: append would duplicate an existing entry	String.wz/MonsterBook.img/4230116/reward/33
String	protect	ARRAY: gap after an earlier refusal	String.wz/MonsterBook.img/4230116/reward/34
String	protect	ARRAY: gap after an earlier refusal	String.wz/MonsterBook.img/4230116/reward/35
String	protect	ARRAY: gap after an earlier refusal	String.wz/MonsterBook.img/4230116/reward/36
String	protect	ARRAY: append would duplicate an existing entry	String.wz/MonsterBook.img/4230117/reward/31
String	protect	ARRAY: gap after an earlier refusal	String.wz/MonsterBook.img/4230117/reward/32
String	protect	ARRAY: append would duplicate an existing entry	String.wz/MonsterBook.img/4230118/reward/36
String	protect	ARRAY: gap after an earlier refusal	String.wz/MonsterBook.img/4230118/reward/37
String	protect	ARRAY: gap after an earlier refusal	String.wz/MonsterBook.img/4230118/reward/38
String	protect	ARRAY: append would duplicate an existing entry	String.wz/MonsterBook.img/4230119/reward/34
String	protect	ARRAY: gap after an earlier refusal	String.wz/MonsterBook.img/4230119/reward/35
String	protect	ARRAY: gap after an earlier refusal	String.wz/MonsterBook.img/4230119/reward/36
String	protect	ARRAY: gap after an earlier refusal	String.wz/MonsterBook.img/4230119/reward/37
String	protect	ARRAY: gap after an earlier refusal	String.wz/MonsterBook.img/4230119/reward/38
String	protect	ARRAY: gap after an earlier refusal	String.wz/MonsterBook.img/4230119/reward/39
String	protect	ARRAY: append would duplicate an existing entry	String.wz/MonsterBook.img/4230120/reward/32
String	protect	ARRAY: gap after an earlier refusal	String.wz/MonsterBook.img/4230120/reward/33
String	protect	ARRAY: gap after an earlier refusal	String.wz/MonsterBook.img/4230120/reward/34
String	protect	ARRAY: append would duplicate an existing entry	String.wz/MonsterBook.img/4230121/reward/31
String	protect	ARRAY: gap after an earlier refusal	String.wz/MonsterBook.img/4230121/reward/32
String	protect	ARRAY: gap after an earlier refusal	String.wz/MonsterBook.img/4230121/reward/33
String	protect	ARRAY: gap after an earlier refusal	String.wz/MonsterBook.img/4230121/reward/34
String	protect	ARRAY: append would duplicate an existing entry	String.wz/MonsterBook.img/4230123/reward/29
String	protect	ARRAY: gap after an earlier refusal	String.wz/MonsterBook.img/4230123/reward/30
String	protect	ARRAY: append would duplicate an existing entry	String.wz/MonsterBook.img/4230124/reward/31
String	protect	ARRAY: gap after an earlier refusal	String.wz/MonsterBook.img/4230124/reward/32
String	protect	ARRAY: gap after an earlier refusal	String.wz/MonsterBook.img/4230124/reward/33
String	protect	ARRAY: gap after an earlier refusal	String.wz/MonsterBook.img/4230124/reward/34
String	protect	ARRAY: gap after an earlier refusal	String.wz/MonsterBook.img/4230124/reward/35
String	protect	ARRAY: gap after an earlier refusal	String.wz/MonsterBook.img/4230124/reward/36
String	protect	ARRAY: gap after an earlier refusal	String.wz/MonsterBook.img/4230124/reward/37
String	protect	ARRAY: append would duplicate an existing entry	String.wz/MonsterBook.img/4230126/reward/32
String	protect	ARRAY: gap after an earlier refusal	String.wz/MonsterBook.img/4230126/reward/33
String	protect	ARRAY: append would duplicate an existing entry	String.wz/MonsterBook.img/4230200/reward/34
String	protect	ARRAY: gap after an earlier refusal	String.wz/MonsterBook.img/4230200/reward/35
String	protect	ARRAY: append would duplicate an existing entry	String.wz/MonsterBook.img/4230300/reward/28
String	protect	ARRAY: gap after an earlier refusal	String.wz/MonsterBook.img/4230300/reward/29
String	protect	ARRAY: gap after an earlier refusal	String.wz/MonsterBook.img/4230300/reward/30
String	protect	ARRAY: gap after an earlier refusal	String.wz/MonsterBook.img/4230300/reward/31
String	protect	ARRAY: gap after an earlier refusal	String.wz/MonsterBook.img/4230300/reward/32
String	protect	ARRAY: gap after an earlier refusal	String.wz/MonsterBook.img/4230300/reward/33
String	protect	ARRAY: append would duplicate an existing entry	String.wz/MonsterBook.img/4230501/reward/22
String	protect	ARRAY: append would duplicate an existing entry	String.wz/MonsterBook.img/4230502/reward/24
String	protect	ARRAY: gap after an earlier refusal	String.wz/MonsterBook.img/4230502/reward/25
String	protect	ARRAY: gap after an earlier refusal	String.wz/MonsterBook.img/4230502/reward/26
String	protect	ARRAY: gap after an earlier refusal	String.wz/MonsterBook.img/4230502/reward/27
String	protect	ARRAY: gap after an earlier refusal	String.wz/MonsterBook.img/4230502/reward/28
String	protect	ARRAY: gap after an earlier refusal	String.wz/MonsterBook.img/4230502/reward/29
String	protect	ARRAY: append would duplicate an existing entry	String.wz/MonsterBook.img/4230505/reward/21
String	protect	ARRAY: gap after an earlier refusal	String.wz/MonsterBook.img/4230505/reward/22
String	protect	ARRAY: append would duplicate an existing entry	String.wz/MonsterBook.img/4230600/reward/30
String	protect	ARRAY: append would duplicate an existing entry	String.wz/MonsterBook.img/4240000/reward/36
String	protect	ARRAY: gap after an earlier refusal	String.wz/MonsterBook.img/4240000/reward/37
String	protect	ARRAY: gap after an earlier refusal	String.wz/MonsterBook.img/4240000/reward/38
String	protect	ARRAY: append would duplicate an existing entry	String.wz/MonsterBook.img/4250000/reward/16
String	protect	ARRAY: append would duplicate an existing entry	String.wz/MonsterBook.img/5090000/reward/8
String	protect	ARRAY: append would duplicate an existing entry	String.wz/MonsterBook.img/5090001/reward/6
String	protect	ARRAY: append would duplicate an existing entry	String.wz/MonsterBook.img/5100000/reward/31
String	protect	ARRAY: gap after an earlier refusal	String.wz/MonsterBook.img/5100000/reward/32
String	protect	ARRAY: gap after an earlier refusal	String.wz/MonsterBook.img/5100000/reward/33
String	protect	ARRAY: gap after an earlier refusal	String.wz/MonsterBook.img/5100000/reward/34
String	protect	ARRAY: append would duplicate an existing entry	String.wz/MonsterBook.img/5100002/reward/29
String	protect	ARRAY: gap after an earlier refusal	String.wz/MonsterBook.img/5100002/reward/30
String	protect	ARRAY: append would duplicate an existing entry	String.wz/MonsterBook.img/5100003/reward/26
String	protect	ARRAY: gap after an earlier refusal	String.wz/MonsterBook.img/5100003/reward/27
String	protect	ARRAY: gap after an earlier refusal	String.wz/MonsterBook.img/5100003/reward/28
String	protect	ARRAY: append would duplicate an existing entry	String.wz/MonsterBook.img/5100004/reward/29
String	protect	ARRAY: gap after an earlier refusal	String.wz/MonsterBook.img/5100004/reward/30
String	protect	ARRAY: gap after an earlier refusal	String.wz/MonsterBook.img/5100004/reward/31
String	protect	ARRAY: append would duplicate an existing entry	String.wz/MonsterBook.img/5100005/reward/27
String	protect	ARRAY: append would duplicate an existing entry	String.wz/MonsterBook.img/5110301/reward/24
String	protect	ARRAY: gap after an earlier refusal	String.wz/MonsterBook.img/5110301/reward/25
String	protect	ARRAY: append would duplicate an existing entry	String.wz/MonsterBook.img/5110302/reward/26
String	protect	ARRAY: gap after an earlier refusal	String.wz/MonsterBook.img/5110302/reward/27
String	protect	ARRAY: gap after an earlier refusal	String.wz/MonsterBook.img/5110302/reward/28
String	protect	ARRAY: gap after an earlier refusal	String.wz/MonsterBook.img/5110302/reward/29
String	protect	ARRAY: gap after an earlier refusal	String.wz/MonsterBook.img/5110302/reward/30
String	protect	ARRAY: gap after an earlier refusal	String.wz/MonsterBook.img/5110302/reward/31
String	protect	ARRAY: gap after an earlier refusal	String.wz/MonsterBook.img/5110302/reward/32
String	protect	ARRAY: append would duplicate an existing entry	String.wz/MonsterBook.img/5120000/reward/36
String	protect	ARRAY: gap after an earlier refusal	String.wz/MonsterBook.img/5120000/reward/37
String	protect	ARRAY: gap after an earlier refusal	String.wz/MonsterBook.img/5120000/reward/38
String	protect	ARRAY: append would duplicate an existing entry	String.wz/MonsterBook.img/5120001/reward/32
String	protect	ARRAY: gap after an earlier refusal	String.wz/MonsterBook.img/5120001/reward/33
String	protect	ARRAY: gap after an earlier refusal	String.wz/MonsterBook.img/5120001/reward/34
String	protect	ARRAY: gap after an earlier refusal	String.wz/MonsterBook.img/5120001/reward/35
String	protect	ARRAY: append would duplicate an existing entry	String.wz/MonsterBook.img/5120003/reward/35
String	protect	ARRAY: gap after an earlier refusal	String.wz/MonsterBook.img/5120003/reward/36
String	protect	ARRAY: gap after an earlier refusal	String.wz/MonsterBook.img/5120003/reward/37
String	protect	ARRAY: gap after an earlier refusal	String.wz/MonsterBook.img/5120003/reward/38
String	protect	ARRAY: gap after an earlier refusal	String.wz/MonsterBook.img/5120003/reward/39
String	protect	ARRAY: gap after an earlier refusal	String.wz/MonsterBook.img/5120003/reward/40
String	protect	ARRAY: gap after an earlier refusal	String.wz/MonsterBook.img/5120003/reward/41
String	protect	ARRAY: gap after an earlier refusal	String.wz/MonsterBook.img/5120003/reward/42
String	protect	ARRAY: append would duplicate an existing entry	String.wz/MonsterBook.img/5120500/reward/30
String	protect	ARRAY: gap after an earlier refusal	String.wz/MonsterBook.img/5120500/reward/31
String	protect	ARRAY: append would duplicate an existing entry	String.wz/MonsterBook.img/5120502/reward/25
String	protect	ARRAY: gap after an earlier refusal	String.wz/MonsterBook.img/5120502/reward/26
String	protect	ARRAY: gap after an earlier refusal	String.wz/MonsterBook.img/5120502/reward/27
String	protect	ARRAY: gap after an earlier refusal	String.wz/MonsterBook.img/5120502/reward/28
String	protect	ARRAY: append would duplicate an existing entry	String.wz/MonsterBook.img/5120503/reward/24
String	protect	ARRAY: gap after an earlier refusal	String.wz/MonsterBook.img/5120503/reward/25
String	protect	ARRAY: gap after an earlier refusal	String.wz/MonsterBook.img/5120503/reward/26
String	protect	ARRAY: append would duplicate an existing entry	String.wz/MonsterBook.img/5120506/reward/31
String	protect	ARRAY: gap after an earlier refusal	String.wz/MonsterBook.img/5120506/reward/32
String	protect	ARRAY: gap after an earlier refusal	String.wz/MonsterBook.img/5120506/reward/33
String	protect	ARRAY: gap after an earlier refusal	String.wz/MonsterBook.img/5120506/reward/34
String	protect	ARRAY: gap after an earlier refusal	String.wz/MonsterBook.img/5120506/reward/35
String	protect	ARRAY: append would duplicate an existing entry	String.wz/MonsterBook.img/5130100/reward/34
String	protect	ARRAY: gap after an earlier refusal	String.wz/MonsterBook.img/5130100/reward/35
String	protect	ARRAY: gap after an earlier refusal	String.wz/MonsterBook.img/5130100/reward/36
String	protect	ARRAY: gap after an earlier refusal	String.wz/MonsterBook.img/5130100/reward/37
String	protect	ARRAY: gap after an earlier refusal	String.wz/MonsterBook.img/5130100/reward/38
String	protect	ARRAY: gap after an earlier refusal	String.wz/MonsterBook.img/5130100/reward/39
String	protect	ARRAY: gap after an earlier refusal	String.wz/MonsterBook.img/5130100/reward/40
String	protect	ARRAY: gap after an earlier refusal	String.wz/MonsterBook.img/5130100/reward/41
String	protect	ARRAY: gap after an earlier refusal	String.wz/MonsterBook.img/5130100/reward/42
String	protect	ARRAY: append would duplicate an existing entry	String.wz/MonsterBook.img/5130101/reward/34
String	protect	ARRAY: gap after an earlier refusal	String.wz/MonsterBook.img/5130101/reward/35
String	protect	ARRAY: gap after an earlier refusal	String.wz/MonsterBook.img/5130101/reward/36
String	protect	ARRAY: append would duplicate an existing entry	String.wz/MonsterBook.img/5130102/reward/34
String	protect	ARRAY: gap after an earlier refusal	String.wz/MonsterBook.img/5130102/reward/35
String	protect	ARRAY: gap after an earlier refusal	String.wz/MonsterBook.img/5130102/reward/36
String	protect	ARRAY: gap after an earlier refusal	String.wz/MonsterBook.img/5130102/reward/37
String	protect	ARRAY: gap after an earlier refusal	String.wz/MonsterBook.img/5130102/reward/38
String	protect	ARRAY: append would duplicate an existing entry	String.wz/MonsterBook.img/5130103/reward/29
String	protect	ARRAY: gap after an earlier refusal	String.wz/MonsterBook.img/5130103/reward/30
String	protect	ARRAY: append would duplicate an existing entry	String.wz/MonsterBook.img/5130104/reward/35
String	protect	ARRAY: gap after an earlier refusal	String.wz/MonsterBook.img/5130104/reward/36
String	protect	ARRAY: gap after an earlier refusal	String.wz/MonsterBook.img/5130104/reward/37
String	protect	ARRAY: gap after an earlier refusal	String.wz/MonsterBook.img/5130104/reward/38
String	protect	ARRAY: gap after an earlier refusal	String.wz/MonsterBook.img/5130104/reward/39
String	protect	ARRAY: append would duplicate an existing entry	String.wz/MonsterBook.img/5130105/reward/33
String	protect	ARRAY: append would duplicate an existing entry	String.wz/MonsterBook.img/5130107/reward/34
String	protect	ARRAY: gap after an earlier refusal	String.wz/MonsterBook.img/5130107/reward/35
String	protect	ARRAY: gap after an earlier refusal	String.wz/MonsterBook.img/5130107/reward/36
String	protect	ARRAY: gap after an earlier refusal	String.wz/MonsterBook.img/5130107/reward/37
String	protect	ARRAY: gap after an earlier refusal	String.wz/MonsterBook.img/5130107/reward/38
String	protect	ARRAY: gap after an earlier refusal	String.wz/MonsterBook.img/5130107/reward/39
String	protect	ARRAY: append would duplicate an existing entry	String.wz/MonsterBook.img/5130108/reward/34
String	protect	ARRAY: gap after an earlier refusal	String.wz/MonsterBook.img/5130108/reward/35
String	protect	ARRAY: gap after an earlier refusal	String.wz/MonsterBook.img/5130108/reward/36
String	protect	ARRAY: append would duplicate an existing entry	String.wz/MonsterBook.img/5140000/reward/40
String	protect	ARRAY: gap after an earlier refusal	String.wz/MonsterBook.img/5140000/reward/41
String	protect	ARRAY: gap after an earlier refusal	String.wz/MonsterBook.img/5140000/reward/42
String	protect	ARRAY: gap after an earlier refusal	String.wz/MonsterBook.img/5140000/reward/43
String	protect	ARRAY: append would duplicate an existing entry	String.wz/MonsterBook.img/5150000/reward/31
String	protect	ARRAY: gap after an earlier refusal	String.wz/MonsterBook.img/5150000/reward/32
String	protect	ARRAY: gap after an earlier refusal	String.wz/MonsterBook.img/5150000/reward/33
String	protect	ARRAY: gap after an earlier refusal	String.wz/MonsterBook.img/5150000/reward/34
String	protect	ARRAY: append would duplicate an existing entry	String.wz/MonsterBook.img/5150001/reward/30
String	protect	ARRAY: gap after an earlier refusal	String.wz/MonsterBook.img/5150001/reward/31
String	protect	ARRAY: append would duplicate an existing entry	String.wz/MonsterBook.img/5200000/reward/19
String	protect	ARRAY: gap after an earlier refusal	String.wz/MonsterBook.img/5200000/reward/20
String	protect	ARRAY: gap after an earlier refusal	String.wz/MonsterBook.img/5200000/reward/21
String	protect	ARRAY: gap after an earlier refusal	String.wz/MonsterBook.img/5200000/reward/22
String	protect	ARRAY: gap after an earlier refusal	String.wz/MonsterBook.img/5200000/reward/23
String	protect	ARRAY: gap after an earlier refusal	String.wz/MonsterBook.img/5200000/reward/24
String	protect	ARRAY: gap after an earlier refusal	String.wz/MonsterBook.img/5200000/reward/25
String	protect	ARRAY: append would duplicate an existing entry	String.wz/MonsterBook.img/5200001/reward/19
String	protect	ARRAY: gap after an earlier refusal	String.wz/MonsterBook.img/5200001/reward/20
String	protect	ARRAY: gap after an earlier refusal	String.wz/MonsterBook.img/5200001/reward/21
String	protect	ARRAY: gap after an earlier refusal	String.wz/MonsterBook.img/5200001/reward/22
String	protect	ARRAY: append would duplicate an existing entry	String.wz/MonsterBook.img/5200002/reward/21
String	protect	ARRAY: gap after an earlier refusal	String.wz/MonsterBook.img/5200002/reward/22
String	protect	ARRAY: append would duplicate an existing entry	String.wz/MonsterBook.img/5220000/reward/50
String	protect	ARRAY: gap after an earlier refusal	String.wz/MonsterBook.img/5220000/reward/51
String	protect	ARRAY: gap after an earlier refusal	String.wz/MonsterBook.img/5220000/reward/52
String	protect	ARRAY: append would duplicate an existing entry	String.wz/MonsterBook.img/5220002/reward/48
String	protect	ARRAY: gap after an earlier refusal	String.wz/MonsterBook.img/5220002/reward/49
String	protect	ARRAY: gap after an earlier refusal	String.wz/MonsterBook.img/5220002/reward/50
String	protect	ARRAY: gap after an earlier refusal	String.wz/MonsterBook.img/5220002/reward/51
String	protect	ARRAY: gap after an earlier refusal	String.wz/MonsterBook.img/5220002/reward/52
String	protect	ARRAY: gap after an earlier refusal	String.wz/MonsterBook.img/5220002/reward/53
String	protect	ARRAY: append would duplicate an existing entry	String.wz/MonsterBook.img/5220003/reward/53
String	protect	ARRAY: gap after an earlier refusal	String.wz/MonsterBook.img/5220003/reward/54
String	protect	ARRAY: gap after an earlier refusal	String.wz/MonsterBook.img/5220003/reward/55
String	protect	ARRAY: gap after an earlier refusal	String.wz/MonsterBook.img/5220003/reward/56
String	protect	ARRAY: gap after an earlier refusal	String.wz/MonsterBook.img/5220003/reward/57
String	protect	ARRAY: gap after an earlier refusal	String.wz/MonsterBook.img/5220003/reward/58
String	protect	ARRAY: gap after an earlier refusal	String.wz/MonsterBook.img/5220003/reward/59
String	protect	ARRAY: append would duplicate an existing entry	String.wz/MonsterBook.img/5250000/reward/17
String	protect	ARRAY: gap after an earlier refusal	String.wz/MonsterBook.img/5250000/reward/18
String	protect	ARRAY: append would duplicate an existing entry	String.wz/MonsterBook.img/5250002/reward/18
String	protect	ARRAY: gap after an earlier refusal	String.wz/MonsterBook.img/5250002/reward/19
String	protect	ARRAY: append would duplicate an existing entry	String.wz/MonsterBook.img/5300000/reward/31
String	protect	ARRAY: gap after an earlier refusal	String.wz/MonsterBook.img/5300000/reward/32
String	protect	ARRAY: gap after an earlier refusal	String.wz/MonsterBook.img/5300000/reward/33
String	protect	ARRAY: append would duplicate an existing entry	String.wz/MonsterBook.img/5300001/reward/26
String	protect	ARRAY: append would duplicate an existing entry	String.wz/MonsterBook.img/5300100/reward/30
String	protect	ARRAY: gap after an earlier refusal	String.wz/MonsterBook.img/5300100/reward/31
String	protect	ARRAY: gap after an earlier refusal	String.wz/MonsterBook.img/5300100/reward/32
String	protect	ARRAY: gap after an earlier refusal	String.wz/MonsterBook.img/5300100/reward/33
String	protect	ARRAY: gap after an earlier refusal	String.wz/MonsterBook.img/5300100/reward/34
String	protect	ARRAY: gap after an earlier refusal	String.wz/MonsterBook.img/5300100/reward/35
String	protect	ARRAY: append would duplicate an existing entry	String.wz/MonsterBook.img/5400000/reward/33
String	protect	ARRAY: gap after an earlier refusal	String.wz/MonsterBook.img/5400000/reward/34
String	protect	ARRAY: gap after an earlier refusal	String.wz/MonsterBook.img/5400000/reward/35
String	protect	ARRAY: gap after an earlier refusal	String.wz/MonsterBook.img/5400000/reward/36
String	protect	ARRAY: gap after an earlier refusal	String.wz/MonsterBook.img/5400000/reward/37
String	protect	ARRAY: append would duplicate an existing entry	String.wz/MonsterBook.img/6090000/reward/8
String	protect	ARRAY: append would duplicate an existing entry	String.wz/MonsterBook.img/6090001/reward/9
String	protect	ARRAY: append would duplicate an existing entry	String.wz/MonsterBook.img/6090003/reward/8
String	protect	ARRAY: append would duplicate an existing entry	String.wz/MonsterBook.img/6090004/reward/8
String	protect	ARRAY: append would duplicate an existing entry	String.wz/MonsterBook.img/6110300/reward/35
String	protect	ARRAY: gap after an earlier refusal	String.wz/MonsterBook.img/6110300/reward/36
String	protect	ARRAY: gap after an earlier refusal	String.wz/MonsterBook.img/6110300/reward/37
String	protect	ARRAY: gap after an earlier refusal	String.wz/MonsterBook.img/6110300/reward/38
String	protect	ARRAY: gap after an earlier refusal	String.wz/MonsterBook.img/6110300/reward/39
String	protect	ARRAY: append would duplicate an existing entry	String.wz/MonsterBook.img/6110301/reward/28
String	protect	ARRAY: gap after an earlier refusal	String.wz/MonsterBook.img/6110301/reward/29
String	protect	ARRAY: gap after an earlier refusal	String.wz/MonsterBook.img/6110301/reward/30
String	protect	ARRAY: gap after an earlier refusal	String.wz/MonsterBook.img/6110301/reward/31
String	protect	ARRAY: append would duplicate an existing entry	String.wz/MonsterBook.img/6130100/reward/38
String	protect	ARRAY: gap after an earlier refusal	String.wz/MonsterBook.img/6130100/reward/39
String	protect	ARRAY: gap after an earlier refusal	String.wz/MonsterBook.img/6130100/reward/40
String	protect	ARRAY: gap after an earlier refusal	String.wz/MonsterBook.img/6130100/reward/41
String	protect	ARRAY: gap after an earlier refusal	String.wz/MonsterBook.img/6130100/reward/42
String	protect	ARRAY: gap after an earlier refusal	String.wz/MonsterBook.img/6130100/reward/43
String	protect	ARRAY: gap after an earlier refusal	String.wz/MonsterBook.img/6130100/reward/44
String	protect	ARRAY: gap after an earlier refusal	String.wz/MonsterBook.img/6130100/reward/45
String	protect	ARRAY: gap after an earlier refusal	String.wz/MonsterBook.img/6130100/reward/46
String	protect	ARRAY: gap after an earlier refusal	String.wz/MonsterBook.img/6130100/reward/47
String	protect	ARRAY: append would duplicate an existing entry	String.wz/MonsterBook.img/6130101/reward/26
String	protect	ARRAY: gap after an earlier refusal	String.wz/MonsterBook.img/6130101/reward/27
String	protect	ARRAY: gap after an earlier refusal	String.wz/MonsterBook.img/6130101/reward/28
String	protect	ARRAY: gap after an earlier refusal	String.wz/MonsterBook.img/6130101/reward/29
String	protect	ARRAY: gap after an earlier refusal	String.wz/MonsterBook.img/6130101/reward/30
String	protect	ARRAY: gap after an earlier refusal	String.wz/MonsterBook.img/6130101/reward/31
String	protect	ARRAY: append would duplicate an existing entry	String.wz/MonsterBook.img/6130200/reward/39
String	protect	ARRAY: gap after an earlier refusal	String.wz/MonsterBook.img/6130200/reward/40
String	protect	ARRAY: gap after an earlier refusal	String.wz/MonsterBook.img/6130200/reward/41
String	protect	ARRAY: gap after an earlier refusal	String.wz/MonsterBook.img/6130200/reward/42
String	protect	ARRAY: append would duplicate an existing entry	String.wz/MonsterBook.img/6130203/reward/26
String	protect	ARRAY: gap after an earlier refusal	String.wz/MonsterBook.img/6130203/reward/27
String	protect	ARRAY: append would duplicate an existing entry	String.wz/MonsterBook.img/6130204/reward/32
String	protect	ARRAY: gap after an earlier refusal	String.wz/MonsterBook.img/6130204/reward/33
String	protect	ARRAY: append would duplicate an existing entry	String.wz/MonsterBook.img/6130207/reward/24
String	protect	ARRAY: append would duplicate an existing entry	String.wz/MonsterBook.img/6130208/reward/26
String	protect	ARRAY: gap after an earlier refusal	String.wz/MonsterBook.img/6130208/reward/27
String	protect	ARRAY: gap after an earlier refusal	String.wz/MonsterBook.img/6130208/reward/28
String	protect	ARRAY: append would duplicate an existing entry	String.wz/MonsterBook.img/6130209/reward/24
String	protect	ARRAY: gap after an earlier refusal	String.wz/MonsterBook.img/6130209/reward/25
String	protect	ARRAY: gap after an earlier refusal	String.wz/MonsterBook.img/6130209/reward/26
String	protect	ARRAY: gap after an earlier refusal	String.wz/MonsterBook.img/6130209/reward/27
String	protect	ARRAY: gap after an earlier refusal	String.wz/MonsterBook.img/6130209/reward/28
String	protect	ARRAY: gap after an earlier refusal	String.wz/MonsterBook.img/6130209/reward/29
String	protect	ARRAY: gap after an earlier refusal	String.wz/MonsterBook.img/6130209/reward/30
String	protect	ARRAY: append would duplicate an existing entry	String.wz/MonsterBook.img/6220000/reward/46
String	protect	ARRAY: gap after an earlier refusal	String.wz/MonsterBook.img/6220000/reward/47
String	protect	ARRAY: gap after an earlier refusal	String.wz/MonsterBook.img/6220000/reward/48
String	protect	ARRAY: gap after an earlier refusal	String.wz/MonsterBook.img/6220000/reward/49
String	protect	ARRAY: gap after an earlier refusal	String.wz/MonsterBook.img/6220000/reward/50
String	protect	ARRAY: append would duplicate an existing entry	String.wz/MonsterBook.img/6220001/reward/29
String	protect	ARRAY: gap after an earlier refusal	String.wz/MonsterBook.img/6220001/reward/30
String	protect	ARRAY: gap after an earlier refusal	String.wz/MonsterBook.img/6220001/reward/31
String	protect	ARRAY: gap after an earlier refusal	String.wz/MonsterBook.img/6220001/reward/32
String	protect	ARRAY: gap after an earlier refusal	String.wz/MonsterBook.img/6220001/reward/33
String	protect	ARRAY: gap after an earlier refusal	String.wz/MonsterBook.img/6220001/reward/34
String	protect	ARRAY: gap after an earlier refusal	String.wz/MonsterBook.img/6220001/reward/35
String	protect	ARRAY: gap after an earlier refusal	String.wz/MonsterBook.img/6220001/reward/36
String	protect	ARRAY: append would duplicate an existing entry	String.wz/MonsterBook.img/6230100/reward/41
String	protect	ARRAY: gap after an earlier refusal	String.wz/MonsterBook.img/6230100/reward/42
String	protect	ARRAY: gap after an earlier refusal	String.wz/MonsterBook.img/6230100/reward/43
String	protect	ARRAY: gap after an earlier refusal	String.wz/MonsterBook.img/6230100/reward/44
String	protect	ARRAY: gap after an earlier refusal	String.wz/MonsterBook.img/6230100/reward/45
String	protect	ARRAY: gap after an earlier refusal	String.wz/MonsterBook.img/6230100/reward/46
String	protect	ARRAY: gap after an earlier refusal	String.wz/MonsterBook.img/6230100/reward/47
String	protect	ARRAY: gap after an earlier refusal	String.wz/MonsterBook.img/6230100/reward/48
String	protect	ARRAY: append would duplicate an existing entry	String.wz/MonsterBook.img/6230300/reward/36
String	protect	ARRAY: gap after an earlier refusal	String.wz/MonsterBook.img/6230300/reward/37
String	protect	ARRAY: gap after an earlier refusal	String.wz/MonsterBook.img/6230300/reward/38
String	protect	ARRAY: gap after an earlier refusal	String.wz/MonsterBook.img/6230300/reward/39
String	protect	ARRAY: gap after an earlier refusal	String.wz/MonsterBook.img/6230300/reward/40
String	protect	ARRAY: gap after an earlier refusal	String.wz/MonsterBook.img/6230300/reward/41
String	protect	ARRAY: gap after an earlier refusal	String.wz/MonsterBook.img/6230300/reward/42
String	protect	ARRAY: gap after an earlier refusal	String.wz/MonsterBook.img/6230300/reward/43
String	protect	ARRAY: append would duplicate an existing entry	String.wz/MonsterBook.img/6230400/reward/44
String	protect	ARRAY: gap after an earlier refusal	String.wz/MonsterBook.img/6230400/reward/45
String	protect	ARRAY: gap after an earlier refusal	String.wz/MonsterBook.img/6230400/reward/46
String	protect	ARRAY: gap after an earlier refusal	String.wz/MonsterBook.img/6230400/reward/47
String	protect	ARRAY: gap after an earlier refusal	String.wz/MonsterBook.img/6230400/reward/48
String	protect	ARRAY: gap after an earlier refusal	String.wz/MonsterBook.img/6230400/reward/49
String	protect	ARRAY: gap after an earlier refusal	String.wz/MonsterBook.img/6230400/reward/50
String	protect	ARRAY: gap after an earlier refusal	String.wz/MonsterBook.img/6230400/reward/51
String	protect	ARRAY: gap after an earlier refusal	String.wz/MonsterBook.img/6230400/reward/52
String	protect	ARRAY: gap after an earlier refusal	String.wz/MonsterBook.img/6230400/reward/53
String	protect	ARRAY: gap after an earlier refusal	String.wz/MonsterBook.img/6230400/reward/54
String	protect	ARRAY: gap after an earlier refusal	String.wz/MonsterBook.img/6230400/reward/55
String	protect	ARRAY: append would duplicate an existing entry	String.wz/MonsterBook.img/6230401/reward/10
String	protect	ARRAY: append would duplicate an existing entry	String.wz/MonsterBook.img/6230401/reward/8
String	protect	ARRAY: gap after an earlier refusal	String.wz/MonsterBook.img/6230401/reward/9
String	protect	ARRAY: append would duplicate an existing entry	String.wz/MonsterBook.img/6230500/reward/32
String	protect	ARRAY: gap after an earlier refusal	String.wz/MonsterBook.img/6230500/reward/33
String	protect	ARRAY: gap after an earlier refusal	String.wz/MonsterBook.img/6230500/reward/34
String	protect	ARRAY: gap after an earlier refusal	String.wz/MonsterBook.img/6230500/reward/35
String	protect	ARRAY: gap after an earlier refusal	String.wz/MonsterBook.img/6230500/reward/36
String	protect	ARRAY: gap after an earlier refusal	String.wz/MonsterBook.img/6230500/reward/37
String	protect	ARRAY: append would duplicate an existing entry	String.wz/MonsterBook.img/6230600/reward/37
String	protect	ARRAY: gap after an earlier refusal	String.wz/MonsterBook.img/6230600/reward/38
String	protect	ARRAY: gap after an earlier refusal	String.wz/MonsterBook.img/6230600/reward/39
String	protect	ARRAY: gap after an earlier refusal	String.wz/MonsterBook.img/6230600/reward/40
String	protect	ARRAY: gap after an earlier refusal	String.wz/MonsterBook.img/6230600/reward/41
String	protect	ARRAY: append would duplicate an existing entry	String.wz/MonsterBook.img/6230601/reward/34
String	protect	ARRAY: gap after an earlier refusal	String.wz/MonsterBook.img/6230601/reward/35
String	protect	ARRAY: gap after an earlier refusal	String.wz/MonsterBook.img/6230601/reward/36
String	protect	ARRAY: gap after an earlier refusal	String.wz/MonsterBook.img/6230601/reward/37
String	protect	ARRAY: gap after an earlier refusal	String.wz/MonsterBook.img/6230601/reward/38
String	protect	ARRAY: gap after an earlier refusal	String.wz/MonsterBook.img/6230601/reward/39
String	protect	ARRAY: gap after an earlier refusal	String.wz/MonsterBook.img/6230601/reward/40
String	protect	ARRAY: gap after an earlier refusal	String.wz/MonsterBook.img/6230601/reward/41
String	protect	ARRAY: gap after an earlier refusal	String.wz/MonsterBook.img/6230601/reward/42
String	protect	ARRAY: gap after an earlier refusal	String.wz/MonsterBook.img/6230601/reward/43
String	protect	ARRAY: append would duplicate an existing entry	String.wz/MonsterBook.img/6230602/reward/35
String	protect	ARRAY: gap after an earlier refusal	String.wz/MonsterBook.img/6230602/reward/36
String	protect	ARRAY: gap after an earlier refusal	String.wz/MonsterBook.img/6230602/reward/37
String	protect	ARRAY: gap after an earlier refusal	String.wz/MonsterBook.img/6230602/reward/38
String	protect	ARRAY: gap after an earlier refusal	String.wz/MonsterBook.img/6230602/reward/39
String	protect	ARRAY: gap after an earlier refusal	String.wz/MonsterBook.img/6230602/reward/40
String	protect	ARRAY: append would duplicate an existing entry	String.wz/MonsterBook.img/6300000/reward/27
String	protect	ARRAY: gap after an earlier refusal	String.wz/MonsterBook.img/6300000/reward/28
String	protect	ARRAY: gap after an earlier refusal	String.wz/MonsterBook.img/6300000/reward/29
String	protect	ARRAY: gap after an earlier refusal	String.wz/MonsterBook.img/6300000/reward/30
String	protect	ARRAY: gap after an earlier refusal	String.wz/MonsterBook.img/6300000/reward/31
String	protect	ARRAY: gap after an earlier refusal	String.wz/MonsterBook.img/6300000/reward/32
String	protect	ARRAY: gap after an earlier refusal	String.wz/MonsterBook.img/6300000/reward/33
String	protect	ARRAY: gap after an earlier refusal	String.wz/MonsterBook.img/6300000/reward/34
String	protect	ARRAY: gap after an earlier refusal	String.wz/MonsterBook.img/6300000/reward/35
String	protect	ARRAY: append would duplicate an existing entry	String.wz/MonsterBook.img/6300005/reward/26
String	protect	ARRAY: gap after an earlier refusal	String.wz/MonsterBook.img/6300005/reward/27
String	protect	ARRAY: gap after an earlier refusal	String.wz/MonsterBook.img/6300005/reward/28
String	protect	ARRAY: gap after an earlier refusal	String.wz/MonsterBook.img/6300005/reward/29
String	protect	ARRAY: gap after an earlier refusal	String.wz/MonsterBook.img/6300005/reward/30
String	protect	ARRAY: gap after an earlier refusal	String.wz/MonsterBook.img/6300005/reward/31
String	protect	ARRAY: gap after an earlier refusal	String.wz/MonsterBook.img/6300005/reward/32
String	protect	ARRAY: gap after an earlier refusal	String.wz/MonsterBook.img/6300005/reward/33
String	protect	ARRAY: append would duplicate an existing entry	String.wz/MonsterBook.img/6300100/reward/39
String	protect	ARRAY: gap after an earlier refusal	String.wz/MonsterBook.img/6300100/reward/40
String	protect	ARRAY: append would duplicate an existing entry	String.wz/MonsterBook.img/6400000/reward/30
String	protect	ARRAY: gap after an earlier refusal	String.wz/MonsterBook.img/6400000/reward/31
String	protect	ARRAY: gap after an earlier refusal	String.wz/MonsterBook.img/6400000/reward/32
String	protect	ARRAY: gap after an earlier refusal	String.wz/MonsterBook.img/6400000/reward/33
String	protect	ARRAY: gap after an earlier refusal	String.wz/MonsterBook.img/6400000/reward/34
String	protect	ARRAY: gap after an earlier refusal	String.wz/MonsterBook.img/6400000/reward/35
String	protect	ARRAY: append would duplicate an existing entry	String.wz/MonsterBook.img/6400100/reward/41
String	protect	ARRAY: gap after an earlier refusal	String.wz/MonsterBook.img/6400100/reward/42
String	protect	ARRAY: gap after an earlier refusal	String.wz/MonsterBook.img/6400100/reward/43
String	protect	ARRAY: gap after an earlier refusal	String.wz/MonsterBook.img/6400100/reward/44
String	protect	ARRAY: append would duplicate an existing entry	String.wz/MonsterBook.img/7090000/reward/21
String	protect	ARRAY: append would duplicate an existing entry	String.wz/MonsterBook.img/7110300/reward/39
String	protect	ARRAY: append would duplicate an existing entry	String.wz/MonsterBook.img/7110301/reward/37
String	protect	ARRAY: gap after an earlier refusal	String.wz/MonsterBook.img/7110301/reward/38
String	protect	ARRAY: gap after an earlier refusal	String.wz/MonsterBook.img/7110301/reward/39
String	protect	ARRAY: gap after an earlier refusal	String.wz/MonsterBook.img/7110301/reward/40
String	protect	ARRAY: gap after an earlier refusal	String.wz/MonsterBook.img/7110301/reward/41
String	protect	ARRAY: gap after an earlier refusal	String.wz/MonsterBook.img/7110301/reward/42
String	protect	ARRAY: gap after an earlier refusal	String.wz/MonsterBook.img/7110301/reward/43
String	protect	ARRAY: gap after an earlier refusal	String.wz/MonsterBook.img/7110301/reward/44
String	protect	ARRAY: append would duplicate an existing entry	String.wz/MonsterBook.img/7130000/reward/39
String	protect	ARRAY: gap after an earlier refusal	String.wz/MonsterBook.img/7130000/reward/40
String	protect	ARRAY: append would duplicate an existing entry	String.wz/MonsterBook.img/7130002/reward/27
String	protect	ARRAY: append would duplicate an existing entry	String.wz/MonsterBook.img/7130003/reward/26
String	protect	ARRAY: gap after an earlier refusal	String.wz/MonsterBook.img/7130003/reward/27
String	protect	ARRAY: append would duplicate an existing entry	String.wz/MonsterBook.img/7130004/reward/20
String	protect	ARRAY: gap after an earlier refusal	String.wz/MonsterBook.img/7130004/reward/21
String	protect	ARRAY: gap after an earlier refusal	String.wz/MonsterBook.img/7130004/reward/22
String	protect	ARRAY: append would duplicate an existing entry	String.wz/MonsterBook.img/7130010/reward/45
String	protect	ARRAY: gap after an earlier refusal	String.wz/MonsterBook.img/7130010/reward/46
String	protect	ARRAY: gap after an earlier refusal	String.wz/MonsterBook.img/7130010/reward/47
String	protect	ARRAY: append would duplicate an existing entry	String.wz/MonsterBook.img/7130020/reward/36
String	protect	ARRAY: gap after an earlier refusal	String.wz/MonsterBook.img/7130020/reward/37
String	protect	ARRAY: append would duplicate an existing entry	String.wz/MonsterBook.img/7130100/reward/34
String	protect	ARRAY: gap after an earlier refusal	String.wz/MonsterBook.img/7130100/reward/35
String	protect	ARRAY: gap after an earlier refusal	String.wz/MonsterBook.img/7130100/reward/36
String	protect	ARRAY: gap after an earlier refusal	String.wz/MonsterBook.img/7130100/reward/37
String	protect	ARRAY: gap after an earlier refusal	String.wz/MonsterBook.img/7130100/reward/38
String	protect	ARRAY: gap after an earlier refusal	String.wz/MonsterBook.img/7130100/reward/39
String	protect	ARRAY: gap after an earlier refusal	String.wz/MonsterBook.img/7130100/reward/40
String	protect	ARRAY: append would duplicate an existing entry	String.wz/MonsterBook.img/7130101/reward/33
String	protect	ARRAY: gap after an earlier refusal	String.wz/MonsterBook.img/7130101/reward/34
String	protect	ARRAY: gap after an earlier refusal	String.wz/MonsterBook.img/7130101/reward/35
String	protect	ARRAY: gap after an earlier refusal	String.wz/MonsterBook.img/7130101/reward/36
String	protect	ARRAY: gap after an earlier refusal	String.wz/MonsterBook.img/7130101/reward/37
String	protect	ARRAY: gap after an earlier refusal	String.wz/MonsterBook.img/7130101/reward/38
String	protect	ARRAY: gap after an earlier refusal	String.wz/MonsterBook.img/7130101/reward/39
String	protect	ARRAY: append would duplicate an existing entry	String.wz/MonsterBook.img/7130103/reward/32
String	protect	ARRAY: gap after an earlier refusal	String.wz/MonsterBook.img/7130103/reward/33
String	protect	ARRAY: gap after an earlier refusal	String.wz/MonsterBook.img/7130103/reward/34
String	protect	ARRAY: append would duplicate an existing entry	String.wz/MonsterBook.img/7130104/reward/29
String	protect	ARRAY: gap after an earlier refusal	String.wz/MonsterBook.img/7130104/reward/30
String	protect	ARRAY: gap after an earlier refusal	String.wz/MonsterBook.img/7130104/reward/31
String	protect	ARRAY: append would duplicate an existing entry	String.wz/MonsterBook.img/7130200/reward/37
String	protect	ARRAY: gap after an earlier refusal	String.wz/MonsterBook.img/7130200/reward/38
String	protect	ARRAY: gap after an earlier refusal	String.wz/MonsterBook.img/7130200/reward/39
String	protect	ARRAY: gap after an earlier refusal	String.wz/MonsterBook.img/7130200/reward/40
String	protect	ARRAY: gap after an earlier refusal	String.wz/MonsterBook.img/7130200/reward/41
String	protect	ARRAY: gap after an earlier refusal	String.wz/MonsterBook.img/7130200/reward/42
String	protect	ARRAY: append would duplicate an existing entry	String.wz/MonsterBook.img/7130300/reward/40
String	protect	ARRAY: append would duplicate an existing entry	String.wz/MonsterBook.img/7130400/reward/24
String	protect	ARRAY: append would duplicate an existing entry	String.wz/MonsterBook.img/7130401/reward/28
String	protect	ARRAY: append would duplicate an existing entry	String.wz/MonsterBook.img/7130402/reward/30
String	protect	ARRAY: append would duplicate an existing entry	String.wz/MonsterBook.img/7130500/reward/29
String	protect	ARRAY: gap after an earlier refusal	String.wz/MonsterBook.img/7130500/reward/30
String	protect	ARRAY: gap after an earlier refusal	String.wz/MonsterBook.img/7130500/reward/31
String	protect	ARRAY: append would duplicate an existing entry	String.wz/MonsterBook.img/7130501/reward/29
String	protect	ARRAY: append would duplicate an existing entry	String.wz/MonsterBook.img/7130600/reward/22
String	protect	ARRAY: append would duplicate an existing entry	String.wz/MonsterBook.img/7130601/reward/25
String	protect	ARRAY: gap after an earlier refusal	String.wz/MonsterBook.img/7130601/reward/26
String	protect	ARRAY: gap after an earlier refusal	String.wz/MonsterBook.img/7130601/reward/27
String	protect	ARRAY: append would duplicate an existing entry	String.wz/MonsterBook.img/7140000/reward/34
String	protect	ARRAY: gap after an earlier refusal	String.wz/MonsterBook.img/7140000/reward/35
String	protect	ARRAY: gap after an earlier refusal	String.wz/MonsterBook.img/7140000/reward/36
String	protect	ARRAY: gap after an earlier refusal	String.wz/MonsterBook.img/7140000/reward/37
String	protect	ARRAY: gap after an earlier refusal	String.wz/MonsterBook.img/7140000/reward/38
String	protect	ARRAY: gap after an earlier refusal	String.wz/MonsterBook.img/7140000/reward/39
String	protect	ARRAY: append would duplicate an existing entry	String.wz/MonsterBook.img/7160000/reward/41
String	protect	ARRAY: gap after an earlier refusal	String.wz/MonsterBook.img/7160000/reward/42
String	protect	ARRAY: gap after an earlier refusal	String.wz/MonsterBook.img/7160000/reward/43
String	protect	ARRAY: gap after an earlier refusal	String.wz/MonsterBook.img/7160000/reward/44
String	protect	ARRAY: gap after an earlier refusal	String.wz/MonsterBook.img/7160000/reward/45
String	protect	ARRAY: gap after an earlier refusal	String.wz/MonsterBook.img/7160000/reward/46
String	protect	ARRAY: gap after an earlier refusal	String.wz/MonsterBook.img/7160000/reward/47
String	protect	ARRAY: gap after an earlier refusal	String.wz/MonsterBook.img/7160000/reward/48
String	protect	ARRAY: append would duplicate an existing entry	String.wz/MonsterBook.img/7220000/reward/54
String	protect	ARRAY: gap after an earlier refusal	String.wz/MonsterBook.img/7220000/reward/55
String	protect	ARRAY: gap after an earlier refusal	String.wz/MonsterBook.img/7220000/reward/56
String	protect	ARRAY: gap after an earlier refusal	String.wz/MonsterBook.img/7220000/reward/57
String	protect	ARRAY: gap after an earlier refusal	String.wz/MonsterBook.img/7220000/reward/58
String	protect	ARRAY: gap after an earlier refusal	String.wz/MonsterBook.img/7220000/reward/59
String	protect	ARRAY: append would duplicate an existing entry	String.wz/MonsterBook.img/7220001/reward/58
String	protect	ARRAY: gap after an earlier refusal	String.wz/MonsterBook.img/7220001/reward/59
String	protect	ARRAY: gap after an earlier refusal	String.wz/MonsterBook.img/7220001/reward/60
String	protect	ARRAY: gap after an earlier refusal	String.wz/MonsterBook.img/7220001/reward/61
String	protect	ARRAY: gap after an earlier refusal	String.wz/MonsterBook.img/7220001/reward/62
String	protect	ARRAY: gap after an earlier refusal	String.wz/MonsterBook.img/7220001/reward/63
String	protect	ARRAY: append would duplicate an existing entry	String.wz/MonsterBook.img/7220002/reward/48
String	protect	ARRAY: gap after an earlier refusal	String.wz/MonsterBook.img/7220002/reward/49
String	protect	ARRAY: gap after an earlier refusal	String.wz/MonsterBook.img/7220002/reward/50
String	protect	ARRAY: gap after an earlier refusal	String.wz/MonsterBook.img/7220002/reward/51
String	protect	ARRAY: gap after an earlier refusal	String.wz/MonsterBook.img/7220002/reward/52
String	protect	ARRAY: append would duplicate an existing entry	String.wz/MonsterBook.img/8090000/reward/21
String	protect	ARRAY: append would duplicate an existing entry	String.wz/MonsterBook.img/8110300/reward/28
String	protect	ARRAY: gap after an earlier refusal	String.wz/MonsterBook.img/8110300/reward/29
String	protect	ARRAY: append would duplicate an existing entry	String.wz/MonsterBook.img/8130100/reward/40
String	protect	ARRAY: gap after an earlier refusal	String.wz/MonsterBook.img/8130100/reward/41
String	protect	ARRAY: gap after an earlier refusal	String.wz/MonsterBook.img/8130100/reward/42
String	protect	ARRAY: gap after an earlier refusal	String.wz/MonsterBook.img/8130100/reward/43
String	protect	ARRAY: gap after an earlier refusal	String.wz/MonsterBook.img/8130100/reward/44
String	protect	ARRAY: gap after an earlier refusal	String.wz/MonsterBook.img/8130100/reward/45
String	protect	ARRAY: append would duplicate an existing entry	String.wz/MonsterBook.img/8140000/reward/39
String	protect	ARRAY: append would duplicate an existing entry	String.wz/MonsterBook.img/8140001/reward/30
String	protect	ARRAY: gap after an earlier refusal	String.wz/MonsterBook.img/8140001/reward/31
String	protect	ARRAY: gap after an earlier refusal	String.wz/MonsterBook.img/8140001/reward/32
String	protect	ARRAY: append would duplicate an existing entry	String.wz/MonsterBook.img/8140002/reward/32
String	protect	ARRAY: append would duplicate an existing entry	String.wz/MonsterBook.img/8140101/reward/30
String	protect	ARRAY: gap after an earlier refusal	String.wz/MonsterBook.img/8140101/reward/31
String	protect	ARRAY: append would duplicate an existing entry	String.wz/MonsterBook.img/8140102/reward/34
String	protect	ARRAY: gap after an earlier refusal	String.wz/MonsterBook.img/8140102/reward/35
String	protect	ARRAY: gap after an earlier refusal	String.wz/MonsterBook.img/8140102/reward/36
String	protect	ARRAY: gap after an earlier refusal	String.wz/MonsterBook.img/8140102/reward/37
String	protect	ARRAY: append would duplicate an existing entry	String.wz/MonsterBook.img/8140103/reward/33
String	protect	ARRAY: gap after an earlier refusal	String.wz/MonsterBook.img/8140103/reward/34
String	protect	ARRAY: gap after an earlier refusal	String.wz/MonsterBook.img/8140103/reward/35
String	protect	ARRAY: gap after an earlier refusal	String.wz/MonsterBook.img/8140103/reward/36
String	protect	ARRAY: append would duplicate an existing entry	String.wz/MonsterBook.img/8140110/reward/23
String	protect	ARRAY: gap after an earlier refusal	String.wz/MonsterBook.img/8140110/reward/24
String	protect	ARRAY: gap after an earlier refusal	String.wz/MonsterBook.img/8140110/reward/25
String	protect	ARRAY: gap after an earlier refusal	String.wz/MonsterBook.img/8140110/reward/26
String	protect	ARRAY: gap after an earlier refusal	String.wz/MonsterBook.img/8140110/reward/27
String	protect	ARRAY: gap after an earlier refusal	String.wz/MonsterBook.img/8140110/reward/28
String	protect	ARRAY: gap after an earlier refusal	String.wz/MonsterBook.img/8140110/reward/29
String	protect	ARRAY: append would duplicate an existing entry	String.wz/MonsterBook.img/8140111/reward/32
String	protect	ARRAY: gap after an earlier refusal	String.wz/MonsterBook.img/8140111/reward/33
String	protect	ARRAY: gap after an earlier refusal	String.wz/MonsterBook.img/8140111/reward/34
String	protect	ARRAY: append would duplicate an existing entry	String.wz/MonsterBook.img/8140200/reward/41
String	protect	ARRAY: gap after an earlier refusal	String.wz/MonsterBook.img/8140200/reward/42
String	protect	ARRAY: gap after an earlier refusal	String.wz/MonsterBook.img/8140200/reward/43
String	protect	ARRAY: append would duplicate an existing entry	String.wz/MonsterBook.img/8140300/reward/41
String	protect	ARRAY: append would duplicate an existing entry	String.wz/MonsterBook.img/8140500/reward/37
String	protect	ARRAY: gap after an earlier refusal	String.wz/MonsterBook.img/8140500/reward/38
String	protect	ARRAY: gap after an earlier refusal	String.wz/MonsterBook.img/8140500/reward/39
String	protect	ARRAY: gap after an earlier refusal	String.wz/MonsterBook.img/8140500/reward/40
String	protect	ARRAY: append would duplicate an existing entry	String.wz/MonsterBook.img/8140600/reward/37
String	protect	ARRAY: gap after an earlier refusal	String.wz/MonsterBook.img/8140600/reward/38
String	protect	ARRAY: gap after an earlier refusal	String.wz/MonsterBook.img/8140600/reward/39
String	protect	ARRAY: append would duplicate an existing entry	String.wz/MonsterBook.img/8140702/reward/28
String	protect	ARRAY: gap after an earlier refusal	String.wz/MonsterBook.img/8140702/reward/29
String	protect	ARRAY: append would duplicate an existing entry	String.wz/MonsterBook.img/8140703/reward/24
String	protect	ARRAY: gap after an earlier refusal	String.wz/MonsterBook.img/8140703/reward/25
String	protect	ARRAY: gap after an earlier refusal	String.wz/MonsterBook.img/8140703/reward/26
String	protect	ARRAY: gap after an earlier refusal	String.wz/MonsterBook.img/8140703/reward/27
String	protect	ARRAY: gap after an earlier refusal	String.wz/MonsterBook.img/8140703/reward/28
String	protect	ARRAY: append would duplicate an existing entry	String.wz/MonsterBook.img/8141000/reward/41
String	protect	ARRAY: gap after an earlier refusal	String.wz/MonsterBook.img/8141000/reward/42
String	protect	ARRAY: gap after an earlier refusal	String.wz/MonsterBook.img/8141000/reward/43
String	protect	ARRAY: gap after an earlier refusal	String.wz/MonsterBook.img/8141000/reward/44
String	protect	ARRAY: gap after an earlier refusal	String.wz/MonsterBook.img/8141000/reward/45
String	protect	ARRAY: gap after an earlier refusal	String.wz/MonsterBook.img/8141000/reward/46
String	protect	ARRAY: gap after an earlier refusal	String.wz/MonsterBook.img/8141000/reward/47
String	protect	ARRAY: append would duplicate an existing entry	String.wz/MonsterBook.img/8141100/reward/38
String	protect	ARRAY: gap after an earlier refusal	String.wz/MonsterBook.img/8141100/reward/39
String	protect	ARRAY: gap after an earlier refusal	String.wz/MonsterBook.img/8141100/reward/40
String	protect	ARRAY: gap after an earlier refusal	String.wz/MonsterBook.img/8141100/reward/41
String	protect	ARRAY: gap after an earlier refusal	String.wz/MonsterBook.img/8141100/reward/42
String	protect	ARRAY: append would duplicate an existing entry	String.wz/MonsterBook.img/8141300/reward/37
String	protect	ARRAY: gap after an earlier refusal	String.wz/MonsterBook.img/8141300/reward/38
String	protect	ARRAY: gap after an earlier refusal	String.wz/MonsterBook.img/8141300/reward/39
String	protect	ARRAY: append would duplicate an existing entry	String.wz/MonsterBook.img/8142000/reward/37
String	protect	ARRAY: gap after an earlier refusal	String.wz/MonsterBook.img/8142000/reward/38
String	protect	ARRAY: append would duplicate an existing entry	String.wz/MonsterBook.img/8142100/reward/37
String	protect	ARRAY: gap after an earlier refusal	String.wz/MonsterBook.img/8142100/reward/38
String	protect	ARRAY: gap after an earlier refusal	String.wz/MonsterBook.img/8142100/reward/39
String	protect	ARRAY: gap after an earlier refusal	String.wz/MonsterBook.img/8142100/reward/40
String	protect	ARRAY: gap after an earlier refusal	String.wz/MonsterBook.img/8142100/reward/41
String	protect	ARRAY: append would duplicate an existing entry	String.wz/MonsterBook.img/8143000/reward/36
String	protect	ARRAY: gap after an earlier refusal	String.wz/MonsterBook.img/8143000/reward/37
String	protect	ARRAY: gap after an earlier refusal	String.wz/MonsterBook.img/8143000/reward/38
String	protect	ARRAY: gap after an earlier refusal	String.wz/MonsterBook.img/8143000/reward/39
String	protect	ARRAY: gap after an earlier refusal	String.wz/MonsterBook.img/8143000/reward/40
String	protect	ARRAY: gap after an earlier refusal	String.wz/MonsterBook.img/8143000/reward/41
String	protect	ARRAY: gap after an earlier refusal	String.wz/MonsterBook.img/8143000/reward/42
String	protect	ARRAY: gap after an earlier refusal	String.wz/MonsterBook.img/8143000/reward/43
String	protect	ARRAY: gap after an earlier refusal	String.wz/MonsterBook.img/8143000/reward/44
String	protect	ARRAY: gap after an earlier refusal	String.wz/MonsterBook.img/8143000/reward/45
String	protect	ARRAY: gap after an earlier refusal	String.wz/MonsterBook.img/8143000/reward/46
String	protect	ARRAY: append would duplicate an existing entry	String.wz/MonsterBook.img/8150000/reward/36
String	protect	ARRAY: gap after an earlier refusal	String.wz/MonsterBook.img/8150000/reward/37
String	protect	ARRAY: gap after an earlier refusal	String.wz/MonsterBook.img/8150000/reward/38
String	protect	ARRAY: gap after an earlier refusal	String.wz/MonsterBook.img/8150000/reward/39
String	protect	ARRAY: gap after an earlier refusal	String.wz/MonsterBook.img/8150000/reward/40
String	protect	ARRAY: gap after an earlier refusal	String.wz/MonsterBook.img/8150000/reward/41
String	protect	ARRAY: gap after an earlier refusal	String.wz/MonsterBook.img/8150000/reward/42
String	protect	ARRAY: gap after an earlier refusal	String.wz/MonsterBook.img/8150000/reward/43
String	protect	ARRAY: append would duplicate an existing entry	String.wz/MonsterBook.img/8150100/reward/33
String	protect	ARRAY: gap after an earlier refusal	String.wz/MonsterBook.img/8150100/reward/34
String	protect	ARRAY: gap after an earlier refusal	String.wz/MonsterBook.img/8150100/reward/35
String	protect	ARRAY: gap after an earlier refusal	String.wz/MonsterBook.img/8150100/reward/36
String	protect	ARRAY: gap after an earlier refusal	String.wz/MonsterBook.img/8150100/reward/37
String	protect	ARRAY: gap after an earlier refusal	String.wz/MonsterBook.img/8150100/reward/38
String	protect	ARRAY: gap after an earlier refusal	String.wz/MonsterBook.img/8150100/reward/39
String	protect	ARRAY: gap after an earlier refusal	String.wz/MonsterBook.img/8150100/reward/40
String	protect	ARRAY: gap after an earlier refusal	String.wz/MonsterBook.img/8150100/reward/41
String	protect	ARRAY: gap after an earlier refusal	String.wz/MonsterBook.img/8150100/reward/42
String	protect	ARRAY: append would duplicate an existing entry	String.wz/MonsterBook.img/8150101/reward/36
String	protect	ARRAY: gap after an earlier refusal	String.wz/MonsterBook.img/8150101/reward/37
String	protect	ARRAY: gap after an earlier refusal	String.wz/MonsterBook.img/8150101/reward/38
String	protect	ARRAY: gap after an earlier refusal	String.wz/MonsterBook.img/8150101/reward/39
String	protect	ARRAY: gap after an earlier refusal	String.wz/MonsterBook.img/8150101/reward/40
String	protect	ARRAY: gap after an earlier refusal	String.wz/MonsterBook.img/8150101/reward/41
String	protect	ARRAY: gap after an earlier refusal	String.wz/MonsterBook.img/8150101/reward/42
String	protect	ARRAY: gap after an earlier refusal	String.wz/MonsterBook.img/8150101/reward/43
String	protect	ARRAY: gap after an earlier refusal	String.wz/MonsterBook.img/8150101/reward/44
String	protect	ARRAY: gap after an earlier refusal	String.wz/MonsterBook.img/8150101/reward/45
String	protect	ARRAY: append would duplicate an existing entry	String.wz/MonsterBook.img/8150200/reward/33
String	protect	ARRAY: gap after an earlier refusal	String.wz/MonsterBook.img/8150200/reward/34
String	protect	ARRAY: append would duplicate an existing entry	String.wz/MonsterBook.img/8150201/reward/42
String	protect	ARRAY: gap after an earlier refusal	String.wz/MonsterBook.img/8150201/reward/43
String	protect	ARRAY: gap after an earlier refusal	String.wz/MonsterBook.img/8150201/reward/44
String	protect	ARRAY: gap after an earlier refusal	String.wz/MonsterBook.img/8150201/reward/45
String	protect	ARRAY: gap after an earlier refusal	String.wz/MonsterBook.img/8150201/reward/46
String	protect	ARRAY: gap after an earlier refusal	String.wz/MonsterBook.img/8150201/reward/47
String	protect	ARRAY: append would duplicate an existing entry	String.wz/MonsterBook.img/8150300/reward/31
String	protect	ARRAY: gap after an earlier refusal	String.wz/MonsterBook.img/8150300/reward/32
String	protect	ARRAY: gap after an earlier refusal	String.wz/MonsterBook.img/8150300/reward/33
String	protect	ARRAY: gap after an earlier refusal	String.wz/MonsterBook.img/8150300/reward/34
String	protect	ARRAY: gap after an earlier refusal	String.wz/MonsterBook.img/8150300/reward/35
String	protect	ARRAY: gap after an earlier refusal	String.wz/MonsterBook.img/8150300/reward/36
String	protect	ARRAY: gap after an earlier refusal	String.wz/MonsterBook.img/8150300/reward/37
String	protect	ARRAY: gap after an earlier refusal	String.wz/MonsterBook.img/8150300/reward/38
String	protect	ARRAY: gap after an earlier refusal	String.wz/MonsterBook.img/8150300/reward/39
String	protect	ARRAY: gap after an earlier refusal	String.wz/MonsterBook.img/8150300/reward/40
String	protect	ARRAY: gap after an earlier refusal	String.wz/MonsterBook.img/8150300/reward/41
String	protect	ARRAY: gap after an earlier refusal	String.wz/MonsterBook.img/8150300/reward/42
String	protect	ARRAY: gap after an earlier refusal	String.wz/MonsterBook.img/8150300/reward/43
String	protect	ARRAY: append would duplicate an existing entry	String.wz/MonsterBook.img/8150301/reward/28
String	protect	ARRAY: gap after an earlier refusal	String.wz/MonsterBook.img/8150301/reward/29
String	protect	ARRAY: gap after an earlier refusal	String.wz/MonsterBook.img/8150301/reward/30
String	protect	ARRAY: gap after an earlier refusal	String.wz/MonsterBook.img/8150301/reward/31
String	protect	ARRAY: gap after an earlier refusal	String.wz/MonsterBook.img/8150301/reward/32
String	protect	ARRAY: gap after an earlier refusal	String.wz/MonsterBook.img/8150301/reward/33
String	protect	ARRAY: gap after an earlier refusal	String.wz/MonsterBook.img/8150301/reward/34
String	protect	ARRAY: gap after an earlier refusal	String.wz/MonsterBook.img/8150301/reward/35
String	protect	ARRAY: gap after an earlier refusal	String.wz/MonsterBook.img/8150301/reward/36
String	protect	ARRAY: gap after an earlier refusal	String.wz/MonsterBook.img/8150301/reward/37
String	protect	ARRAY: gap after an earlier refusal	String.wz/MonsterBook.img/8150301/reward/38
String	protect	ARRAY: append would duplicate an existing entry	String.wz/MonsterBook.img/8150302/reward/37
String	protect	ARRAY: gap after an earlier refusal	String.wz/MonsterBook.img/8150302/reward/38
String	protect	ARRAY: gap after an earlier refusal	String.wz/MonsterBook.img/8150302/reward/39
String	protect	ARRAY: gap after an earlier refusal	String.wz/MonsterBook.img/8150302/reward/40
String	protect	ARRAY: gap after an earlier refusal	String.wz/MonsterBook.img/8150302/reward/41
String	protect	ARRAY: gap after an earlier refusal	String.wz/MonsterBook.img/8150302/reward/42
String	protect	ARRAY: gap after an earlier refusal	String.wz/MonsterBook.img/8150302/reward/43
String	protect	ARRAY: gap after an earlier refusal	String.wz/MonsterBook.img/8150302/reward/44
String	protect	ARRAY: gap after an earlier refusal	String.wz/MonsterBook.img/8150302/reward/45
String	protect	ARRAY: gap after an earlier refusal	String.wz/MonsterBook.img/8150302/reward/46
String	protect	ARRAY: gap after an earlier refusal	String.wz/MonsterBook.img/8150302/reward/47
String	protect	ARRAY: gap after an earlier refusal	String.wz/MonsterBook.img/8150302/reward/48
String	protect	ARRAY: gap after an earlier refusal	String.wz/MonsterBook.img/8150302/reward/49
String	protect	ARRAY: append would duplicate an existing entry	String.wz/MonsterBook.img/8160000/reward/37
String	protect	ARRAY: gap after an earlier refusal	String.wz/MonsterBook.img/8160000/reward/38
String	protect	ARRAY: gap after an earlier refusal	String.wz/MonsterBook.img/8160000/reward/39
String	protect	ARRAY: gap after an earlier refusal	String.wz/MonsterBook.img/8160000/reward/40
String	protect	ARRAY: gap after an earlier refusal	String.wz/MonsterBook.img/8160000/reward/41
String	protect	ARRAY: gap after an earlier refusal	String.wz/MonsterBook.img/8160000/reward/42
String	protect	ARRAY: gap after an earlier refusal	String.wz/MonsterBook.img/8160000/reward/43
String	protect	ARRAY: gap after an earlier refusal	String.wz/MonsterBook.img/8160000/reward/44
String	protect	ARRAY: gap after an earlier refusal	String.wz/MonsterBook.img/8160000/reward/45
String	protect	ARRAY: gap after an earlier refusal	String.wz/MonsterBook.img/8160000/reward/46
String	protect	ARRAY: gap after an earlier refusal	String.wz/MonsterBook.img/8160000/reward/47
String	protect	ARRAY: gap after an earlier refusal	String.wz/MonsterBook.img/8160000/reward/48
String	protect	ARRAY: gap after an earlier refusal	String.wz/MonsterBook.img/8160000/reward/49
String	protect	ARRAY: append would duplicate an existing entry	String.wz/MonsterBook.img/8170000/reward/40
String	protect	ARRAY: gap after an earlier refusal	String.wz/MonsterBook.img/8170000/reward/41
String	protect	ARRAY: gap after an earlier refusal	String.wz/MonsterBook.img/8170000/reward/42
String	protect	ARRAY: gap after an earlier refusal	String.wz/MonsterBook.img/8170000/reward/43
String	protect	ARRAY: gap after an earlier refusal	String.wz/MonsterBook.img/8170000/reward/44
String	protect	ARRAY: gap after an earlier refusal	String.wz/MonsterBook.img/8170000/reward/45
String	protect	ARRAY: gap after an earlier refusal	String.wz/MonsterBook.img/8170000/reward/46
String	protect	ARRAY: gap after an earlier refusal	String.wz/MonsterBook.img/8170000/reward/47
String	protect	ARRAY: gap after an earlier refusal	String.wz/MonsterBook.img/8170000/reward/48
String	protect	ARRAY: gap after an earlier refusal	String.wz/MonsterBook.img/8170000/reward/49
String	protect	ARRAY: gap after an earlier refusal	String.wz/MonsterBook.img/8170000/reward/50
String	protect	ARRAY: gap after an earlier refusal	String.wz/MonsterBook.img/8170000/reward/51
String	protect	ARRAY: append would duplicate an existing entry	String.wz/MonsterBook.img/8180000/reward/60
String	protect	ARRAY: gap after an earlier refusal	String.wz/MonsterBook.img/8180000/reward/61
String	protect	ARRAY: gap after an earlier refusal	String.wz/MonsterBook.img/8180000/reward/62
String	protect	ARRAY: gap after an earlier refusal	String.wz/MonsterBook.img/8180000/reward/63
String	protect	ARRAY: gap after an earlier refusal	String.wz/MonsterBook.img/8180000/reward/64
String	protect	ARRAY: gap after an earlier refusal	String.wz/MonsterBook.img/8180000/reward/65
String	protect	ARRAY: gap after an earlier refusal	String.wz/MonsterBook.img/8180000/reward/66
String	protect	ARRAY: gap after an earlier refusal	String.wz/MonsterBook.img/8180000/reward/67
String	protect	ARRAY: gap after an earlier refusal	String.wz/MonsterBook.img/8180000/reward/68
String	protect	ARRAY: append would duplicate an existing entry	String.wz/MonsterBook.img/8180001/reward/60
String	protect	ARRAY: gap after an earlier refusal	String.wz/MonsterBook.img/8180001/reward/61
String	protect	ARRAY: gap after an earlier refusal	String.wz/MonsterBook.img/8180001/reward/62
String	protect	ARRAY: gap after an earlier refusal	String.wz/MonsterBook.img/8180001/reward/63
String	protect	ARRAY: gap after an earlier refusal	String.wz/MonsterBook.img/8180001/reward/64
String	protect	ARRAY: gap after an earlier refusal	String.wz/MonsterBook.img/8180001/reward/65
String	protect	ARRAY: gap after an earlier refusal	String.wz/MonsterBook.img/8180001/reward/66
String	protect	ARRAY: gap after an earlier refusal	String.wz/MonsterBook.img/8180001/reward/67
String	protect	ARRAY: gap after an earlier refusal	String.wz/MonsterBook.img/8180001/reward/68
String	protect	ARRAY: gap after an earlier refusal	String.wz/MonsterBook.img/8180001/reward/69
String	protect	ARRAY: gap after an earlier refusal	String.wz/MonsterBook.img/8180001/reward/70
String	protect	ARRAY: gap after an earlier refusal	String.wz/MonsterBook.img/8180001/reward/71
String	protect	ARRAY: gap after an earlier refusal	String.wz/MonsterBook.img/8180001/reward/72
String	protect	ARRAY: gap after an earlier refusal	String.wz/MonsterBook.img/8180001/reward/73
String	protect	ARRAY: append would duplicate an existing entry	String.wz/MonsterBook.img/8190000/reward/37
String	protect	ARRAY: gap after an earlier refusal	String.wz/MonsterBook.img/8190000/reward/38
String	protect	ARRAY: gap after an earlier refusal	String.wz/MonsterBook.img/8190000/reward/39
String	protect	ARRAY: gap after an earlier refusal	String.wz/MonsterBook.img/8190000/reward/40
String	protect	ARRAY: gap after an earlier refusal	String.wz/MonsterBook.img/8190000/reward/41
String	protect	ARRAY: gap after an earlier refusal	String.wz/MonsterBook.img/8190000/reward/42
String	protect	ARRAY: append would duplicate an existing entry	String.wz/MonsterBook.img/8190002/reward/35
String	protect	ARRAY: gap after an earlier refusal	String.wz/MonsterBook.img/8190002/reward/36
String	protect	ARRAY: gap after an earlier refusal	String.wz/MonsterBook.img/8190002/reward/37
String	protect	ARRAY: append would duplicate an existing entry	String.wz/MonsterBook.img/8190003/reward/41
String	protect	ARRAY: gap after an earlier refusal	String.wz/MonsterBook.img/8190003/reward/42
String	protect	ARRAY: gap after an earlier refusal	String.wz/MonsterBook.img/8190003/reward/43
String	protect	ARRAY: gap after an earlier refusal	String.wz/MonsterBook.img/8190003/reward/44
String	protect	ARRAY: gap after an earlier refusal	String.wz/MonsterBook.img/8190003/reward/45
String	protect	ARRAY: gap after an earlier refusal	String.wz/MonsterBook.img/8190003/reward/46
String	protect	ARRAY: gap after an earlier refusal	String.wz/MonsterBook.img/8190003/reward/47
String	protect	ARRAY: gap after an earlier refusal	String.wz/MonsterBook.img/8190003/reward/48
String	protect	ARRAY: gap after an earlier refusal	String.wz/MonsterBook.img/8190003/reward/49
String	protect	ARRAY: gap after an earlier refusal	String.wz/MonsterBook.img/8190003/reward/50
String	protect	ARRAY: gap after an earlier refusal	String.wz/MonsterBook.img/8190003/reward/51
String	protect	ARRAY: gap after an earlier refusal	String.wz/MonsterBook.img/8190003/reward/52
String	protect	ARRAY: append would duplicate an existing entry	String.wz/MonsterBook.img/8190004/reward/44
String	protect	ARRAY: gap after an earlier refusal	String.wz/MonsterBook.img/8190004/reward/45
String	protect	ARRAY: gap after an earlier refusal	String.wz/MonsterBook.img/8190004/reward/46
String	protect	ARRAY: gap after an earlier refusal	String.wz/MonsterBook.img/8190004/reward/47
String	protect	ARRAY: gap after an earlier refusal	String.wz/MonsterBook.img/8190004/reward/48
String	protect	ARRAY: gap after an earlier refusal	String.wz/MonsterBook.img/8190004/reward/49
String	protect	ARRAY: gap after an earlier refusal	String.wz/MonsterBook.img/8190004/reward/50
String	protect	ARRAY: append would duplicate an existing entry	String.wz/MonsterBook.img/8200000/reward/21
String	protect	ARRAY: gap after an earlier refusal	String.wz/MonsterBook.img/8200000/reward/22
String	protect	ARRAY: gap after an earlier refusal	String.wz/MonsterBook.img/8200000/reward/23
String	protect	ARRAY: gap after an earlier refusal	String.wz/MonsterBook.img/8200000/reward/24
String	protect	ARRAY: append would duplicate an existing entry	String.wz/MonsterBook.img/8200001/reward/27
String	protect	ARRAY: gap after an earlier refusal	String.wz/MonsterBook.img/8200001/reward/28
String	protect	ARRAY: gap after an earlier refusal	String.wz/MonsterBook.img/8200001/reward/29
String	protect	ARRAY: gap after an earlier refusal	String.wz/MonsterBook.img/8200001/reward/30
String	protect	ARRAY: gap after an earlier refusal	String.wz/MonsterBook.img/8200001/reward/31
String	protect	ARRAY: append would duplicate an existing entry	String.wz/MonsterBook.img/8200002/reward/29
String	protect	ARRAY: gap after an earlier refusal	String.wz/MonsterBook.img/8200002/reward/30
String	protect	ARRAY: append would duplicate an existing entry	String.wz/MonsterBook.img/8200003/reward/27
String	protect	ARRAY: gap after an earlier refusal	String.wz/MonsterBook.img/8200003/reward/28
String	protect	ARRAY: gap after an earlier refusal	String.wz/MonsterBook.img/8200003/reward/29
String	protect	ARRAY: gap after an earlier refusal	String.wz/MonsterBook.img/8200003/reward/30
String	protect	ARRAY: gap after an earlier refusal	String.wz/MonsterBook.img/8200003/reward/31
String	protect	ARRAY: gap after an earlier refusal	String.wz/MonsterBook.img/8200003/reward/32
String	protect	ARRAY: gap after an earlier refusal	String.wz/MonsterBook.img/8200003/reward/33
String	protect	ARRAY: gap after an earlier refusal	String.wz/MonsterBook.img/8200003/reward/34
String	protect	ARRAY: append would duplicate an existing entry	String.wz/MonsterBook.img/8200004/reward/29
String	protect	ARRAY: gap after an earlier refusal	String.wz/MonsterBook.img/8200004/reward/30
String	protect	ARRAY: gap after an earlier refusal	String.wz/MonsterBook.img/8200004/reward/31
String	protect	ARRAY: gap after an earlier refusal	String.wz/MonsterBook.img/8200004/reward/32
String	protect	ARRAY: gap after an earlier refusal	String.wz/MonsterBook.img/8200004/reward/33
String	protect	ARRAY: append would duplicate an existing entry	String.wz/MonsterBook.img/8200005/reward/24
String	protect	ARRAY: gap after an earlier refusal	String.wz/MonsterBook.img/8200005/reward/25
String	protect	ARRAY: gap after an earlier refusal	String.wz/MonsterBook.img/8200005/reward/26
String	protect	ARRAY: append would duplicate an existing entry	String.wz/MonsterBook.img/8200006/reward/27
String	protect	ARRAY: gap after an earlier refusal	String.wz/MonsterBook.img/8200006/reward/28
String	protect	ARRAY: gap after an earlier refusal	String.wz/MonsterBook.img/8200006/reward/29
String	protect	ARRAY: append would duplicate an existing entry	String.wz/MonsterBook.img/8200007/reward/25
String	protect	ARRAY: gap after an earlier refusal	String.wz/MonsterBook.img/8200007/reward/26
String	protect	ARRAY: gap after an earlier refusal	String.wz/MonsterBook.img/8200007/reward/27
String	protect	ARRAY: gap after an earlier refusal	String.wz/MonsterBook.img/8200007/reward/28
String	protect	ARRAY: append would duplicate an existing entry	String.wz/MonsterBook.img/8200009/reward/24
String	protect	ARRAY: gap after an earlier refusal	String.wz/MonsterBook.img/8200009/reward/25
String	protect	ARRAY: gap after an earlier refusal	String.wz/MonsterBook.img/8200009/reward/26
String	protect	ARRAY: gap after an earlier refusal	String.wz/MonsterBook.img/8200009/reward/27
String	protect	ARRAY: append would duplicate an existing entry	String.wz/MonsterBook.img/8200010/reward/23
String	protect	ARRAY: gap after an earlier refusal	String.wz/MonsterBook.img/8200010/reward/24
String	protect	ARRAY: append would duplicate an existing entry	String.wz/MonsterBook.img/8200011/reward/27
String	protect	ARRAY: gap after an earlier refusal	String.wz/MonsterBook.img/8200011/reward/28
String	protect	ARRAY: append would duplicate an existing entry	String.wz/MonsterBook.img/8200012/reward/25
String	protect	ARRAY: gap after an earlier refusal	String.wz/MonsterBook.img/8200012/reward/26
String	protect	ARRAY: gap after an earlier refusal	String.wz/MonsterBook.img/8200012/reward/27
String	protect	ARRAY: gap after an earlier refusal	String.wz/MonsterBook.img/8200012/reward/28
String	protect	ARRAY: append would duplicate an existing entry	String.wz/MonsterBook.img/8220000/reward/55
String	protect	ARRAY: append would duplicate an existing entry	String.wz/MonsterBook.img/8220001/reward/53
String	protect	ARRAY: append would duplicate an existing entry	String.wz/MonsterBook.img/8220002/reward/42
String	protect	ARRAY: gap after an earlier refusal	String.wz/MonsterBook.img/8220002/reward/43
String	protect	ARRAY: gap after an earlier refusal	String.wz/MonsterBook.img/8220002/reward/44
String	protect	ARRAY: gap after an earlier refusal	String.wz/MonsterBook.img/8220002/reward/45
String	protect	ARRAY: gap after an earlier refusal	String.wz/MonsterBook.img/8220002/reward/46
String	protect	ARRAY: append would duplicate an existing entry	String.wz/MonsterBook.img/8220003/reward/36
String	protect	ARRAY: gap after an earlier refusal	String.wz/MonsterBook.img/8220003/reward/37
String	protect	ARRAY: gap after an earlier refusal	String.wz/MonsterBook.img/8220003/reward/38
String	protect	ARRAY: gap after an earlier refusal	String.wz/MonsterBook.img/8220003/reward/39
String	protect	ARRAY: gap after an earlier refusal	String.wz/MonsterBook.img/8220003/reward/40
String	protect	ARRAY: gap after an earlier refusal	String.wz/MonsterBook.img/8220003/reward/41
String	protect	ARRAY: gap after an earlier refusal	String.wz/MonsterBook.img/8220003/reward/42
String	protect	ARRAY: append would duplicate an existing entry	String.wz/MonsterBook.img/8220004/reward/32
String	protect	ARRAY: gap after an earlier refusal	String.wz/MonsterBook.img/8220004/reward/33
String	protect	ARRAY: gap after an earlier refusal	String.wz/MonsterBook.img/8220004/reward/34
String	protect	ARRAY: gap after an earlier refusal	String.wz/MonsterBook.img/8220004/reward/35
String	protect	ARRAY: gap after an earlier refusal	String.wz/MonsterBook.img/8220004/reward/36
String	protect	ARRAY: gap after an earlier refusal	String.wz/MonsterBook.img/8220004/reward/37
String	protect	ARRAY: gap after an earlier refusal	String.wz/MonsterBook.img/8220004/reward/38
String	protect	ARRAY: append would duplicate an existing entry	String.wz/MonsterBook.img/8220005/reward/30
String	protect	ARRAY: gap after an earlier refusal	String.wz/MonsterBook.img/8220005/reward/31
String	protect	ARRAY: gap after an earlier refusal	String.wz/MonsterBook.img/8220005/reward/32
String	protect	ARRAY: gap after an earlier refusal	String.wz/MonsterBook.img/8220005/reward/33
String	protect	ARRAY: append would duplicate an existing entry	String.wz/MonsterBook.img/8220006/reward/33
String	protect	ARRAY: gap after an earlier refusal	String.wz/MonsterBook.img/8220006/reward/34
String	protect	ARRAY: gap after an earlier refusal	String.wz/MonsterBook.img/8220006/reward/35
String	protect	ARRAY: gap after an earlier refusal	String.wz/MonsterBook.img/8220006/reward/36
String	protect	ARRAY: append would duplicate an existing entry	String.wz/MonsterBook.img/8500002/reward/65
String	protect	ARRAY: gap after an earlier refusal	String.wz/MonsterBook.img/8500002/reward/66
String	protect	ARRAY: gap after an earlier refusal	String.wz/MonsterBook.img/8500002/reward/67
String	protect	ARRAY: gap after an earlier refusal	String.wz/MonsterBook.img/8500002/reward/68
String	protect	ARRAY: gap after an earlier refusal	String.wz/MonsterBook.img/8500002/reward/69
String	protect	ARRAY: gap after an earlier refusal	String.wz/MonsterBook.img/8500002/reward/70
String	protect	ARRAY: gap after an earlier refusal	String.wz/MonsterBook.img/8500002/reward/71
String	protect	ARRAY: gap after an earlier refusal	String.wz/MonsterBook.img/8500002/reward/72
String	protect	ARRAY: gap after an earlier refusal	String.wz/MonsterBook.img/8500002/reward/73
String	protect	ARRAY: gap after an earlier refusal	String.wz/MonsterBook.img/8500002/reward/74
String	protect	ARRAY: gap after an earlier refusal	String.wz/MonsterBook.img/8500002/reward/75
String	protect	ARRAY: gap after an earlier refusal	String.wz/MonsterBook.img/8500002/reward/76
String	protect	ARRAY: gap after an earlier refusal	String.wz/MonsterBook.img/8500002/reward/77
String	protect	ARRAY: gap after an earlier refusal	String.wz/MonsterBook.img/8500002/reward/78
String	protect	ARRAY: gap after an earlier refusal	String.wz/MonsterBook.img/8500002/reward/79
String	protect	ARRAY: gap after an earlier refusal	String.wz/MonsterBook.img/8500002/reward/80
String	protect	ARRAY: gap after an earlier refusal	String.wz/MonsterBook.img/8500002/reward/81
String	protect	ARRAY: gap after an earlier refusal	String.wz/MonsterBook.img/8500002/reward/82
String	protect	ARRAY: gap after an earlier refusal	String.wz/MonsterBook.img/8500002/reward/83
String	protect	ARRAY: gap after an earlier refusal	String.wz/MonsterBook.img/8500002/reward/84
String	protect	ARRAY: gap after an earlier refusal	String.wz/MonsterBook.img/8500002/reward/85
String	protect	ARRAY: gap after an earlier refusal	String.wz/MonsterBook.img/8500002/reward/86
String	protect	ARRAY: gap after an earlier refusal	String.wz/MonsterBook.img/8500002/reward/87
String	protect	ARRAY: gap after an earlier refusal	String.wz/MonsterBook.img/8500002/reward/88
String	protect	ARRAY: gap after an earlier refusal	String.wz/MonsterBook.img/8500002/reward/89
String	protect	ARRAY: gap after an earlier refusal	String.wz/MonsterBook.img/8500002/reward/90
String	protect	ARRAY: append would duplicate an existing entry	String.wz/MonsterBook.img/8510000/reward/51
String	protect	ARRAY: gap after an earlier refusal	String.wz/MonsterBook.img/8510000/reward/52
String	protect	ARRAY: gap after an earlier refusal	String.wz/MonsterBook.img/8510000/reward/53
String	protect	ARRAY: gap after an earlier refusal	String.wz/MonsterBook.img/8510000/reward/54
String	protect	ARRAY: gap after an earlier refusal	String.wz/MonsterBook.img/8510000/reward/55
String	protect	ARRAY: gap after an earlier refusal	String.wz/MonsterBook.img/8510000/reward/56
String	protect	ARRAY: gap after an earlier refusal	String.wz/MonsterBook.img/8510000/reward/57
String	protect	ARRAY: gap after an earlier refusal	String.wz/MonsterBook.img/8510000/reward/58
String	protect	ARRAY: gap after an earlier refusal	String.wz/MonsterBook.img/8510000/reward/59
String	protect	ARRAY: gap after an earlier refusal	String.wz/MonsterBook.img/8510000/reward/60
String	protect	ARRAY: gap after an earlier refusal	String.wz/MonsterBook.img/8510000/reward/61
String	protect	ARRAY: gap after an earlier refusal	String.wz/MonsterBook.img/8510000/reward/62
String	protect	ARRAY: gap after an earlier refusal	String.wz/MonsterBook.img/8510000/reward/63
String	protect	ARRAY: append would duplicate an existing entry	String.wz/MonsterBook.img/8800002/reward/74
String	protect	ARRAY: gap after an earlier refusal	String.wz/MonsterBook.img/8800002/reward/75
String	protect	ARRAY: gap after an earlier refusal	String.wz/MonsterBook.img/8800002/reward/76
String	protect	ARRAY: gap after an earlier refusal	String.wz/MonsterBook.img/8800002/reward/77
String	protect	ARRAY: gap after an earlier refusal	String.wz/MonsterBook.img/8800002/reward/78
String	protect	ARRAY: gap after an earlier refusal	String.wz/MonsterBook.img/8800002/reward/79
String	protect	ARRAY: gap after an earlier refusal	String.wz/MonsterBook.img/8800002/reward/80
String	protect	ARRAY: gap after an earlier refusal	String.wz/MonsterBook.img/8800002/reward/81
String	protect	ARRAY: gap after an earlier refusal	String.wz/MonsterBook.img/8800002/reward/82
String	protect	ARRAY: gap after an earlier refusal	String.wz/MonsterBook.img/8800002/reward/83
String	protect	ARRAY: gap after an earlier refusal	String.wz/MonsterBook.img/8800002/reward/84
String	protect	ARRAY: gap after an earlier refusal	String.wz/MonsterBook.img/8800002/reward/85
String	protect	ARRAY: gap after an earlier refusal	String.wz/MonsterBook.img/8800002/reward/86
String	protect	ARRAY: append would duplicate an existing entry	String.wz/MonsterBook.img/8830000/reward/74
String	protect	ARRAY: append would duplicate an existing entry	String.wz/MonsterBook.img/9300012/reward/1
String	protect	ARRAY: append would duplicate an existing entry	String.wz/MonsterBook.img/9300028/reward/7
String	protect	ARRAY: append would duplicate an existing entry	String.wz/MonsterBook.img/9300039/reward/1
String	protect	ARRAY: append would duplicate an existing entry	String.wz/MonsterBook.img/9300182/reward/21
String	protect	ARRAY: append would duplicate an existing entry	String.wz/MonsterBook.img/9300274/reward/17
String	protect	ARRAY: gap after an earlier refusal	String.wz/MonsterBook.img/9300274/reward/18
String	protect	ARRAY: gap after an earlier refusal	String.wz/MonsterBook.img/9300274/reward/19
String	protect	ARRAY: gap after an earlier refusal	String.wz/MonsterBook.img/9300274/reward/20
String	protect	ARRAY: append would duplicate an existing entry	String.wz/MonsterBook.img/9500317/reward/27
String	protect	ARRAY: gap after an earlier refusal	String.wz/MonsterBook.img/9500317/reward/28
String	protect	ARRAY: gap after an earlier refusal	String.wz/MonsterBook.img/9500317/reward/29
String	protect	ARRAY: gap after an earlier refusal	String.wz/MonsterBook.img/9500317/reward/30
String	protect	ARRAY: gap after an earlier refusal	String.wz/MonsterBook.img/9500317/reward/31
String	protect	ARRAY: gap after an earlier refusal	String.wz/MonsterBook.img/9500317/reward/32
String	protect	ARRAY: gap after an earlier refusal	String.wz/MonsterBook.img/9500317/reward/33
String	protect	ARRAY: gap after an earlier refusal	String.wz/MonsterBook.img/9500317/reward/34
String	protect	ARRAY: gap after an earlier refusal	String.wz/MonsterBook.img/9500317/reward/35
String	protect	ARRAY: gap after an earlier refusal	String.wz/MonsterBook.img/9500317/reward/36
String	protect	ARRAY: gap after an earlier refusal	String.wz/MonsterBook.img/9500317/reward/37
String	protect	ARRAY: gap after an earlier refusal	String.wz/MonsterBook.img/9500317/reward/38
String	protect	ARRAY: gap after an earlier refusal	String.wz/MonsterBook.img/9500317/reward/39
String	protect	ARRAY: gap after an earlier refusal	String.wz/MonsterBook.img/9500317/reward/40
String	protect	ARRAY: gap after an earlier refusal	String.wz/MonsterBook.img/9500317/reward/41
String	protect	ARRAY: gap after an earlier refusal	String.wz/MonsterBook.img/9500317/reward/42
String	protect	ARRAY: gap after an earlier refusal	String.wz/MonsterBook.img/9500317/reward/43
String	protect	ARRAY: gap after an earlier refusal	String.wz/MonsterBook.img/9500317/reward/44
String	protect	ARRAY: gap after an earlier refusal	String.wz/MonsterBook.img/9500317/reward/45
String	protect	ARRAY: gap after an earlier refusal	String.wz/MonsterBook.img/9500317/reward/46
String	protect	ARRAY: gap after an earlier refusal	String.wz/MonsterBook.img/9500317/reward/47
String	protect	ARRAY: gap after an earlier refusal	String.wz/MonsterBook.img/9500317/reward/48
String	protect	ARRAY: gap after an earlier refusal	String.wz/MonsterBook.img/9500317/reward/49
String	protect	ARRAY: gap after an earlier refusal	String.wz/MonsterBook.img/9500317/reward/50
String	protect	ARRAY: gap after an earlier refusal	String.wz/MonsterBook.img/9500317/reward/51
String	protect	ARRAY: gap after an earlier refusal	String.wz/MonsterBook.img/9500317/reward/52
String	protect	ARRAY: gap after an earlier refusal	String.wz/MonsterBook.img/9500317/reward/53
String	protect	ARRAY: gap after an earlier refusal	String.wz/MonsterBook.img/9500317/reward/54
String	protect	ARRAY: gap after an earlier refusal	String.wz/MonsterBook.img/9500317/reward/55
