decision	archive	image	field	expectedSide	verdict	discriminator	standingValue	treeDigest	preDigest	liveDigest	v84Digest	note
A-MERGE-BOTH	Item	Item.wz/Consume/0202.img	Item.wz/Consume/0202.img/02022002	live	OK	REAL	his	290845da9941	d6d8cc8c7eb2	290845da9941	d6d8cc8c7eb2	
A-MERGE-BOTH	Item	Item.wz/Consume/0202.img	Item.wz/Consume/0202.img/02022023	live	OK	REAL	his	e5916678f2a8	d912e8a1c355	e5916678f2a8	d912e8a1c355	
A-MERGE-BOTH	Item	Item.wz/Consume/0202.img	Item.wz/Consume/0202.img/02022121	live	OK	REAL	his	15b6bc2f4ffb	259344bf4523	15b6bc2f4ffb	259344bf4523	
A-MERGE-BOTH	Item	Item.wz/Consume/0202.img	Item.wz/Consume/0202.img/02022198	live	OK	REAL	his	30d6eda1834f	53045efcd9bb	30d6eda1834f	4c3f0417b45a	
A-MERGE-BOTH	Item	Item.wz/Consume/0202.img	Item.wz/Consume/0202.img/02022337	live	OK	REAL	his	469b57b4d0dd	840687b66940	469b57b4d0dd	4fe10a80839b	
A-MERGE-BOTH	Item	Item.wz/Consume/0202.img	Item.wz/Consume/0202.img/02022436	live	OK	REAL	his	1777fb9c90b6	5bcc5359e203	1777fb9c90b6	5bcc5359e203	
A-MERGE-BOTH	Item	Item.wz/Consume/0202.img	Item.wz/Consume/0202.img/02022437	live	OK	REAL	his	3310dac7848a	c0fcf2d66878	3310dac7848a	c0fcf2d66878	
A-MERGE-BOTH	Item	Item.wz/Consume/0202.img	Item.wz/Consume/0202.img/02022450	live	OK	REAL	his	73f9176c8cbc	bcb5dd480148	73f9176c8cbc	e9d3cc652622	
A-MERGE-BOTH	Item	Item.wz/Consume/0202.img	Item.wz/Consume/0202.img/02022451	live	OK	REAL	his	11ff7f46bb55	11ff7f46bb55	11ff7f46bb55	b54bb50ae2d4	
A-MERGE-BOTH	Item	Item.wz/Consume/0202.img	Item.wz/Consume/0202.img/02022452	live	OK	REAL	his	f93b58f52ff9	f93b58f52ff9	f93b58f52ff9	f0828a739cbb	
A-MERGE-BOTH	Item	Item.wz/Consume/0202.img	Item.wz/Consume/0202.img/02023000	live	OK	REAL	his	342986689225	342986689225	342986689225	-	
A-MERGE-BOTH	Item	Item.wz/Consume/0202.img	Item.wz/Consume/0202.img/02023001	live	OK	REAL	his	e461e465a71d	e461e465a71d	e461e465a71d	-	
A-MERGE-BOTH	Item	Item.wz/Consume/0202.img	Item.wz/Consume/0202.img/02023002	live	OK	REAL	his	460619d53e8c	460619d53e8c	460619d53e8c	-	
A-MERGE-BOTH	Item	Item.wz/Consume/0202.img	Item.wz/Consume/0202.img/02023003	live	OK	REAL	his	bb2fec6011a4	bb2fec6011a4	bb2fec6011a4	-	
A-MERGE-BOTH	Item	Item.wz/Consume/0204.img	Item.wz/Consume/0204.img/02040728	live	OK	REAL	his	11efb2e7b779	11efb2e7b779	11efb2e7b779	5c16a174077a	
A-MERGE-BOTH	Item	Item.wz/Consume/0204.img	Item.wz/Consume/0204.img/02040729	live	OK	REAL	his	04696bdcc5a5	04696bdcc5a5	04696bdcc5a5	76a2a05cb21e	
A-MERGE-BOTH	Item	Item.wz/Consume/0204.img	Item.wz/Consume/0204.img/02040730	live	OK	REAL	his	6071f144b9ce	6071f144b9ce	6071f144b9ce	8ce5196464a9	
A-MERGE-BOTH	Item	Item.wz/Consume/0204.img	Item.wz/Consume/0204.img/02040731	live	OK	REAL	his	44138135203b	44138135203b	44138135203b	dab347809546	
A-MERGE-BOTH	Item	Item.wz/Consume/0204.img	Item.wz/Consume/0204.img/02040732	live	OK	REAL	his	ea01bc275ea6	ea01bc275ea6	ea01bc275ea6	034deceab538	
A-MERGE-BOTH	Item	Item.wz/Consume/0204.img	Item.wz/Consume/0204.img/02040733	live	OK	REAL	his	b81497cd099d	b81497cd099d	b81497cd099d	81a31595dd90	
A-MERGE-BOTH	Item	Item.wz/Consume/0204.img	Item.wz/Consume/0204.img/02040734	live	OK	REAL	his	328e43f22f27	328e43f22f27	328e43f22f27	6a9f9c368b28	
A-MERGE-BOTH	Item	Item.wz/Consume/0204.img	Item.wz/Consume/0204.img/02040735	live	OK	REAL	his	7b61004eea6e	7b61004eea6e	7b61004eea6e	3e4a584b3520	
A-MERGE-BOTH	Item	Item.wz/Consume/0204.img	Item.wz/Consume/0204.img/02040736	live	OK	REAL	his	06dbcffba22f	06dbcffba22f	06dbcffba22f	5be65861c325	
A-MERGE-BOTH	Item	Item.wz/Consume/0204.img	Item.wz/Consume/0204.img/02040737	live	OK	REAL	his	eedc00f9b452	eedc00f9b452	eedc00f9b452	b7bacd83c7e5	
A-MERGE-BOTH	Item	Item.wz/Consume/0204.img	Item.wz/Consume/0204.img/02040738	live	OK	REAL	his	ff92664ed423	ff92664ed423	ff92664ed423	cf48fbe5bcbe	
A-MERGE-BOTH	Item	Item.wz/Consume/0204.img	Item.wz/Consume/0204.img/02040739	live	OK	REAL	his	75370927d6b7	75370927d6b7	75370927d6b7	982bb158e002	
A-MERGE-BOTH	Item	Item.wz/Etc/0400.img	Item.wz/Etc/0400.img/04000313	live	OK	REAL	his	338526ffe8e6	338526ffe8e6	338526ffe8e6	deda0b18bf27	
A-MERGE-BOTH	Item	Item.wz/Etc/0400.img	Item.wz/Etc/0400.img/04001015	live	OK	REAL	his	dceda94f27d5	dceda94f27d5	dceda94f27d5	2c4d5ff856de	
A-MERGE-BOTH	Item	Item.wz/Etc/0400.img	Item.wz/Etc/0400.img/04001016	live	OK	REAL	his	ca59c281830e	ca59c281830e	ca59c281830e	15929a8f4e49	
A-MERGE-BOTH	Item	Item.wz/Etc/0400.img	Item.wz/Etc/0400.img/04001018	live	OK	REAL	his	1826f1a9596f	1826f1a9596f	1826f1a9596f	7c2bafc1ca64	
A-MERGE-BOTH	Item	Item.wz/Etc/0400.img	Item.wz/Etc/0400.img/04001022	live	OK	REAL	his	3e7472ee9a00	3e7472ee9a00	3e7472ee9a00	472a37b38f6e	
A-MERGE-BOTH	Item	Item.wz/Etc/0400.img	Item.wz/Etc/0400.img/04001023	live	OK	REAL	his	84034fa31804	84034fa31804	84034fa31804	31d114080b0d	
A-MERGE-BOTH	Item	Item.wz/Etc/0400.img	Item.wz/Etc/0400.img/04001094	live	OK	REAL	his	befa228ed51a	f4b3138be82a	befa228ed51a	035967818fbf	
A-MERGE-BOTH	Item	Item.wz/Etc/0400.img	Item.wz/Etc/0400.img/04001106	live	OK	REAL	his	16791c5faf26	16791c5faf26	16791c5faf26	03a3d71ddc10	
A-MERGE-BOTH	Item	Item.wz/Etc/0400.img	Item.wz/Etc/0400.img/04001111	live	OK	REAL	his	56f54ae3a447	56f54ae3a447	56f54ae3a447	2e34ee67f53b	
A-MERGE-BOTH	Item	Item.wz/Etc/0400.img	Item.wz/Etc/0400.img/04001207	live	OK	REAL	his	86aa4260d1ff	86aa4260d1ff	86aa4260d1ff	e4b7be20f2b5	
A-MERGE-BOTH	Item	Item.wz/Etc/0400.img	Item.wz/Etc/0400.img/04001256	live	OK	REAL	his	47bedf8a9ced	47bedf8a9ced	47bedf8a9ced	df8dc3c9a245	
A-MERGE-BOTH	Item	Item.wz/Etc/0400.img	Item.wz/Etc/0400.img/04001257	live	OK	REAL	his	d2b52ef7fbe0	d2b52ef7fbe0	d2b52ef7fbe0	0bc46e310cbc	
A-MERGE-BOTH	Item	Item.wz/Etc/0400.img	Item.wz/Etc/0400.img/04001258	live	OK	REAL	his	9851eff3bab0	9851eff3bab0	9851eff3bab0	def45e4c1919	
A-MERGE-BOTH	Item	Item.wz/Etc/0400.img	Item.wz/Etc/0400.img/04001259	live	OK	REAL	his	34f3109db0cf	34f3109db0cf	34f3109db0cf	877f1e982091	
A-MERGE-BOTH	Item	Item.wz/Etc/0400.img	Item.wz/Etc/0400.img/04001260	live	OK	REAL	his	50d1f7b7e1d1	50d1f7b7e1d1	50d1f7b7e1d1	b13d8272f9d8	
A-MERGE-BOTH	Item	Item.wz/Etc/0400.img	Item.wz/Etc/0400.img/04001372	live	OK	REAL	his	5e6cda826854	5e6cda826854	5e6cda826854	337f2c6f5908	
A-MERGE-BOTH	Item	Item.wz/Etc/0400.img	Item.wz/Etc/0400.img/04001373	live	OK	REAL	his	430793bd24a0	430793bd24a0	430793bd24a0	694d4e127d8d	
A-MERGE-BOTH	Item	Item.wz/Install/0301.img	Item.wz/Install/0301.img/03010045	live	OK	REAL	his	7204d891f3d5	7204d891f3d5	7204d891f3d5	4c730d3a0afb	
A-MERGE-BOTH	Map	Map.wz/MapHelper.img	Map.wz/MapHelper.img/AvatarMegaphone	live	OK	REAL	his	498cacddf6b2	0976d1f159f4	498cacddf6b2	0976d1f159f4	
A-MERGE-BOTH	Mob	Mob.wz/6300005.img	Mob.wz/6300005.img/die1	live	OK	REAL	his	8553f7a697ca	8553f7a697ca	8553f7a697ca	ae7f69d65691	SKIPPED: phase-B tree already holds his value here (see SKIP in resolve-conflicts-lists.py)
A-MERGE-BOTH	Mob	Mob.wz/9300196.img	Mob.wz/9300196.img/die1	live	OK	REAL	his	9477f01957b7	9477f01957b7	9477f01957b7	0380eed17d2d	
A-MERGE-BOTH	String	String.wz/Pet.img	String.wz/Pet.img/5000040	live	UNAPPLIED-DELETION	REAL	v84	db599aa73197	db599aa73197	-	db599aa73197	
A-MERGE-BOTH	String	String.wz/Pet.img	String.wz/Pet.img/5000043	live	UNAPPLIED-DELETION	REAL	v84	c56b07be7e33	c56b07be7e33	-	c56b07be7e33	
A-MERGE-BOTH	String	String.wz/Pet.img	String.wz/Pet.img/5000046	live	UNAPPLIED-DELETION	REAL	v84	de4f2e7c3ea1	de4f2e7c3ea1	-	de4f2e7c3ea1	
A-MERGE-BOTH/v84-side	Item	Item.wz/Consume/0202.img	Item.wz/Consume/0202.img/02020033	v84	OK-UNCHANGED	REAL	v84	e2e0885a16d3	e2e0885a16d3	-	e2e0885a16d3	
A-MERGE-BOTH/v84-side	Item	Item.wz/Consume/0202.img	Item.wz/Consume/0202.img/02020034	v84	OK-UNCHANGED	REAL	v84	9f5e1001eb98	9f5e1001eb98	-	9f5e1001eb98	
A-MERGE-BOTH/v84-side	Item	Item.wz/Consume/0202.img	Item.wz/Consume/0202.img/02020035	v84	OK-UNCHANGED	REAL	v84	2bcc8b77dd4d	2bcc8b77dd4d	-	2bcc8b77dd4d	
A-MERGE-BOTH/v84-side	Item	Item.wz/Consume/0202.img	Item.wz/Consume/0202.img/02022469	v84	OK-UNCHANGED	REAL	v84	29b82df51d1a	29b82df51d1a	-	29b82df51d1a	
A-MERGE-BOTH/v84-side	Item	Item.wz/Consume/0202.img	Item.wz/Consume/0202.img/02022470	v84	OK-UNCHANGED	REAL	v84	259623d1da8c	259623d1da8c	-	259623d1da8c	
A-MERGE-BOTH/v84-side	Item	Item.wz/Consume/0202.img	Item.wz/Consume/0202.img/02022503	v84	OK-UNCHANGED	REAL	v84	8a81144adf2d	8a81144adf2d	e14bb23e8daa	8a81144adf2d	
A-MERGE-BOTH/v84-side	Item	Item.wz/Consume/0202.img	Item.wz/Consume/0202.img/02022504	v84	OK-UNCHANGED	REAL	v84	7e451a3f9549	7e451a3f9549	d4dc9513ed78	7e451a3f9549	
A-MERGE-BOTH/v84-side	Item	Item.wz/Consume/0202.img	Item.wz/Consume/0202.img/02022505	v84	OK-UNCHANGED	REAL	v84	d60e5abd0182	d60e5abd0182	e10d9f8c0f0c	d60e5abd0182	
A-MERGE-BOTH/v84-side	Item	Item.wz/Consume/0202.img	Item.wz/Consume/0202.img/02022506	v84	OK-UNCHANGED	REAL	v84	70ea98efff85	70ea98efff85	e81f36574bb6	70ea98efff85	
A-MERGE-BOTH/v84-side	Item	Item.wz/Consume/0202.img	Item.wz/Consume/0202.img/02022507	v84	OK-UNCHANGED	REAL	v84	65df8ee34751	65df8ee34751	0d5a36fc4a48	65df8ee34751	
A-MERGE-BOTH/v84-side	Item	Item.wz/Consume/0202.img	Item.wz/Consume/0202.img/02022508	v84	OK-UNCHANGED	REAL	v84	ae7f9f66287b	ae7f9f66287b	1d4c4a5a1b09	ae7f9f66287b	
A-MERGE-BOTH/v84-side	Item	Item.wz/Consume/0202.img	Item.wz/Consume/0202.img/02022509	v84	OK-UNCHANGED	REAL	v84	df89ce167176	df89ce167176	a50504e0f16c	df89ce167176	
A-MERGE-BOTH/v84-side	Item	Item.wz/Consume/0202.img	Item.wz/Consume/0202.img/02022510	v84	OK-UNCHANGED	REAL	v84	6754a850934b	6754a850934b	fdbd616b63e5	6754a850934b	
A-MERGE-BOTH/v84-side	Item	Item.wz/Consume/0202.img	Item.wz/Consume/0202.img/02022511	v84	OK-UNCHANGED	REAL	v84	716937cf87d1	716937cf87d1	d83ba6a0c9d6	716937cf87d1	
A-MERGE-BOTH/v84-side	Item	Item.wz/Consume/0202.img	Item.wz/Consume/0202.img/02022512	v84	OK-UNCHANGED	REAL	v84	cefa9d35efe3	cefa9d35efe3	a8d9167c2cad	cefa9d35efe3	
A-MERGE-BOTH/v84-side	Item	Item.wz/Consume/0202.img	Item.wz/Consume/0202.img/02022513	v84	OK-UNCHANGED	REAL	v84	770faed2196e	770faed2196e	880d280873e9	770faed2196e	
A-MERGE-BOTH/v84-side	Item	Item.wz/Consume/0202.img	Item.wz/Consume/0202.img/02022514	v84	OK-UNCHANGED	REAL	v84	6e8bfed74c11	6e8bfed74c11	5b0f144c1a4d	6e8bfed74c11	
A-MERGE-BOTH/v84-side	Item	Item.wz/Consume/0202.img	Item.wz/Consume/0202.img/02022515	v84	OK-UNCHANGED	REAL	v84	3072e873039d	3072e873039d	c74dd526efbf	3072e873039d	
A-MERGE-BOTH/v84-side	Item	Item.wz/Consume/0202.img	Item.wz/Consume/0202.img/02022516	v84	OK-UNCHANGED	REAL	v84	0ace76008eaf	0ace76008eaf	9453f3248f0f	0ace76008eaf	
A-MERGE-BOTH/v84-side	Item	Item.wz/Consume/0202.img	Item.wz/Consume/0202.img/02022517	v84	OK-UNCHANGED	REAL	v84	8a012fad2ccb	8a012fad2ccb	77c6b72305c0	8a012fad2ccb	
A-MERGE-BOTH/v84-side	Item	Item.wz/Consume/0202.img	Item.wz/Consume/0202.img/02022518	v84	OK-UNCHANGED	REAL	v84	6b3379d09311	6b3379d09311	43ceaa53853c	6b3379d09311	
A-MERGE-BOTH/v84-side	Item	Item.wz/Consume/0202.img	Item.wz/Consume/0202.img/02022519	v84	OK-UNCHANGED	REAL	v84	d0ff3a437b24	d0ff3a437b24	4b362d75308d	d0ff3a437b24	
A-MERGE-BOTH/v84-side	Item	Item.wz/Consume/0202.img	Item.wz/Consume/0202.img/02022520	v84	OK-UNCHANGED	REAL	v84	f79c6ca8dd11	f79c6ca8dd11	6c3dbbe732de	f79c6ca8dd11	
A-MERGE-BOTH/v84-side	Item	Item.wz/Consume/0202.img	Item.wz/Consume/0202.img/02022521	v84	OK-UNCHANGED	REAL	v84	54da09935881	54da09935881	9fe7affe0afa	54da09935881	
A-MERGE-BOTH/v84-side	Item	Item.wz/Consume/0202.img	Item.wz/Consume/0202.img/02022522	v84	OK-UNCHANGED	REAL	v84	e4087a28f7bc	e4087a28f7bc	38d0887deb5a	e4087a28f7bc	
A-MERGE-BOTH/v84-side	Item	Item.wz/Consume/0202.img	Item.wz/Consume/0202.img/02022523	v84	OK-UNCHANGED	REAL	v84	d5bf0812683b	d5bf0812683b	cdc5ef1c491c	d5bf0812683b	
A-MERGE-BOTH/v84-side	Item	Item.wz/Consume/0202.img	Item.wz/Consume/0202.img/02022524	v84	OK-UNCHANGED	REAL	v84	b825d1e0777c	b825d1e0777c	0a35ed5dd4dc	b825d1e0777c	
A-MERGE-BOTH/v84-side	Item	Item.wz/Consume/0202.img	Item.wz/Consume/0202.img/02022539	v84	OK-UNCHANGED	REAL	v84	fbbe13a9b70c	fbbe13a9b70c	7121a1e51ab4	fbbe13a9b70c	
A-MERGE-BOTH/v84-side	Item	Item.wz/Consume/0202.img	Item.wz/Consume/0202.img/02022540	v84	OK-UNCHANGED	REAL	v84	91fc50235c13	91fc50235c13	d8e899d352fd	91fc50235c13	
A-MERGE-BOTH/v84-side	Item	Item.wz/Consume/0202.img	Item.wz/Consume/0202.img/02022541	v84	OK-UNCHANGED	REAL	v84	c404b428324a	c404b428324a	75c0215f3098	c404b428324a	
A-MERGE-BOTH/v84-side	Item	Item.wz/Consume/0202.img	Item.wz/Consume/0202.img/02022542	v84	OK-UNCHANGED	REAL	v84	06145ba8c6fd	06145ba8c6fd	f3f2d3d432a8	06145ba8c6fd	
A-MERGE-BOTH/v84-side	Item	Item.wz/Consume/0202.img	Item.wz/Consume/0202.img/02022543	v84	OK-UNCHANGED	REAL	v84	54fea07129c9	54fea07129c9	67532afdc421	54fea07129c9	
A-MERGE-BOTH/v84-side	Item	Item.wz/Consume/0202.img	Item.wz/Consume/0202.img/02022547	v84	OK-UNCHANGED	REAL	v84	aa76d4473653	aa76d4473653	15aec5c60177	aa76d4473653	
A-MERGE-BOTH/v84-side	Item	Item.wz/Consume/0202.img	Item.wz/Consume/0202.img/02022548	v84	OK-UNCHANGED	REAL	v84	f00bfa0dee1f	f00bfa0dee1f	5d38768b857f	f00bfa0dee1f	
A-MERGE-BOTH/v84-side	Item	Item.wz/Consume/0202.img	Item.wz/Consume/0202.img/02022549	v84	OK-UNCHANGED	REAL	v84	c18ffc1a4edf	c18ffc1a4edf	713b7df56695	c18ffc1a4edf	
A-MERGE-BOTH/v84-side	Item	Item.wz/Consume/0202.img	Item.wz/Consume/0202.img/02022637	v84	OK-UNCHANGED	REAL	v84	2e9c5a6ea795	2e9c5a6ea795	-	2e9c5a6ea795	
A-MERGE-BOTH/v84-side	Item	Item.wz/Consume/0202.img	Item.wz/Consume/0202.img/02022642	v84	OK-UNCHANGED	REAL	v84	909545b8e303	909545b8e303	-	909545b8e303	
A-MERGE-BOTH/v84-side	Item	Item.wz/Consume/0202.img	Item.wz/Consume/0202.img/02022652	v84	OK-UNCHANGED	REAL	v84	511e423fee75	511e423fee75	-	511e423fee75	
A-MERGE-BOTH/v84-side	Item	Item.wz/Consume/0202.img	Item.wz/Consume/0202.img/02022653	v84	OK-UNCHANGED	REAL	v84	7fb91c8b056e	7fb91c8b056e	-	7fb91c8b056e	
A-MERGE-BOTH/v84-side	Item	Item.wz/Consume/0202.img	Item.wz/Consume/0202.img/02022654	v84	OK-UNCHANGED	REAL	v84	58a8ebe26f28	58a8ebe26f28	-	58a8ebe26f28	
A-MERGE-BOTH/v84-side	Item	Item.wz/Consume/0202.img	Item.wz/Consume/0202.img/02022655	v84	OK-UNCHANGED	REAL	v84	80b9469d948c	80b9469d948c	-	80b9469d948c	
A-MERGE-BOTH/v84-side	Item	Item.wz/Consume/0202.img	Item.wz/Consume/0202.img/02022656	v84	OK-UNCHANGED	REAL	v84	37eac699f768	37eac699f768	-	37eac699f768	
A-MERGE-BOTH/v84-side	Item	Item.wz/Consume/0202.img	Item.wz/Consume/0202.img/02022657	v84	OK-UNCHANGED	REAL	v84	ec740e5db828	ec740e5db828	-	ec740e5db828	
A-MERGE-BOTH/v84-side	Item	Item.wz/Consume/0202.img	Item.wz/Consume/0202.img/02022658	v84	OK-UNCHANGED	REAL	v84	5ddd46f17758	5ddd46f17758	-	5ddd46f17758	
A-MERGE-BOTH/v84-side	Item	Item.wz/Consume/0202.img	Item.wz/Consume/0202.img/02022659	v84	OK-UNCHANGED	REAL	v84	ce2d956d2ed5	ce2d956d2ed5	-	ce2d956d2ed5	
A-MERGE-BOTH/v84-side	Item	Item.wz/Consume/0202.img	Item.wz/Consume/0202.img/02022660	v84	OK-UNCHANGED	REAL	v84	a06b385fd2e9	a06b385fd2e9	-	a06b385fd2e9	
A-MERGE-BOTH/v84-side	Item	Item.wz/Consume/0202.img	Item.wz/Consume/0202.img/02022661	v84	OK-UNCHANGED	REAL	v84	e93bebb6976e	e93bebb6976e	-	e93bebb6976e	
A-MERGE-BOTH/v84-side	Item	Item.wz/Consume/0202.img	Item.wz/Consume/0202.img/02022662	v84	OK-UNCHANGED	REAL	v84	3ccd75e1f001	3ccd75e1f001	-	3ccd75e1f001	
A-MERGE-BOTH/v84-side	Item	Item.wz/Consume/0202.img	Item.wz/Consume/0202.img/02022695	v84	OK-UNCHANGED	REAL	v84	b2ce8290b9aa	b2ce8290b9aa	-	b2ce8290b9aa	
A-MERGE-BOTH/v84-side	Item	Item.wz/Consume/0204.img	Item.wz/Consume/0204.img/02040120	v84	OK-UNCHANGED	REAL	v84	27de83a50a7a	27de83a50a7a	-	27de83a50a7a	
A-MERGE-BOTH/v84-side	Item	Item.wz/Consume/0204.img	Item.wz/Consume/0204.img/02040211	v84	OK-UNCHANGED	REAL	v84	1ee65d707aa2	1ee65d707aa2	-	1ee65d707aa2	
A-MERGE-BOTH/v84-side	Item	Item.wz/Consume/0204.img	Item.wz/Consume/0204.img/02040212	v84	OK-UNCHANGED	REAL	v84	11a8e787d601	11a8e787d601	-	11a8e787d601	
A-MERGE-BOTH/v84-side	Item	Item.wz/Consume/0204.img	Item.wz/Consume/0204.img/02040227	v84	OK-UNCHANGED	REAL	v84	c7973c48682f	c7973c48682f	-	c7973c48682f	
A-MERGE-BOTH/v84-side	Item	Item.wz/Consume/0204.img	Item.wz/Consume/0204.img/02040228	v84	OK-UNCHANGED	REAL	v84	858b8c4b8869	858b8c4b8869	-	858b8c4b8869	
A-MERGE-BOTH/v84-side	Item	Item.wz/Consume/0204.img	Item.wz/Consume/0204.img/02040229	v84	OK-UNCHANGED	REAL	v84	9a974e47aa06	9a974e47aa06	-	9a974e47aa06	
A-MERGE-BOTH/v84-side	Item	Item.wz/Consume/0204.img	Item.wz/Consume/0204.img/02040230	v84	OK-UNCHANGED	REAL	v84	b87fbec111ac	b87fbec111ac	-	b87fbec111ac	
A-MERGE-BOTH/v84-side	Item	Item.wz/Consume/0204.img	Item.wz/Consume/0204.img/02043714	v84	OK-UNCHANGED	REAL	v84	1e92207f0aa1	1e92207f0aa1	-	1e92207f0aa1	
A-MERGE-BOTH/v84-side	Item	Item.wz/Consume/0204.img	Item.wz/Consume/0204.img/02043814	v84	OK-UNCHANGED	REAL	v84	3ed87f015194	3ed87f015194	-	3ed87f015194	
A-MERGE-BOTH/v84-side	Item	Item.wz/Consume/0204.img	Item.wz/Consume/0204.img/02047000	v84	OK-UNCHANGED	REAL	v84	3ba94a68bdce	3ba94a68bdce	-	3ba94a68bdce	
A-MERGE-BOTH/v84-side	Item	Item.wz/Consume/0204.img	Item.wz/Consume/0204.img/02047001	v84	OK-UNCHANGED	REAL	v84	0dfb940623b7	0dfb940623b7	-	0dfb940623b7	
A-MERGE-BOTH/v84-side	Item	Item.wz/Consume/0204.img	Item.wz/Consume/0204.img/02047002	v84	OK-UNCHANGED	REAL	v84	36d5b604b27c	36d5b604b27c	-	36d5b604b27c	
A-MERGE-BOTH/v84-side	Item	Item.wz/Consume/0204.img	Item.wz/Consume/0204.img/02047100	v84	OK-UNCHANGED	REAL	v84	52ceb7dfe0fd	52ceb7dfe0fd	-	52ceb7dfe0fd	
A-MERGE-BOTH/v84-side	Item	Item.wz/Consume/0204.img	Item.wz/Consume/0204.img/02047101	v84	OK-UNCHANGED	REAL	v84	9e7575af3e80	9e7575af3e80	-	9e7575af3e80	
A-MERGE-BOTH/v84-side	Item	Item.wz/Consume/0204.img	Item.wz/Consume/0204.img/02047102	v84	OK-UNCHANGED	REAL	v84	b24b827687fe	b24b827687fe	-	b24b827687fe	
A-MERGE-BOTH/v84-side	Item	Item.wz/Consume/0204.img	Item.wz/Consume/0204.img/02047200	v84	OK-UNCHANGED	REAL	v84	ae99de0da7b3	ae99de0da7b3	-	ae99de0da7b3	
A-MERGE-BOTH/v84-side	Item	Item.wz/Consume/0204.img	Item.wz/Consume/0204.img/02047201	v84	OK-UNCHANGED	REAL	v84	62ca375b0fa6	62ca375b0fa6	-	62ca375b0fa6	
A-MERGE-BOTH/v84-side	Item	Item.wz/Consume/0204.img	Item.wz/Consume/0204.img/02047202	v84	OK-UNCHANGED	REAL	v84	e5ca19ad6984	e5ca19ad6984	-	e5ca19ad6984	
A-MERGE-BOTH/v84-side	Item	Item.wz/Consume/0204.img	Item.wz/Consume/0204.img/02047203	v84	OK-UNCHANGED	REAL	v84	c75b37cfe39b	c75b37cfe39b	-	c75b37cfe39b	
A-MERGE-BOTH/v84-side	Item	Item.wz/Consume/0204.img	Item.wz/Consume/0204.img/02047204	v84	OK-UNCHANGED	REAL	v84	9dd8d5753e9f	9dd8d5753e9f	-	9dd8d5753e9f	
A-MERGE-BOTH/v84-side	Item	Item.wz/Consume/0204.img	Item.wz/Consume/0204.img/02047205	v84	OK-UNCHANGED	REAL	v84	48d0bec906a1	48d0bec906a1	-	48d0bec906a1	
A-MERGE-BOTH/v84-side	Item	Item.wz/Consume/0204.img	Item.wz/Consume/0204.img/02047206	v84	OK-UNCHANGED	REAL	v84	593269af8cac	593269af8cac	-	593269af8cac	
A-MERGE-BOTH/v84-side	Item	Item.wz/Consume/0204.img	Item.wz/Consume/0204.img/02047207	v84	OK-UNCHANGED	REAL	v84	00d21252cc67	00d21252cc67	-	00d21252cc67	
A-MERGE-BOTH/v84-side	Item	Item.wz/Consume/0204.img	Item.wz/Consume/0204.img/02047208	v84	OK-UNCHANGED	REAL	v84	8cf9a6f49f18	8cf9a6f49f18	-	8cf9a6f49f18	
A-MERGE-BOTH/v84-side	Item	Item.wz/Consume/0204.img	Item.wz/Consume/0204.img/02047300	v84	OK-UNCHANGED	REAL	v84	034e1a92462a	034e1a92462a	-	034e1a92462a	
A-MERGE-BOTH/v84-side	Item	Item.wz/Consume/0204.img	Item.wz/Consume/0204.img/02047301	v84	OK-UNCHANGED	REAL	v84	85a4490f3513	85a4490f3513	-	85a4490f3513	
A-MERGE-BOTH/v84-side	Item	Item.wz/Consume/0204.img	Item.wz/Consume/0204.img/02047302	v84	OK-UNCHANGED	REAL	v84	fe4e627128ba	fe4e627128ba	-	fe4e627128ba	
A-MERGE-BOTH/v84-side	Item	Item.wz/Consume/0204.img	Item.wz/Consume/0204.img/02047303	v84	OK-UNCHANGED	REAL	v84	f80ad71e1761	f80ad71e1761	-	f80ad71e1761	
A-MERGE-BOTH/v84-side	Item	Item.wz/Consume/0204.img	Item.wz/Consume/0204.img/02047304	v84	OK-UNCHANGED	REAL	v84	e571244bc3b5	e571244bc3b5	-	e571244bc3b5	
A-MERGE-BOTH/v84-side	Item	Item.wz/Consume/0204.img	Item.wz/Consume/0204.img/02047305	v84	OK-UNCHANGED	REAL	v84	9b67ee7a3f17	9b67ee7a3f17	-	9b67ee7a3f17	
A-MERGE-BOTH/v84-side	Item	Item.wz/Consume/0204.img	Item.wz/Consume/0204.img/02047306	v84	OK-UNCHANGED	REAL	v84	80440c098c1a	80440c098c1a	-	80440c098c1a	
A-MERGE-BOTH/v84-side	Item	Item.wz/Consume/0204.img	Item.wz/Consume/0204.img/02047307	v84	OK-UNCHANGED	REAL	v84	1ae3422a3407	1ae3422a3407	-	1ae3422a3407	
A-MERGE-BOTH/v84-side	Item	Item.wz/Consume/0204.img	Item.wz/Consume/0204.img/02047308	v84	OK-UNCHANGED	REAL	v84	c4881efda30f	c4881efda30f	-	c4881efda30f	
A-MERGE-BOTH/v84-side	Item	Item.wz/Consume/0204.img	Item.wz/Consume/0204.img/02047309	v84	OK-UNCHANGED	REAL	v84	ffb106deaca9	ffb106deaca9	-	ffb106deaca9	
A-MERGE-BOTH/v84-side	Item	Item.wz/Etc/0400.img	Item.wz/Etc/0400.img/04000566	v84	OK-UNCHANGED	REAL	v84	b331f4da1c2d	b331f4da1c2d	-	b331f4da1c2d	
A-MERGE-BOTH/v84-side	Item	Item.wz/Etc/0400.img	Item.wz/Etc/0400.img/04000567	v84	OK-UNCHANGED	REAL	v84	43fc2e738743	43fc2e738743	-	43fc2e738743	
A-MERGE-BOTH/v84-side	Item	Item.wz/Etc/0400.img	Item.wz/Etc/0400.img/04000568	v84	OK-UNCHANGED	REAL	v84	a53d43f52278	a53d43f52278	-	a53d43f52278	
A-MERGE-BOTH/v84-side	Item	Item.wz/Etc/0400.img	Item.wz/Etc/0400.img/04000569	v84	OK-UNCHANGED	REAL	v84	e70b09e75233	e70b09e75233	-	e70b09e75233	
A-MERGE-BOTH/v84-side	Item	Item.wz/Etc/0400.img	Item.wz/Etc/0400.img/04000570	v84	OK-UNCHANGED	REAL	v84	a2ed1f8b43e0	a2ed1f8b43e0	-	a2ed1f8b43e0	
A-MERGE-BOTH/v84-side	Item	Item.wz/Etc/0400.img	Item.wz/Etc/0400.img/04000571	v84	OK-UNCHANGED	REAL	v84	63d2324ac517	63d2324ac517	-	63d2324ac517	
A-MERGE-BOTH/v84-side	Item	Item.wz/Etc/0400.img	Item.wz/Etc/0400.img/04001326	v84	OK-UNCHANGED	REAL	v84	3d904af22c20	3d904af22c20	4a08c34ed4bf	3d904af22c20	
A-MERGE-BOTH/v84-side	Item	Item.wz/Etc/0400.img	Item.wz/Etc/0400.img/04001327	v84	OK-UNCHANGED	REAL	v84	27183e32ba83	27183e32ba83	441cf5347504	27183e32ba83	
A-MERGE-BOTH/v84-side	Item	Item.wz/Etc/0400.img	Item.wz/Etc/0400.img/04001328	v84	OK-UNCHANGED	REAL	v84	45b7352c7b37	45b7352c7b37	56a42366e801	45b7352c7b37	
A-MERGE-BOTH/v84-side	Item	Item.wz/Etc/0400.img	Item.wz/Etc/0400.img/04001329	v84	OK-UNCHANGED	REAL	v84	32fd78b7bc46	32fd78b7bc46	af460dd436ac	32fd78b7bc46	
A-MERGE-BOTH/v84-side	Item	Item.wz/Etc/0400.img	Item.wz/Etc/0400.img/04001330	v84	OK-UNCHANGED	REAL	v84	c6d41f352196	c6d41f352196	2efa0b97cc9b	c6d41f352196	
A-MERGE-BOTH/v84-side	Item	Item.wz/Etc/0400.img	Item.wz/Etc/0400.img/04001331	v84	OK-UNCHANGED	REAL	v84	89378783fde5	89378783fde5	70890b1e65bc	89378783fde5	
A-MERGE-BOTH/v84-side	Item	Item.wz/Etc/0400.img	Item.wz/Etc/0400.img/04001332	v84	OK-UNCHANGED	REAL	v84	2f1370152231	2f1370152231	ce1a08f0524e	2f1370152231	
A-MERGE-BOTH/v84-side	Item	Item.wz/Etc/0400.img	Item.wz/Etc/0400.img/04001333	v84	OK-UNCHANGED	REAL	v84	dfe5cde7390e	dfe5cde7390e	2d6200ef1acb	dfe5cde7390e	
A-MERGE-BOTH/v84-side	Item	Item.wz/Etc/0400.img	Item.wz/Etc/0400.img/04001339	v84	OK-UNCHANGED	REAL	v84+his-additive	cc3ba9e50165	cc3ba9e50165	30b029a051b3	a5f059e0e6bf	
A-MERGE-BOTH/v84-side	Item	Item.wz/Etc/0400.img	Item.wz/Etc/0400.img/04001395	v84	OK-UNCHANGED	REAL	v84	da903fc6d11d	da903fc6d11d	-	da903fc6d11d	
A-MERGE-BOTH/v84-side	Item	Item.wz/Etc/0400.img	Item.wz/Etc/0400.img/04001399	v84	OK-UNCHANGED	REAL	v84	de0003841ed7	de0003841ed7	-	de0003841ed7	
A-MERGE-BOTH/v84-side	Item	Item.wz/Etc/0400.img	Item.wz/Etc/0400.img/04001401	v84	OK-UNCHANGED	REAL	v84	ad48fdfa156c	ad48fdfa156c	-	ad48fdfa156c	
A-MERGE-BOTH/v84-side	Item	Item.wz/Etc/0400.img	Item.wz/Etc/0400.img/04001402	v84	OK-UNCHANGED	REAL	v84	24d678cf3bbb	24d678cf3bbb	-	24d678cf3bbb	
A-MERGE-BOTH/v84-side	Item	Item.wz/Etc/0400.img	Item.wz/Etc/0400.img/04001435	v84	OK-UNCHANGED	REAL	v84	84b1a59782b1	84b1a59782b1	-	84b1a59782b1	
A-MERGE-BOTH/v84-side	Item	Item.wz/Install/0301.img	Item.wz/Install/0301.img/03010069	v84	OK-UNCHANGED	REAL	v84	094db31cc387	094db31cc387	48bef4ca4826	094db31cc387	
A-MERGE-BOTH/v84-side	Item	Item.wz/Install/0301.img	Item.wz/Install/0301.img/03010097	v84	OK-UNCHANGED	REAL	v84	3ca9f59db17b	3ca9f59db17b	-	3ca9f59db17b	
A-MERGE-BOTH/v84-side	Item	Item.wz/Install/0301.img	Item.wz/Install/0301.img/03010107	v84	OK-UNCHANGED	REAL	v84	1ac6fc8fcf03	1ac6fc8fcf03	-	1ac6fc8fcf03	
A-MERGE-BOTH/v84-side	Item	Item.wz/Install/0301.img	Item.wz/Install/0301.img/03010108	v84	OK-UNCHANGED	REAL	v84	e5c9013e9051	e5c9013e9051	-	e5c9013e9051	
A-MERGE-BOTH/v84-side	Item	Item.wz/Install/0301.img	Item.wz/Install/0301.img/03010120	v84	OK-UNCHANGED	REAL	v84	7bc31ffb8001	7bc31ffb8001	-	7bc31ffb8001	
A-MERGE-BOTH/v84-side	Map	Map.wz/MapHelper.img	Map.wz/MapHelper.img/mark	v84	OK-UNCHANGED	REAL	v84	9f709cd99898	9f709cd99898	ee31236ae5ec	9f709cd99898	
A-MERGE-BOTH/v84-side	Mob	Mob.wz/6300005.img	Mob.wz/6300005.img/info	v84	OK-UNCHANGED	REAL	v84+his-additive	c380ed2149c3	c380ed2149c3	8511dd753da6	136e9be301c9	
A-MERGE-BOTH/v84-side	Mob	Mob.wz/9300196.img	Mob.wz/9300196.img/info	v84	OK-UNCHANGED	REAL	v84+his-additive	3f7063905c0a	3f7063905c0a	384400501831	8a33aa82b0a5	
A-MERGE-BOTH/v84-side	String	String.wz/Pet.img	String.wz/Pet.img/5000067	v84	OK-UNCHANGED	REAL	v84	757595cd94f6	757595cd94f6	-	757595cd94f6	
B-MERGE-BOTH	Character	Character.wz/Cap/01002728.img	Character.wz/Cap/01002728.img/info/icon	live	OK	REAL	his	a7a0cbb1ed0d	def0af4a1e86	a7a0cbb1ed0d	def0af4a1e86	
B-MERGE-BOTH	Character	Character.wz/Cap/01002728.img	Character.wz/Cap/01002728.img/info/iconRaw	live	OK	REAL	his	16cf5d4f4353	925915569655	16cf5d4f4353	925915569655	
B-MERGE-BOTH	Character	Character.wz/Cap/01002728.img	Character.wz/Cap/01002728.img/info/level	live	OK	REAL	his	a6cb62647d0c	a6cb62647d0c	a6cb62647d0c	-	
B-MERGE-BOTH	Character	Character.wz/Cap/01002784.img	Character.wz/Cap/01002784.img/walk2/0	live	OK	REAL	his	e0aafcc5f1b5	54d5d54c8792	e0aafcc5f1b5	54d5d54c8792	
B-MERGE-BOTH	Character	Character.wz/Longcoat/01050131.img	Character.wz/Longcoat/01050131.img/info/icon	live	OK	REAL	his	34efb490c326	ec01c15431c0	34efb490c326	ec01c15431c0	
B-MERGE-BOTH	Character	Character.wz/Longcoat/01050131.img	Character.wz/Longcoat/01050131.img/info/iconRaw	live	OK	REAL	his	13092332cc73	17882e0e92b5	13092332cc73	17882e0e92b5	
B-MERGE-BOTH	Character	Character.wz/Longcoat/01050132.img	Character.wz/Longcoat/01050132.img/info/icon	live	OK	REAL	his	077a61063da3	ae1ecf476559	077a61063da3	ae1ecf476559	
B-MERGE-BOTH	Character	Character.wz/Longcoat/01050132.img	Character.wz/Longcoat/01050132.img/info/iconRaw	live	OK	REAL	his	7575cad7a80c	403590b5c323	7575cad7a80c	403590b5c323	
B-MERGE-BOTH	Character	Character.wz/Longcoat/01050133.img	Character.wz/Longcoat/01050133.img/info/icon	live	OK	REAL	his	be7d0203f7c4	cd919e104035	be7d0203f7c4	cd919e104035	
B-MERGE-BOTH	Character	Character.wz/Longcoat/01050133.img	Character.wz/Longcoat/01050133.img/info/iconRaw	live	OK	REAL	his	ea842b0dade7	3af1413ac221	ea842b0dade7	3af1413ac221	
B-MERGE-BOTH	Character	Character.wz/Longcoat/01050134.img	Character.wz/Longcoat/01050134.img/info/icon	live	OK	REAL	his	1dfe578ce3c8	13f741c8b4a8	1dfe578ce3c8	13f741c8b4a8	
B-MERGE-BOTH	Character	Character.wz/Longcoat/01050134.img	Character.wz/Longcoat/01050134.img/info/iconRaw	live	OK	REAL	his	bf4d146c62e2	bedbc59c5f18	bf4d146c62e2	bedbc59c5f18	
B-MERGE-BOTH	Character	Character.wz/Longcoat/01051150.img	Character.wz/Longcoat/01051150.img/info/icon	live	OK	REAL	his	832866c562b4	a9871f3e68ae	832866c562b4	a9871f3e68ae	
B-MERGE-BOTH	Character	Character.wz/Longcoat/01051150.img	Character.wz/Longcoat/01051150.img/info/iconRaw	live	OK	REAL	his	a95ac65e95ff	8ec37a34ffcb	a95ac65e95ff	8ec37a34ffcb	
B-MERGE-BOTH	Character	Character.wz/Longcoat/01051151.img	Character.wz/Longcoat/01051151.img/info/icon	live	OK	REAL	his	d503a68e5af9	791dea2200f6	d503a68e5af9	791dea2200f6	
B-MERGE-BOTH	Character	Character.wz/Longcoat/01051151.img	Character.wz/Longcoat/01051151.img/info/iconRaw	live	OK	REAL	his	e5ff9a614c82	94521ebb2669	e5ff9a614c82	94521ebb2669	
B-MERGE-BOTH	Character	Character.wz/Longcoat/01051152.img	Character.wz/Longcoat/01051152.img/info/icon	live	OK	REAL	his	5afb452e78a2	96e4705e3c1c	5afb452e78a2	96e4705e3c1c	
B-MERGE-BOTH	Character	Character.wz/Longcoat/01051152.img	Character.wz/Longcoat/01051152.img/info/iconRaw	live	OK	REAL	his	34ba86014024	d3a827d8e2df	34ba86014024	d3a827d8e2df	
B-MERGE-BOTH	Character	Character.wz/Longcoat/01051153.img	Character.wz/Longcoat/01051153.img/info/icon	live	OK	REAL	his	35aca667e59e	bd3ae575b7a8	35aca667e59e	bd3ae575b7a8	
B-MERGE-BOTH	Character	Character.wz/Longcoat/01051153.img	Character.wz/Longcoat/01051153.img/info/iconRaw	live	OK	REAL	his	20e87fa1b34b	4d7511c4ee30	20e87fa1b34b	4d7511c4ee30	
B-MERGE-BOTH	Character	Character.wz/Weapon/01382025.img	Character.wz/Weapon/01382025.img/info/icon	live	OK	REAL	his	bbd9d24ab3be	382709195e67	bbd9d24ab3be	382709195e67	
B-MERGE-BOTH	Character	Character.wz/Weapon/01382025.img	Character.wz/Weapon/01382025.img/info/iconRaw	live	OK	REAL	his	eb4a8f2396f6	8481146dae8e	eb4a8f2396f6	8481146dae8e	
B-MERGE-BOTH	Character	Character.wz/Weapon/01382025.img	Character.wz/Weapon/01382025.img/info/level	live	OK	REAL	his	a6cb62647d0c	a6cb62647d0c	a6cb62647d0c	-	
B-MERGE-BOTH	Etc	Etc.wz/ItemMake.img	Etc.wz/ItemMake.img/0/04260007	live	OK	REAL	his	bd75bbf45d9e	bd75bbf45d9e	bd75bbf45d9e	-	
B-MERGE-BOTH	Etc	Etc.wz/ItemMake.img	Etc.wz/ItemMake.img/0/04260008	live	OK	REAL	his	ab06904193e4	ab06904193e4	ab06904193e4	-	
B-MERGE-BOTH	Etc	Etc.wz/ItemMake.img	Etc.wz/ItemMake.img/2/01072362	live	OK	REAL	his	c98857c38f94	ccb19ba2482e	c98857c38f94	ccb19ba2482e	
B-MERGE-BOTH	Etc	Etc.wz/ItemMake.img	Etc.wz/ItemMake.img/2/01382008	live	OK	REAL	his	1a3613fcd464	bd17a8bd06e3	1a3613fcd464	bd17a8bd06e3	
B-MERGE-BOTH	Mob	Mob.wz/3300005.img	Mob.wz/3300005.img/info/boss	live	OK	REAL	his	f38ce37695c0	f38ce37695c0	f38ce37695c0	-	
B-MERGE-BOTH	Mob	Mob.wz/3300006.img	Mob.wz/3300006.img/info/boss	live	OK	REAL	his	f38ce37695c0	f38ce37695c0	f38ce37695c0	-	
B-MERGE-BOTH	Mob	Mob.wz/3300007.img	Mob.wz/3300007.img/info/boss	live	OK	REAL	his	f38ce37695c0	f38ce37695c0	f38ce37695c0	-	
B-MERGE-BOTH	Mob	Mob.wz/4130103.img	Mob.wz/4130103.img/info/HPgaugeHide	live	OK	REAL	his	8dfeab457eeb	8dfeab457eeb	8dfeab457eeb	-	
B-MERGE-BOTH	Mob	Mob.wz/4130103.img	Mob.wz/4130103.img/info/hpTagBgcolor	live	OK	REAL	his	f31aaca7b2ba	f31aaca7b2ba	f31aaca7b2ba	-	
B-MERGE-BOTH	Mob	Mob.wz/4130103.img	Mob.wz/4130103.img/info/hpTagColor	live	OK	REAL	his	4a3e929d32b1	4a3e929d32b1	4a3e929d32b1	-	
B-MERGE-BOTH	Mob	Mob.wz/5090000.img	Mob.wz/5090000.img/info/HPgaugeHide	live	OK	REAL	his	8dfeab457eeb	8dfeab457eeb	8dfeab457eeb	-	
B-MERGE-BOTH	Mob	Mob.wz/5090000.img	Mob.wz/5090000.img/info/eva	live	OK	REAL	his	ab92ddbd150b	bdb73e5206f1	ab92ddbd150b	bdb73e5206f1	
B-MERGE-BOTH	Mob	Mob.wz/5090000.img	Mob.wz/5090000.img/info/exp	live	OK	REAL	his	be8f76e506f8	bbe1bfff7c9f	be8f76e506f8	bbe1bfff7c9f	
B-MERGE-BOTH	Mob	Mob.wz/5090000.img	Mob.wz/5090000.img/info/hpTagBgcolor	live	OK	REAL	his	f31aaca7b2ba	f31aaca7b2ba	f31aaca7b2ba	-	
B-MERGE-BOTH	Mob	Mob.wz/5090000.img	Mob.wz/5090000.img/info/hpTagColor	live	OK	REAL	his	4a3e929d32b1	4a3e929d32b1	4a3e929d32b1	-	
B-MERGE-BOTH	Mob	Mob.wz/5090000.img	Mob.wz/5090000.img/info/maxHP	live	OK	REAL	his	91dc6b015d62	cce6afb84f99	91dc6b015d62	cce6afb84f99	
B-MERGE-BOTH	Mob	Mob.wz/5090001.img	Mob.wz/5090001.img/info/HPgaugeHide	live	OK	REAL	his	8dfeab457eeb	8dfeab457eeb	8dfeab457eeb	-	
B-MERGE-BOTH	Mob	Mob.wz/5090001.img	Mob.wz/5090001.img/info/eva	live	OK	REAL	his	2776242f94d6	bdb73e5206f1	2776242f94d6	bdb73e5206f1	
B-MERGE-BOTH	Mob	Mob.wz/5090001.img	Mob.wz/5090001.img/info/exp	live	OK	REAL	his	f5a89448eef0	6cea9219a8b2	f5a89448eef0	6cea9219a8b2	
B-MERGE-BOTH	Mob	Mob.wz/5090001.img	Mob.wz/5090001.img/info/hpTagBgcolor	live	OK	REAL	his	f31aaca7b2ba	f31aaca7b2ba	f31aaca7b2ba	-	
B-MERGE-BOTH	Mob	Mob.wz/5090001.img	Mob.wz/5090001.img/info/hpTagColor	live	OK	REAL	his	4a3e929d32b1	4a3e929d32b1	4a3e929d32b1	-	
B-MERGE-BOTH	Mob	Mob.wz/5090001.img	Mob.wz/5090001.img/info/level	live	OK	REAL	his	f88ec01be8e7	0f51127ac355	f88ec01be8e7	0f51127ac355	
B-MERGE-BOTH	Mob	Mob.wz/5090001.img	Mob.wz/5090001.img/info/maxHP	live	OK	REAL	his	4add977acb61	23659e2258da	4add977acb61	23659e2258da	
B-MERGE-BOTH	Mob	Mob.wz/5090001.img	Mob.wz/5090001.img/info/maxMP	live	OK	REAL	his	937400874eeb	d614933b5911	937400874eeb	d614933b5911	
B-MERGE-BOTH	Mob	Mob.wz/5120100.img	Mob.wz/5120100.img/info/HPgaugeHide	live	OK	REAL	his	8dfeab457eeb	8dfeab457eeb	8dfeab457eeb	-	
B-MERGE-BOTH	Mob	Mob.wz/5120100.img	Mob.wz/5120100.img/info/hpTagBgcolor	live	OK	REAL	his	f31aaca7b2ba	f31aaca7b2ba	f31aaca7b2ba	-	
B-MERGE-BOTH	Mob	Mob.wz/5120100.img	Mob.wz/5120100.img/info/hpTagColor	live	OK	REAL	his	4a3e929d32b1	4a3e929d32b1	4a3e929d32b1	-	
B-MERGE-BOTH	Mob	Mob.wz/6090000.img	Mob.wz/6090000.img/info/HPgaugeHide	live	OK	REAL	his	8dfeab457eeb	8dfeab457eeb	8dfeab457eeb	-	
B-MERGE-BOTH	Mob	Mob.wz/6090000.img	Mob.wz/6090000.img/info/exp	live	OK	REAL	his	454e09166219	16c99c69c677	454e09166219	16c99c69c677	
B-MERGE-BOTH	Mob	Mob.wz/6090000.img	Mob.wz/6090000.img/info/hpTagBgcolor	live	OK	REAL	his	f31aaca7b2ba	f31aaca7b2ba	f31aaca7b2ba	-	
B-MERGE-BOTH	Mob	Mob.wz/6090000.img	Mob.wz/6090000.img/info/hpTagColor	live	OK	REAL	his	4a3e929d32b1	4a3e929d32b1	4a3e929d32b1	-	
B-MERGE-BOTH	Mob	Mob.wz/6090000.img	Mob.wz/6090000.img/info/level	live	OK	REAL	his	68881dbb5d99	875caaf2facb	68881dbb5d99	875caaf2facb	
B-MERGE-BOTH	Mob	Mob.wz/6090001.img	Mob.wz/6090001.img/info/HPgaugeHide	live	OK	REAL	his	8dfeab457eeb	8dfeab457eeb	8dfeab457eeb	-	
B-MERGE-BOTH	Mob	Mob.wz/6090001.img	Mob.wz/6090001.img/info/exp	live	OK	REAL	his	c88dc3091ef1	dab71bfe3537	c88dc3091ef1	dab71bfe3537	
B-MERGE-BOTH	Mob	Mob.wz/6090001.img	Mob.wz/6090001.img/info/hpTagBgcolor	live	OK	REAL	his	f31aaca7b2ba	f31aaca7b2ba	f31aaca7b2ba	-	
B-MERGE-BOTH	Mob	Mob.wz/6090001.img	Mob.wz/6090001.img/info/hpTagColor	live	OK	REAL	his	4a3e929d32b1	4a3e929d32b1	4a3e929d32b1	-	
B-MERGE-BOTH	Mob	Mob.wz/6090002.img	Mob.wz/6090002.img/info/HPgaugeHide	live	OK	REAL	his	8dfeab457eeb	8dfeab457eeb	8dfeab457eeb	-	
B-MERGE-BOTH	Mob	Mob.wz/6090002.img	Mob.wz/6090002.img/info/eva	live	OK	REAL	his	f1ee860f5ee8	bdb73e5206f1	f1ee860f5ee8	bdb73e5206f1	
B-MERGE-BOTH	Mob	Mob.wz/6090002.img	Mob.wz/6090002.img/info/exp	live	OK	REAL	his	1e836e99484a	947db2c1748c	1e836e99484a	947db2c1748c	
B-MERGE-BOTH	Mob	Mob.wz/6090002.img	Mob.wz/6090002.img/info/hpTagBgcolor	live	OK	REAL	his	f31aaca7b2ba	f31aaca7b2ba	f31aaca7b2ba	-	
B-MERGE-BOTH	Mob	Mob.wz/6090002.img	Mob.wz/6090002.img/info/hpTagColor	live	OK	REAL	his	4a3e929d32b1	4a3e929d32b1	4a3e929d32b1	-	
B-MERGE-BOTH	Mob	Mob.wz/6090002.img	Mob.wz/6090002.img/info/maxHP	live	OK	REAL	his	c69d205d9865	2ab317e8b56a	c69d205d9865	2ab317e8b56a	
B-MERGE-BOTH	Mob	Mob.wz/6090002.img	Mob.wz/6090002.img/info/maxMP	live	OK	REAL	his	ee64c9b4a4cc	936191fed403	ee64c9b4a4cc	936191fed403	
B-MERGE-BOTH	Mob	Mob.wz/6090003.img	Mob.wz/6090003.img/info/HPgaugeHide	live	OK	REAL	his	8dfeab457eeb	8dfeab457eeb	8dfeab457eeb	-	
B-MERGE-BOTH	Mob	Mob.wz/6090003.img	Mob.wz/6090003.img/info/exp	live	OK	REAL	his	481ea6f9da7c	e78c42bb0883	481ea6f9da7c	e78c42bb0883	
B-MERGE-BOTH	Mob	Mob.wz/6090003.img	Mob.wz/6090003.img/info/hpTagBgcolor	live	OK	REAL	his	f31aaca7b2ba	f31aaca7b2ba	f31aaca7b2ba	-	
B-MERGE-BOTH	Mob	Mob.wz/6090003.img	Mob.wz/6090003.img/info/hpTagColor	live	OK	REAL	his	4a3e929d32b1	4a3e929d32b1	4a3e929d32b1	-	
B-MERGE-BOTH	Mob	Mob.wz/6090004.img	Mob.wz/6090004.img/info/HPgaugeHide	live	OK	REAL	his	8dfeab457eeb	8dfeab457eeb	8dfeab457eeb	-	
B-MERGE-BOTH	Mob	Mob.wz/6090004.img	Mob.wz/6090004.img/info/eva	live	OK	REAL	his	d437420e90e6	bdb73e5206f1	d437420e90e6	bdb73e5206f1	
B-MERGE-BOTH	Mob	Mob.wz/6090004.img	Mob.wz/6090004.img/info/hpTagBgcolor	live	OK	REAL	his	f31aaca7b2ba	f31aaca7b2ba	f31aaca7b2ba	-	
B-MERGE-BOTH	Mob	Mob.wz/6090004.img	Mob.wz/6090004.img/info/hpTagColor	live	OK	REAL	his	4a3e929d32b1	4a3e929d32b1	4a3e929d32b1	-	
B-MERGE-BOTH	Mob	Mob.wz/6090004.img	Mob.wz/6090004.img/info/maxHP	live	OK	REAL	his	edf6bbef2a98	ca6780d730e1	edf6bbef2a98	ca6780d730e1	
B-MERGE-BOTH	Mob	Mob.wz/7090000.img	Mob.wz/7090000.img/info/HPgaugeHide	live	OK	REAL	his	8dfeab457eeb	8dfeab457eeb	8dfeab457eeb	-	
B-MERGE-BOTH	Mob	Mob.wz/7090000.img	Mob.wz/7090000.img/info/eva	live	OK	REAL	his	401c84e703c4	bdb73e5206f1	401c84e703c4	bdb73e5206f1	
B-MERGE-BOTH	Mob	Mob.wz/7090000.img	Mob.wz/7090000.img/info/hpTagBgcolor	live	OK	REAL	his	f31aaca7b2ba	f31aaca7b2ba	f31aaca7b2ba	-	
B-MERGE-BOTH	Mob	Mob.wz/7090000.img	Mob.wz/7090000.img/info/hpTagColor	live	OK	REAL	his	4a3e929d32b1	4a3e929d32b1	4a3e929d32b1	-	
B-MERGE-BOTH	Mob	Mob.wz/7090000.img	Mob.wz/7090000.img/info/maxHP	live	OK	REAL	his	e078a3b8c226	e8908b26d65b	e078a3b8c226	e8908b26d65b	
B-MERGE-BOTH	Mob	Mob.wz/7120100.img	Mob.wz/7120100.img/info/HPgaugeHide	live	OK	REAL	his	8dfeab457eeb	8dfeab457eeb	8dfeab457eeb	-	
B-MERGE-BOTH	Mob	Mob.wz/7120100.img	Mob.wz/7120100.img/info/hpTagBgcolor	live	OK	REAL	his	f31aaca7b2ba	f31aaca7b2ba	f31aaca7b2ba	-	
B-MERGE-BOTH	Mob	Mob.wz/7120100.img	Mob.wz/7120100.img/info/hpTagColor	live	OK	REAL	his	4a3e929d32b1	4a3e929d32b1	4a3e929d32b1	-	
B-MERGE-BOTH	Mob	Mob.wz/7120100.img	Mob.wz/7120100.img/info/maxHP	live	OK	REAL	his	2a861a2da40c	d45dde4a0e15	2a861a2da40c	d45dde4a0e15	
B-MERGE-BOTH	Mob	Mob.wz/7120101.img	Mob.wz/7120101.img/info/HPgaugeHide	live	OK	REAL	his	8dfeab457eeb	8dfeab457eeb	8dfeab457eeb	-	
B-MERGE-BOTH	Mob	Mob.wz/7120101.img	Mob.wz/7120101.img/info/hpTagBgcolor	live	OK	REAL	his	f31aaca7b2ba	f31aaca7b2ba	f31aaca7b2ba	-	
B-MERGE-BOTH	Mob	Mob.wz/7120101.img	Mob.wz/7120101.img/info/hpTagColor	live	OK	REAL	his	4a3e929d32b1	4a3e929d32b1	4a3e929d32b1	-	
B-MERGE-BOTH	Mob	Mob.wz/7120101.img	Mob.wz/7120101.img/info/maxHP	live	OK	REAL	his	db1a3128bb29	d45dde4a0e15	db1a3128bb29	d45dde4a0e15	
B-MERGE-BOTH	Mob	Mob.wz/7120102.img	Mob.wz/7120102.img/info/HPgaugeHide	live	OK	REAL	his	8dfeab457eeb	8dfeab457eeb	8dfeab457eeb	-	
B-MERGE-BOTH	Mob	Mob.wz/7120102.img	Mob.wz/7120102.img/info/hpTagBgcolor	live	OK	REAL	his	f31aaca7b2ba	f31aaca7b2ba	f31aaca7b2ba	-	
B-MERGE-BOTH	Mob	Mob.wz/7120102.img	Mob.wz/7120102.img/info/hpTagColor	live	OK	REAL	his	4a3e929d32b1	4a3e929d32b1	4a3e929d32b1	-	
B-MERGE-BOTH	Mob	Mob.wz/7120102.img	Mob.wz/7120102.img/info/maxHP	live	OK	REAL	his	b8c03c49c4e9	d45dde4a0e15	b8c03c49c4e9	d45dde4a0e15	
B-MERGE-BOTH	Mob	Mob.wz/8090000.img	Mob.wz/8090000.img/info/HPgaugeHide	live	OK	REAL	his	8dfeab457eeb	8dfeab457eeb	8dfeab457eeb	-	
B-MERGE-BOTH	Mob	Mob.wz/8090000.img	Mob.wz/8090000.img/info/eva	live	OK	REAL	his	8ce051387c20	bdb73e5206f1	8ce051387c20	bdb73e5206f1	
B-MERGE-BOTH	Mob	Mob.wz/8090000.img	Mob.wz/8090000.img/info/hpTagBgcolor	live	OK	REAL	his	f31aaca7b2ba	f31aaca7b2ba	f31aaca7b2ba	-	
B-MERGE-BOTH	Mob	Mob.wz/8090000.img	Mob.wz/8090000.img/info/hpTagColor	live	OK	REAL	his	4a3e929d32b1	4a3e929d32b1	4a3e929d32b1	-	
B-MERGE-BOTH	Mob	Mob.wz/8090000.img	Mob.wz/8090000.img/info/maxHP	live	OK	REAL	his	d698547e1cf9	c2d0a0d772cf	d698547e1cf9	c2d0a0d772cf	
B-MERGE-BOTH	Mob	Mob.wz/8120100.img	Mob.wz/8120100.img/info/HPgaugeHide	live	OK	REAL	his	8dfeab457eeb	8dfeab457eeb	8dfeab457eeb	-	
B-MERGE-BOTH	Mob	Mob.wz/8120100.img	Mob.wz/8120100.img/info/hpTagBgcolor	live	OK	REAL	his	f31aaca7b2ba	f31aaca7b2ba	f31aaca7b2ba	-	
B-MERGE-BOTH	Mob	Mob.wz/8120100.img	Mob.wz/8120100.img/info/hpTagColor	live	OK	REAL	his	4a3e929d32b1	4a3e929d32b1	4a3e929d32b1	-	
B-MERGE-BOTH	Mob	Mob.wz/8120100.img	Mob.wz/8120100.img/info/maxHP	live	OK	REAL	his	0ee269b4713b	d45dde4a0e15	0ee269b4713b	d45dde4a0e15	
B-MERGE-BOTH	Mob	Mob.wz/8120101.img	Mob.wz/8120101.img/info/HPgaugeHide	live	OK	REAL	his	8dfeab457eeb	8dfeab457eeb	8dfeab457eeb	-	
B-MERGE-BOTH	Mob	Mob.wz/8120101.img	Mob.wz/8120101.img/info/hpTagBgcolor	live	OK	REAL	his	f31aaca7b2ba	f31aaca7b2ba	f31aaca7b2ba	-	
B-MERGE-BOTH	Mob	Mob.wz/8120101.img	Mob.wz/8120101.img/info/hpTagColor	live	OK	REAL	his	4a3e929d32b1	4a3e929d32b1	4a3e929d32b1	-	
B-MERGE-BOTH	Mob	Mob.wz/8120101.img	Mob.wz/8120101.img/info/maxHP	live	OK	REAL	his	4c01b8742516	d45dde4a0e15	4c01b8742516	d45dde4a0e15	
B-MERGE-BOTH	Mob	Mob.wz/8140510.img	Mob.wz/8140510.img/info/HPgaugeHide	live	OK	REAL	his	8dfeab457eeb	8dfeab457eeb	8dfeab457eeb	-	
B-MERGE-BOTH	Mob	Mob.wz/8140510.img	Mob.wz/8140510.img/info/hpTagBgcolor	live	OK	REAL	his	f31aaca7b2ba	f31aaca7b2ba	f31aaca7b2ba	-	
B-MERGE-BOTH	Mob	Mob.wz/8140510.img	Mob.wz/8140510.img/info/hpTagColor	live	OK	REAL	his	4a3e929d32b1	4a3e929d32b1	4a3e929d32b1	-	
B-MERGE-BOTH	Mob	Mob.wz/8140510.img	Mob.wz/8140510.img/info/maxHP	live	OK	REAL	his	e078a3b8c226	d45dde4a0e15	e078a3b8c226	d45dde4a0e15	
B-MERGE-BOTH	Mob	Mob.wz/8150000.img	Mob.wz/8150000.img/info/HPgaugeHide	live	OK	REAL	his	8dfeab457eeb	8dfeab457eeb	8dfeab457eeb	-	
B-MERGE-BOTH	Mob	Mob.wz/8150000.img	Mob.wz/8150000.img/info/hpTagBgcolor	live	OK	REAL	his	f31aaca7b2ba	f31aaca7b2ba	f31aaca7b2ba	-	
B-MERGE-BOTH	Mob	Mob.wz/8150000.img	Mob.wz/8150000.img/info/hpTagColor	live	OK	REAL	his	4a3e929d32b1	4a3e929d32b1	4a3e929d32b1	-	
B-MERGE-BOTH	Mob	Mob.wz/8220007.img	Mob.wz/8220007.img/info/HPgaugeHide	live	OK	REAL	his	8dfeab457eeb	8dfeab457eeb	8dfeab457eeb	-	
B-MERGE-BOTH	Mob	Mob.wz/8220007.img	Mob.wz/8220007.img/info/hpTagBgcolor	live	OK	REAL	his	f31aaca7b2ba	f31aaca7b2ba	f31aaca7b2ba	-	
B-MERGE-BOTH	Mob	Mob.wz/8220007.img	Mob.wz/8220007.img/info/hpTagColor	live	OK	REAL	his	4a3e929d32b1	4a3e929d32b1	4a3e929d32b1	-	
B-MERGE-BOTH	Mob	Mob.wz/8220009.img	Mob.wz/8220009.img/info/HPgaugeHide	live	OK	REAL	his	8dfeab457eeb	8dfeab457eeb	8dfeab457eeb	-	
B-MERGE-BOTH	Mob	Mob.wz/8220009.img	Mob.wz/8220009.img/info/hpTagBgcolor	live	OK	REAL	his	f31aaca7b2ba	f31aaca7b2ba	f31aaca7b2ba	-	
B-MERGE-BOTH	Mob	Mob.wz/8220009.img	Mob.wz/8220009.img/info/hpTagColor	live	OK	REAL	his	4a3e929d32b1	4a3e929d32b1	4a3e929d32b1	-	
B-MERGE-BOTH	Mob	Mob.wz/8520000.img	Mob.wz/8520000.img/info/removeAfter	live	UNAPPLIED-DELETION	REAL	v84	c27a9d379ca7	c27a9d379ca7	-	c27a9d379ca7	
B-MERGE-BOTH	Mob	Mob.wz/8810018.img	Mob.wz/8810018.img/info/boss	live	OK	REAL	his	f38ce37695c0	f38ce37695c0	f38ce37695c0	-	
B-MERGE-BOTH	Mob	Mob.wz/8820000.img	Mob.wz/8820000.img/info/revive	live	OK	REAL	his	2c6a6811b60e	2c6a6811b60e	2c6a6811b60e	-	
B-MERGE-BOTH	Mob	Mob.wz/8820002.img	Mob.wz/8820002.img/info/HPgaugeHide	live	OK	REAL	his	8dfeab457eeb	8dfeab457eeb	8dfeab457eeb	-	
B-MERGE-BOTH	Mob	Mob.wz/8820002.img	Mob.wz/8820002.img/info/hpTagBgcolor	live	OK	REAL	his	f31aaca7b2ba	f31aaca7b2ba	f31aaca7b2ba	-	
B-MERGE-BOTH	Mob	Mob.wz/8820002.img	Mob.wz/8820002.img/info/hpTagColor	live	OK	REAL	his	4a3e929d32b1	4a3e929d32b1	4a3e929d32b1	-	
B-MERGE-BOTH	Mob	Mob.wz/8820003.img	Mob.wz/8820003.img/info/HPgaugeHide	live	OK	REAL	his	8dfeab457eeb	8dfeab457eeb	8dfeab457eeb	-	
B-MERGE-BOTH	Mob	Mob.wz/8820003.img	Mob.wz/8820003.img/info/hpTagBgcolor	live	OK	REAL	his	f31aaca7b2ba	f31aaca7b2ba	f31aaca7b2ba	-	
B-MERGE-BOTH	Mob	Mob.wz/8820003.img	Mob.wz/8820003.img/info/hpTagColor	live	OK	REAL	his	4a3e929d32b1	4a3e929d32b1	4a3e929d32b1	-	
B-MERGE-BOTH	Mob	Mob.wz/8820003.img	Mob.wz/8820003.img/info/revive	live	OK	REAL	his	e8a81a804abe	9a0def4add6a	e8a81a804abe	9a0def4add6a	
B-MERGE-BOTH	Mob	Mob.wz/8820004.img	Mob.wz/8820004.img/info/HPgaugeHide	live	OK	REAL	his	8dfeab457eeb	8dfeab457eeb	8dfeab457eeb	-	
B-MERGE-BOTH	Mob	Mob.wz/8820004.img	Mob.wz/8820004.img/info/hpTagBgcolor	live	OK	REAL	his	f31aaca7b2ba	f31aaca7b2ba	f31aaca7b2ba	-	
B-MERGE-BOTH	Mob	Mob.wz/8820004.img	Mob.wz/8820004.img/info/hpTagColor	live	OK	REAL	his	4a3e929d32b1	4a3e929d32b1	4a3e929d32b1	-	
B-MERGE-BOTH	Mob	Mob.wz/8820004.img	Mob.wz/8820004.img/info/revive	live	OK	REAL	his	0748d4f3a02f	959ae1c353fe	0748d4f3a02f	959ae1c353fe	
B-MERGE-BOTH	Mob	Mob.wz/8820005.img	Mob.wz/8820005.img/info/HPgaugeHide	live	OK	REAL	his	8dfeab457eeb	8dfeab457eeb	8dfeab457eeb	-	
B-MERGE-BOTH	Mob	Mob.wz/8820005.img	Mob.wz/8820005.img/info/hpTagBgcolor	live	OK	REAL	his	f31aaca7b2ba	f31aaca7b2ba	f31aaca7b2ba	-	
B-MERGE-BOTH	Mob	Mob.wz/8820005.img	Mob.wz/8820005.img/info/hpTagColor	live	OK	REAL	his	4a3e929d32b1	4a3e929d32b1	4a3e929d32b1	-	
B-MERGE-BOTH	Mob	Mob.wz/8820005.img	Mob.wz/8820005.img/info/revive	live	OK	REAL	his	394472706909	106d70673c92	394472706909	106d70673c92	
B-MERGE-BOTH	Mob	Mob.wz/8820006.img	Mob.wz/8820006.img/info/HPgaugeHide	live	OK	REAL	his	8dfeab457eeb	8dfeab457eeb	8dfeab457eeb	-	
B-MERGE-BOTH	Mob	Mob.wz/8820006.img	Mob.wz/8820006.img/info/hpTagBgcolor	live	OK	REAL	his	f31aaca7b2ba	f31aaca7b2ba	f31aaca7b2ba	-	
B-MERGE-BOTH	Mob	Mob.wz/8820006.img	Mob.wz/8820006.img/info/hpTagColor	live	OK	REAL	his	4a3e929d32b1	4a3e929d32b1	4a3e929d32b1	-	
B-MERGE-BOTH	Mob	Mob.wz/8820006.img	Mob.wz/8820006.img/info/revive	live	OK	REAL	his	c77d4e3133d3	baad19cd84be	c77d4e3133d3	baad19cd84be	
B-MERGE-BOTH	Mob	Mob.wz/8820010.img	Mob.wz/8820010.img/info/boss	live	OK	REAL	his	f38ce37695c0	f38ce37695c0	f38ce37695c0	-	
B-MERGE-BOTH	Mob	Mob.wz/8820011.img	Mob.wz/8820011.img/info/boss	live	OK	REAL	his	f38ce37695c0	f38ce37695c0	f38ce37695c0	-	
B-MERGE-BOTH	Mob	Mob.wz/8820012.img	Mob.wz/8820012.img/info/boss	live	OK	REAL	his	f38ce37695c0	f38ce37695c0	f38ce37695c0	-	
B-MERGE-BOTH	Mob	Mob.wz/8820013.img	Mob.wz/8820013.img/info/boss	live	OK	REAL	his	f38ce37695c0	f38ce37695c0	f38ce37695c0	-	
B-MERGE-BOTH	Mob	Mob.wz/8820014.img	Mob.wz/8820014.img/info/boss	live	OK	REAL	his	f38ce37695c0	f38ce37695c0	f38ce37695c0	-	
B-MERGE-BOTH	Mob	Mob.wz/8830000.img	Mob.wz/8830000.img/info/HPgaugeHide	live	OK	REAL	his	8dfeab457eeb	8dfeab457eeb	8dfeab457eeb	-	
B-MERGE-BOTH	Mob	Mob.wz/8830000.img	Mob.wz/8830000.img/info/hpTagBgcolor	live	OK	REAL	his	f31aaca7b2ba	f31aaca7b2ba	f31aaca7b2ba	-	
B-MERGE-BOTH	Mob	Mob.wz/8830000.img	Mob.wz/8830000.img/info/hpTagColor	live	OK	REAL	his	4a3e929d32b1	4a3e929d32b1	4a3e929d32b1	-	
B-MERGE-BOTH	Mob	Mob.wz/8830003.img	Mob.wz/8830003.img/info/boss	live	OK	REAL	his	f38ce37695c0	f38ce37695c0	f38ce37695c0	-	
B-MERGE-BOTH	Mob	Mob.wz/8830010.img	Mob.wz/8830010.img/info/boss	live	OK	REAL	his	f38ce37695c0	f38ce37695c0	f38ce37695c0	-	
B-MERGE-BOTH	Mob	Mob.wz/9001000.img	Mob.wz/9001000.img/info/HPgaugeHide	live	OK	REAL	his	8dfeab457eeb	8dfeab457eeb	8dfeab457eeb	-	
B-MERGE-BOTH	Mob	Mob.wz/9001000.img	Mob.wz/9001000.img/info/hpTagBgcolor	live	OK	REAL	his	f31aaca7b2ba	f31aaca7b2ba	f31aaca7b2ba	-	
B-MERGE-BOTH	Mob	Mob.wz/9001000.img	Mob.wz/9001000.img/info/hpTagColor	live	OK	REAL	his	4a3e929d32b1	4a3e929d32b1	4a3e929d32b1	-	
B-MERGE-BOTH	Mob	Mob.wz/9001001.img	Mob.wz/9001001.img/info/HPgaugeHide	live	OK	REAL	his	8dfeab457eeb	8dfeab457eeb	8dfeab457eeb	-	
B-MERGE-BOTH	Mob	Mob.wz/9001001.img	Mob.wz/9001001.img/info/hpTagBgcolor	live	OK	REAL	his	f31aaca7b2ba	f31aaca7b2ba	f31aaca7b2ba	-	
B-MERGE-BOTH	Mob	Mob.wz/9001001.img	Mob.wz/9001001.img/info/hpTagColor	live	OK	REAL	his	4a3e929d32b1	4a3e929d32b1	4a3e929d32b1	-	
B-MERGE-BOTH	Mob	Mob.wz/9001002.img	Mob.wz/9001002.img/info/HPgaugeHide	live	OK	REAL	his	8dfeab457eeb	8dfeab457eeb	8dfeab457eeb	-	
B-MERGE-BOTH	Mob	Mob.wz/9001002.img	Mob.wz/9001002.img/info/hpTagBgcolor	live	OK	REAL	his	f31aaca7b2ba	f31aaca7b2ba	f31aaca7b2ba	-	
B-MERGE-BOTH	Mob	Mob.wz/9001002.img	Mob.wz/9001002.img/info/hpTagColor	live	OK	REAL	his	4a3e929d32b1	4a3e929d32b1	4a3e929d32b1	-	
B-MERGE-BOTH	Mob	Mob.wz/9001003.img	Mob.wz/9001003.img/info/HPgaugeHide	live	OK	REAL	his	8dfeab457eeb	8dfeab457eeb	8dfeab457eeb	-	
B-MERGE-BOTH	Mob	Mob.wz/9001003.img	Mob.wz/9001003.img/info/hpTagBgcolor	live	OK	REAL	his	f31aaca7b2ba	f31aaca7b2ba	f31aaca7b2ba	-	
B-MERGE-BOTH	Mob	Mob.wz/9001003.img	Mob.wz/9001003.img/info/hpTagColor	live	OK	REAL	his	4a3e929d32b1	4a3e929d32b1	4a3e929d32b1	-	
B-MERGE-BOTH	Mob	Mob.wz/9001004.img	Mob.wz/9001004.img/info/HPgaugeHide	live	OK	REAL	his	8dfeab457eeb	8dfeab457eeb	8dfeab457eeb	-	
B-MERGE-BOTH	Mob	Mob.wz/9001004.img	Mob.wz/9001004.img/info/hpTagBgcolor	live	OK	REAL	his	f31aaca7b2ba	f31aaca7b2ba	f31aaca7b2ba	-	
B-MERGE-BOTH	Mob	Mob.wz/9001004.img	Mob.wz/9001004.img/info/hpTagColor	live	OK	REAL	his	4a3e929d32b1	4a3e929d32b1	4a3e929d32b1	-	
B-MERGE-BOTH	Mob	Mob.wz/9001008.img	Mob.wz/9001008.img/info/HPgaugeHide	live	OK	REAL	his	8dfeab457eeb	8dfeab457eeb	8dfeab457eeb	-	
B-MERGE-BOTH	Mob	Mob.wz/9001008.img	Mob.wz/9001008.img/info/boss	live	OK	REAL	his	f38ce37695c0	f38ce37695c0	f38ce37695c0	-	
B-MERGE-BOTH	Mob	Mob.wz/9001008.img	Mob.wz/9001008.img/info/hpTagBgcolor	live	OK	REAL	his	f31aaca7b2ba	f31aaca7b2ba	f31aaca7b2ba	-	
B-MERGE-BOTH	Mob	Mob.wz/9001008.img	Mob.wz/9001008.img/info/hpTagColor	live	OK	REAL	his	4a3e929d32b1	4a3e929d32b1	4a3e929d32b1	-	
B-MERGE-BOTH	Mob	Mob.wz/9300003.img	Mob.wz/9300003.img/info/HPgaugeHide	live	OK	REAL	his	8dfeab457eeb	8dfeab457eeb	8dfeab457eeb	-	
B-MERGE-BOTH	Mob	Mob.wz/9300003.img	Mob.wz/9300003.img/info/boss	live	OK	REAL	his	f38ce37695c0	f38ce37695c0	f38ce37695c0	-	
B-MERGE-BOTH	Mob	Mob.wz/9300003.img	Mob.wz/9300003.img/info/hpTagBgcolor	live	OK	REAL	his	f31aaca7b2ba	f31aaca7b2ba	f31aaca7b2ba	-	
B-MERGE-BOTH	Mob	Mob.wz/9300003.img	Mob.wz/9300003.img/info/hpTagColor	live	OK	REAL	his	4a3e929d32b1	4a3e929d32b1	4a3e929d32b1	-	
B-MERGE-BOTH	Mob	Mob.wz/9300012.img	Mob.wz/9300012.img/info/HPgaugeHide	live	OK	REAL	his	8dfeab457eeb	8dfeab457eeb	8dfeab457eeb	-	
B-MERGE-BOTH	Mob	Mob.wz/9300012.img	Mob.wz/9300012.img/info/hpTagBgcolor	live	OK	REAL	his	f31aaca7b2ba	f31aaca7b2ba	f31aaca7b2ba	-	
B-MERGE-BOTH	Mob	Mob.wz/9300012.img	Mob.wz/9300012.img/info/hpTagColor	live	OK	REAL	his	4a3e929d32b1	4a3e929d32b1	4a3e929d32b1	-	
B-MERGE-BOTH	Mob	Mob.wz/9300093.img	Mob.wz/9300093.img/info/dropItemPeriod	live	OK	REAL	his	0ea9680b5d0b	0ea9680b5d0b	0ea9680b5d0b	-	
B-MERGE-BOTH	Mob	Mob.wz/9303002.img	Mob.wz/9303002.img/info/boss	live	OK	REAL	his	f38ce37695c0	f38ce37695c0	f38ce37695c0	-	
B-MERGE-BOTH	Mob	Mob.wz/9400014.img	Mob.wz/9400014.img/info/HPgaugeHide	live	OK	REAL	his	8dfeab457eeb	8dfeab457eeb	8dfeab457eeb	-	
B-MERGE-BOTH	Mob	Mob.wz/9400014.img	Mob.wz/9400014.img/info/hpTagBgcolor	live	OK	REAL	his	f31aaca7b2ba	f31aaca7b2ba	f31aaca7b2ba	-	
B-MERGE-BOTH	Mob	Mob.wz/9400014.img	Mob.wz/9400014.img/info/hpTagColor	live	OK	REAL	his	4a3e929d32b1	4a3e929d32b1	4a3e929d32b1	-	
B-MERGE-BOTH	Mob	Mob.wz/9400205.img	Mob.wz/9400205.img/info/HPgaugeHide	live	OK	REAL	his	8dfeab457eeb	8dfeab457eeb	8dfeab457eeb	-	
B-MERGE-BOTH	Mob	Mob.wz/9400205.img	Mob.wz/9400205.img/info/hpTagBgcolor	live	OK	REAL	his	f31aaca7b2ba	f31aaca7b2ba	f31aaca7b2ba	-	
B-MERGE-BOTH	Mob	Mob.wz/9400205.img	Mob.wz/9400205.img/info/hpTagColor	live	OK	REAL	his	4a3e929d32b1	4a3e929d32b1	4a3e929d32b1	-	
B-MERGE-BOTH	Mob	Mob.wz/9500340.img	Mob.wz/9500340.img/info/HPgaugeHide	live	OK	REAL	his	8dfeab457eeb	8dfeab457eeb	8dfeab457eeb	-	
B-MERGE-BOTH	Mob	Mob.wz/9500340.img	Mob.wz/9500340.img/info/boss	live	OK	REAL	his	f38ce37695c0	f38ce37695c0	f38ce37695c0	-	
B-MERGE-BOTH	Mob	Mob.wz/9500340.img	Mob.wz/9500340.img/info/hpTagBgcolor	live	OK	REAL	his	f31aaca7b2ba	f31aaca7b2ba	f31aaca7b2ba	-	
B-MERGE-BOTH	Mob	Mob.wz/9500340.img	Mob.wz/9500340.img/info/hpTagColor	live	OK	REAL	his	4a3e929d32b1	4a3e929d32b1	4a3e929d32b1	-	
B-MERGE-BOTH	Mob	Mob.wz/9500340.img	Mob.wz/9500340.img/info/revive	live	OK	REAL	his	32cf525fd56f	cb1f5c08e8b3	32cf525fd56f	cb1f5c08e8b3	
B-MERGE-BOTH	Mob	Mob.wz/9500343.img	Mob.wz/9500343.img/info/HPgaugeHide	live	OK	REAL	his	8dfeab457eeb	8dfeab457eeb	8dfeab457eeb	-	
B-MERGE-BOTH	Mob	Mob.wz/9500343.img	Mob.wz/9500343.img/info/default	live	UNAPPLIED-DELETION	REAL	v84	1d8a45145b21	1d8a45145b21	-	1d8a45145b21	
B-MERGE-BOTH	Mob	Mob.wz/9500343.img	Mob.wz/9500343.img/info/hpTagBgcolor	live	OK	REAL	his	f31aaca7b2ba	f31aaca7b2ba	f31aaca7b2ba	-	
B-MERGE-BOTH	Mob	Mob.wz/9500343.img	Mob.wz/9500343.img/info/hpTagColor	live	OK	REAL	his	4a3e929d32b1	4a3e929d32b1	4a3e929d32b1	-	
B-MERGE-BOTH	Mob	Mob.wz/9500358.img	Mob.wz/9500358.img/info/HPgaugeHide	live	OK	REAL	his	8dfeab457eeb	8dfeab457eeb	8dfeab457eeb	-	
B-MERGE-BOTH	Mob	Mob.wz/9500358.img	Mob.wz/9500358.img/info/hpTagBgcolor	live	OK	REAL	his	f31aaca7b2ba	f31aaca7b2ba	f31aaca7b2ba	-	
B-MERGE-BOTH	Mob	Mob.wz/9500358.img	Mob.wz/9500358.img/info/hpTagColor	live	OK	REAL	his	4a3e929d32b1	4a3e929d32b1	4a3e929d32b1	-	
B-MERGE-BOTH	Quest	Quest.wz/Act.img	Quest.wz/Act.img/10430/1	live	OK	REAL	his	d9bcadcd6e3a	956525438ce3	d9bcadcd6e3a	956525438ce3	
B-MERGE-BOTH	Skill	Skill.wz/000.img	Skill.wz/000.img/skill/0000100	live	OK	REAL	his	7d2814345f40	7d2814345f40	7d2814345f40	-	
B-MERGE-BOTH	Skill	Skill.wz/000.img	Skill.wz/000.img/skill/0001011	live	OK	REAL	his	5420eb757b63	2d78f8dcb44a	5420eb757b63	2d78f8dcb44a	
B-MERGE-BOTH	Skill	Skill.wz/1000.img	Skill.wz/1000.img/skill/10000012	live	OK	REAL	his	5a50e2cb4fcc	3f140bc9d07a	5a50e2cb4fcc	3f140bc9d07a	
B-MERGE-BOTH	Skill	Skill.wz/1000.img	Skill.wz/1000.img/skill/10000100	live	OK	REAL	his	2e949235cfee	2e949235cfee	2e949235cfee	-	
B-MERGE-BOTH	Skill	Skill.wz/1000.img	Skill.wz/1000.img/skill/10001011	live	OK	REAL	his	ad7888e31c5f	9c5bc9bbe039	ad7888e31c5f	9c5bc9bbe039	
B-MERGE-BOTH	Skill	Skill.wz/2000.img	Skill.wz/2000.img/skill/20000100	live	OK	REAL	his	46fa35e6e864	46fa35e6e864	46fa35e6e864	-	
B-MERGE-BOTH	Skill	Skill.wz/2000.img	Skill.wz/2000.img/skill/20001011	live	OK	REAL	his	4102d83f60bf	f75e42950220	4102d83f60bf	f75e42950220	
B-MERGE-BOTH	String	String.wz/Map.img	String.wz/Map.img/etc/674030000	live	OK	REAL	his	4aed0858e79b	6fd7db4e000f	4aed0858e79b	985fc5251651	
B-MERGE-BOTH	String	String.wz/Map.img	String.wz/Map.img/etc/674030100	live	OK	REAL	his	aad0985c3f78	24bb20e37b16	aad0985c3f78	e23600a466e5	
B-MERGE-BOTH	String	String.wz/Map.img	String.wz/Map.img/etc/674030200	live	OK	REAL	his	4979283fffda	15b779d05c4e	4979283fffda	12c5ddcbb7b9	
B-MERGE-BOTH	String	String.wz/Map.img	String.wz/Map.img/etc/674030300	live	OK	REAL	his	6166ac7e817d	6166ac7e817d	6166ac7e817d	576c87fc7e63	
B-MERGE-BOTH	String	String.wz/Map.img	String.wz/Map.img/etc/777777777	live	OK	REAL	his	8fafb223d89f	8fafb223d89f	8fafb223d89f	-	
B-MERGE-BOTH	String	String.wz/Map.img	String.wz/Map.img/etc/889100000	live	OK	REAL	his	e22941acb0cf	e22941acb0cf	e22941acb0cf	0bf2ee726eb3	
B-MERGE-BOTH	String	String.wz/Map.img	String.wz/Map.img/etc/889100001	live	OK	REAL	his	61150bdcb24a	61150bdcb24a	61150bdcb24a	75d8bfd0fb3a	
B-MERGE-BOTH	String	String.wz/Map.img	String.wz/Map.img/etc/889100002	live	OK	REAL	his	9ed78ec8bfd1	9ed78ec8bfd1	9ed78ec8bfd1	45af4ff1fbea	
B-MERGE-BOTH	String	String.wz/Map.img	String.wz/Map.img/etc/889100010	live	OK	REAL	his	349173726043	349173726043	349173726043	61c2900e2e23	
B-MERGE-BOTH	String	String.wz/Map.img	String.wz/Map.img/etc/889100011	live	OK	REAL	his	56b1f9e8c8f3	56b1f9e8c8f3	56b1f9e8c8f3	704ed81e7343	
B-MERGE-BOTH	String	String.wz/Map.img	String.wz/Map.img/etc/889100012	live	OK	REAL	his	12ba5372c79b	12ba5372c79b	12ba5372c79b	c64488ae59ce	
B-MERGE-BOTH	String	String.wz/Map.img	String.wz/Map.img/etc/889100020	live	OK	REAL	his	faf14a4b27cf	faf14a4b27cf	faf14a4b27cf	594d44ffaccd	
B-MERGE-BOTH	String	String.wz/Map.img	String.wz/Map.img/etc/889100021	live	OK	REAL	his	f4f9642267f9	f4f9642267f9	f4f9642267f9	80577327a011	
B-MERGE-BOTH	String	String.wz/Map.img	String.wz/Map.img/etc/889100022	live	OK	REAL	his	8a5eccde7a55	8a5eccde7a55	8a5eccde7a55	247d818403c2	
B-MERGE-BOTH	String	String.wz/Map.img	String.wz/Map.img/etc/889100100	live	OK	REAL	his	e272e6152f84	e272e6152f84	e272e6152f84	6b6475964eb1	
B-MERGE-BOTH	String	String.wz/Map.img	String.wz/Map.img/etc/914090010	live	OK	REAL	his	55fa87eafd34	55fa87eafd34	55fa87eafd34	-	
B-MERGE-BOTH	String	String.wz/Map.img	String.wz/Map.img/etc/914090011	live	OK	REAL	his	9bec181fe042	9bec181fe042	9bec181fe042	-	
B-MERGE-BOTH	String	String.wz/Map.img	String.wz/Map.img/etc/914090012	live	OK	REAL	his	7b56064c9b9d	7b56064c9b9d	7b56064c9b9d	-	
B-MERGE-BOTH	String	String.wz/Map.img	String.wz/Map.img/etc/914090013	live	OK	REAL	his	5ceeb6472e70	5ceeb6472e70	5ceeb6472e70	-	
B-MERGE-BOTH	String	String.wz/Map.img	String.wz/Map.img/etc/925021600	live	OK	REAL	his	d55e281b7e72	a5484d4f9e18	d55e281b7e72	a5484d4f9e18	
B-MERGE-BOTH	String	String.wz/Map.img	String.wz/Map.img/ossyria/270010410	live	OK	REAL	his	e7afbe23c70b	f47563db8f88	e7afbe23c70b	f47563db8f88	
B-MERGE-BOTH	String	String.wz/Map.img	String.wz/Map.img/victoria/180000000	live	OK	REAL	his	a5b27c90d698	d5427377821b	a5b27c90d698	d5427377821b	
B-MERGE-BOTH	String	String.wz/Map.img	String.wz/Map.img/victoria/180000001	live	OK	REAL	his	6ad2a3d41a4b	04d233a68310	6ad2a3d41a4b	04d233a68310	
B-MERGE-BOTH	String	String.wz/Map.img	String.wz/Map.img/victoria/180000002	live	OK	REAL	his	1dc047b210ca	422c61fac631	1dc047b210ca	422c61fac631	
B-MERGE-BOTH	String	String.wz/Map.img	String.wz/Map.img/victoria/180000003	live	OK	REAL	his	4a318339ecd7	239c67ad2e96	4a318339ecd7	239c67ad2e96	
B-MERGE-BOTH/v84-side	Character	Character.wz/Cap/01002728.img	Character.wz/Cap/01002728.img/info/notExtend	v84	OK-UNCHANGED	REAL	v84	42e250e0a87d	42e250e0a87d	-	42e250e0a87d	
B-MERGE-BOTH/v84-side	Character	Character.wz/Cap/01002784.img	Character.wz/Cap/01002784.img/walk2/2	v84	OK-UNCHANGED	REAL	v84	6c325481ed62	6c325481ed62	30d3d3c37719	6c325481ed62	
B-MERGE-BOTH/v84-side	Character	Character.wz/Longcoat/01050131.img	Character.wz/Longcoat/01050131.img/info/timeLimited	v84	OK-UNCHANGED	REAL	his	ab39c47e14b7	ab39c47e14b7	ab39c47e14b7	-	
B-MERGE-BOTH/v84-side	Character	Character.wz/Longcoat/01050132.img	Character.wz/Longcoat/01050132.img/info/timeLimited	v84	OK-UNCHANGED	REAL	his	ab39c47e14b7	ab39c47e14b7	ab39c47e14b7	-	
B-MERGE-BOTH/v84-side	Character	Character.wz/Longcoat/01050133.img	Character.wz/Longcoat/01050133.img/info/timeLimited	v84	OK-UNCHANGED	REAL	his	ab39c47e14b7	ab39c47e14b7	ab39c47e14b7	-	
B-MERGE-BOTH/v84-side	Character	Character.wz/Longcoat/01050134.img	Character.wz/Longcoat/01050134.img/info/timeLimited	v84	OK-UNCHANGED	REAL	his	ab39c47e14b7	ab39c47e14b7	ab39c47e14b7	-	
B-MERGE-BOTH/v84-side	Character	Character.wz/Longcoat/01051150.img	Character.wz/Longcoat/01051150.img/info/timeLimited	v84	OK-UNCHANGED	REAL	his	ab39c47e14b7	ab39c47e14b7	ab39c47e14b7	-	
B-MERGE-BOTH/v84-side	Character	Character.wz/Longcoat/01051151.img	Character.wz/Longcoat/01051151.img/info/timeLimited	v84	OK-UNCHANGED	REAL	his	ab39c47e14b7	ab39c47e14b7	ab39c47e14b7	-	
B-MERGE-BOTH/v84-side	Character	Character.wz/Longcoat/01051152.img	Character.wz/Longcoat/01051152.img/info/timeLimited	v84	OK-UNCHANGED	REAL	his	ab39c47e14b7	ab39c47e14b7	ab39c47e14b7	-	
B-MERGE-BOTH/v84-side	Character	Character.wz/Longcoat/01051153.img	Character.wz/Longcoat/01051153.img/info/timeLimited	v84	OK-UNCHANGED	REAL	his	ab39c47e14b7	ab39c47e14b7	ab39c47e14b7	-	
B-MERGE-BOTH/v84-side	Character	Character.wz/Weapon/01382025.img	Character.wz/Weapon/01382025.img/info/incINT	v84	OK-UNCHANGED	REAL	his	69d53124cd63	69d53124cd63	69d53124cd63	-	
B-MERGE-BOTH/v84-side	Character	Character.wz/Weapon/01382025.img	Character.wz/Weapon/01382025.img/info/incMAD	v84	OK-UNCHANGED	REAL	v84	9f0ef5db3bc4	9f0ef5db3bc4	353fde0687e4	9f0ef5db3bc4	
B-MERGE-BOTH/v84-side	Character	Character.wz/Weapon/01382025.img	Character.wz/Weapon/01382025.img/info/notSale	v84	OK-UNCHANGED	REAL	his	0a1f0475f99a	0a1f0475f99a	0a1f0475f99a	-	
B-MERGE-BOTH/v84-side	Character	Character.wz/Weapon/01382025.img	Character.wz/Weapon/01382025.img/info/only	v84	OK-UNCHANGED	REAL	his	a7ac0264a434	a7ac0264a434	a7ac0264a434	-	
B-MERGE-BOTH/v84-side	Character	Character.wz/Weapon/01382025.img	Character.wz/Weapon/01382025.img/info/reqINT	v84	OK-UNCHANGED	REAL	v84	dd288dacb46f	dd288dacb46f	d2d77e36c0b1	dd288dacb46f	
B-MERGE-BOTH/v84-side	Character	Character.wz/Weapon/01382025.img	Character.wz/Weapon/01382025.img/info/reqLUK	v84	OK-UNCHANGED	REAL	v84	a7cf472c11dd	a7cf472c11dd	eb041f0e8d98	a7cf472c11dd	
B-MERGE-BOTH/v84-side	Character	Character.wz/Weapon/01382025.img	Character.wz/Weapon/01382025.img/info/reqLevel	v84	OK-UNCHANGED	REAL	v84	1a460141dced	1a460141dced	ea38012e8e0b	1a460141dced	
B-MERGE-BOTH/v84-side	Character	Character.wz/Weapon/01382025.img	Character.wz/Weapon/01382025.img/info/tuc	v84	OK-UNCHANGED	REAL	v84	3ce6d359b6bc	3ce6d359b6bc	4d9afd280c34	3ce6d359b6bc	
B-MERGE-BOTH/v84-side	Etc	Etc.wz/ItemMake.img	Etc.wz/ItemMake.img/0/01142156	v84	OK-UNCHANGED	REAL	v84	63b62f9197e2	63b62f9197e2	-	63b62f9197e2	
B-MERGE-BOTH/v84-side	Etc	Etc.wz/ItemMake.img	Etc.wz/ItemMake.img/0/01142157	v84	OK-UNCHANGED	REAL	v84	d944ac4bcec6	d944ac4bcec6	-	d944ac4bcec6	
B-MERGE-BOTH/v84-side	Etc	Etc.wz/ItemMake.img	Etc.wz/ItemMake.img/2/01942002	v84	OK-UNCHANGED	REAL	v84	fa6529a3de95	fa6529a3de95	-	fa6529a3de95	
B-MERGE-BOTH/v84-side	Etc	Etc.wz/ItemMake.img	Etc.wz/ItemMake.img/2/01952002	v84	OK-UNCHANGED	REAL	v84	6a772f4cbbc2	6a772f4cbbc2	-	6a772f4cbbc2	
B-MERGE-BOTH/v84-side	Etc	Etc.wz/ItemMake.img	Etc.wz/ItemMake.img/2/01962002	v84	OK-UNCHANGED	REAL	v84	5e1453b81a6f	5e1453b81a6f	-	5e1453b81a6f	
B-MERGE-BOTH/v84-side	Etc	Etc.wz/ItemMake.img	Etc.wz/ItemMake.img/2/01972002	v84	OK-UNCHANGED	REAL	v84	b92b2a69c39a	b92b2a69c39a	-	b92b2a69c39a	
B-MERGE-BOTH/v84-side	Mob	Mob.wz/3300005.img	Mob.wz/3300005.img/info/category	v84	OK-UNCHANGED	REAL	v84	480d8b721638	480d8b721638	-	480d8b721638	
B-MERGE-BOTH/v84-side	Mob	Mob.wz/3300006.img	Mob.wz/3300006.img/info/category	v84	OK-UNCHANGED	REAL	v84	480d8b721638	480d8b721638	-	480d8b721638	
B-MERGE-BOTH/v84-side	Mob	Mob.wz/3300007.img	Mob.wz/3300007.img/info/category	v84	OK-UNCHANGED	REAL	v84	480d8b721638	480d8b721638	-	480d8b721638	
B-MERGE-BOTH/v84-side	Mob	Mob.wz/4130103.img	Mob.wz/4130103.img/info/category	v84	OK-UNCHANGED	REAL	v84	9dfdf4f4ca2d	9dfdf4f4ca2d	-	9dfdf4f4ca2d	
B-MERGE-BOTH/v84-side	Mob	Mob.wz/4130103.img	Mob.wz/4130103.img/info/mobType	v84	OK-UNCHANGED	REAL	his	4c1fbcf2fed7	4c1fbcf2fed7	4c1fbcf2fed7	-	
B-MERGE-BOTH/v84-side	Mob	Mob.wz/5090000.img	Mob.wz/5090000.img/info/category	v84	OK-UNCHANGED	REAL	v84	b7f01c1ae2a6	b7f01c1ae2a6	-	b7f01c1ae2a6	
B-MERGE-BOTH/v84-side	Mob	Mob.wz/5090001.img	Mob.wz/5090001.img/info/category	v84	OK-UNCHANGED	REAL	v84	9dfdf4f4ca2d	9dfdf4f4ca2d	-	9dfdf4f4ca2d	
B-MERGE-BOTH/v84-side	Mob	Mob.wz/5120100.img	Mob.wz/5120100.img/info/category	v84	OK-UNCHANGED	REAL	v84	9dfdf4f4ca2d	9dfdf4f4ca2d	-	9dfdf4f4ca2d	
B-MERGE-BOTH/v84-side	Mob	Mob.wz/5120100.img	Mob.wz/5120100.img/info/mobType	v84	OK-UNCHANGED	REAL	his	4c1fbcf2fed7	4c1fbcf2fed7	4c1fbcf2fed7	-	
B-MERGE-BOTH/v84-side	Mob	Mob.wz/6090000.img	Mob.wz/6090000.img/info/category	v84	OK-UNCHANGED	REAL	v84	b7f01c1ae2a6	b7f01c1ae2a6	-	b7f01c1ae2a6	
B-MERGE-BOTH/v84-side	Mob	Mob.wz/6090000.img	Mob.wz/6090000.img/info/mobType	v84	OK-UNCHANGED	REAL	his	e96db24dda0c	e96db24dda0c	e96db24dda0c	-	
B-MERGE-BOTH/v84-side	Mob	Mob.wz/6090001.img	Mob.wz/6090001.img/info/category	v84	OK-UNCHANGED	REAL	v84	a82ff2304d0f	a82ff2304d0f	-	a82ff2304d0f	
B-MERGE-BOTH/v84-side	Mob	Mob.wz/6090002.img	Mob.wz/6090002.img/info/category	v84	OK-UNCHANGED	REAL	v84	a82ff2304d0f	a82ff2304d0f	-	a82ff2304d0f	
B-MERGE-BOTH/v84-side	Mob	Mob.wz/6090003.img	Mob.wz/6090003.img/info/category	v84	OK-UNCHANGED	REAL	v84	b7f01c1ae2a6	b7f01c1ae2a6	-	b7f01c1ae2a6	
B-MERGE-BOTH/v84-side	Mob	Mob.wz/6090003.img	Mob.wz/6090003.img/info/mobType	v84	OK-UNCHANGED	REAL	his	e96db24dda0c	e96db24dda0c	e96db24dda0c	-	
B-MERGE-BOTH/v84-side	Mob	Mob.wz/6090004.img	Mob.wz/6090004.img/info/category	v84	OK-UNCHANGED	REAL	v84	9dfdf4f4ca2d	9dfdf4f4ca2d	-	9dfdf4f4ca2d	
B-MERGE-BOTH/v84-side	Mob	Mob.wz/6090004.img	Mob.wz/6090004.img/info/mobType	v84	OK-UNCHANGED	REAL	his	e96db24dda0c	e96db24dda0c	e96db24dda0c	-	
B-MERGE-BOTH/v84-side	Mob	Mob.wz/7090000.img	Mob.wz/7090000.img/info/category	v84	OK-UNCHANGED	REAL	v84	9dfdf4f4ca2d	9dfdf4f4ca2d	-	9dfdf4f4ca2d	
B-MERGE-BOTH/v84-side	Mob	Mob.wz/7120100.img	Mob.wz/7120100.img/info/category	v84	OK-UNCHANGED	REAL	v84	f667ba7800e3	f667ba7800e3	-	f667ba7800e3	
B-MERGE-BOTH/v84-side	Mob	Mob.wz/7120101.img	Mob.wz/7120101.img/info/category	v84	OK-UNCHANGED	REAL	v84	f667ba7800e3	f667ba7800e3	-	f667ba7800e3	
B-MERGE-BOTH/v84-side	Mob	Mob.wz/7120102.img	Mob.wz/7120102.img/info/category	v84	OK-UNCHANGED	REAL	v84	f667ba7800e3	f667ba7800e3	-	f667ba7800e3	
B-MERGE-BOTH/v84-side	Mob	Mob.wz/8090000.img	Mob.wz/8090000.img/info/category	v84	OK-UNCHANGED	REAL	v84	9dfdf4f4ca2d	9dfdf4f4ca2d	-	9dfdf4f4ca2d	
B-MERGE-BOTH/v84-side	Mob	Mob.wz/8090000.img	Mob.wz/8090000.img/info/mobType	v84	OK-UNCHANGED	REAL	his	4c1fbcf2fed7	4c1fbcf2fed7	4c1fbcf2fed7	-	
B-MERGE-BOTH/v84-side	Mob	Mob.wz/8120100.img	Mob.wz/8120100.img/info/category	v84	OK-UNCHANGED	REAL	v84	f667ba7800e3	f667ba7800e3	-	f667ba7800e3	
B-MERGE-BOTH/v84-side	Mob	Mob.wz/8120101.img	Mob.wz/8120101.img/info/category	v84	OK-UNCHANGED	REAL	v84	f667ba7800e3	f667ba7800e3	-	f667ba7800e3	
B-MERGE-BOTH/v84-side	Mob	Mob.wz/8140510.img	Mob.wz/8140510.img/info/category	v84	OK-UNCHANGED	REAL	v84	f667ba7800e3	f667ba7800e3	-	f667ba7800e3	
B-MERGE-BOTH/v84-side	Mob	Mob.wz/8150000.img	Mob.wz/8150000.img/info/category	v84	OK-UNCHANGED	REAL	v84	f667ba7800e3	f667ba7800e3	-	f667ba7800e3	
B-MERGE-BOTH/v84-side	Mob	Mob.wz/8150000.img	Mob.wz/8150000.img/info/elemAttr	v84	OK-UNCHANGED	REAL	v84	ea991d009490	ea991d009490	d0fd3b59317a	ea991d009490	
B-MERGE-BOTH/v84-side	Mob	Mob.wz/8220007.img	Mob.wz/8220007.img/info/category	v84	OK-UNCHANGED	REAL	v84	b80d503c015e	b80d503c015e	-	b80d503c015e	
B-MERGE-BOTH/v84-side	Mob	Mob.wz/8220009.img	Mob.wz/8220009.img/info/category	v84	OK-UNCHANGED	REAL	v84	9dfdf4f4ca2d	9dfdf4f4ca2d	-	9dfdf4f4ca2d	
B-MERGE-BOTH/v84-side	Mob	Mob.wz/8520000.img	Mob.wz/8520000.img/info/category	v84	OK-UNCHANGED	REAL	v84	9937cb036468	9937cb036468	-	9937cb036468	
B-MERGE-BOTH/v84-side	Mob	Mob.wz/8520000.img	Mob.wz/8520000.img/info/mobType	v84	OK-UNCHANGED	REAL	his	a7e10dac09af	a7e10dac09af	a7e10dac09af	-	
B-MERGE-BOTH/v84-side	Mob	Mob.wz/8810018.img	Mob.wz/8810018.img/info/category	v84	OK-UNCHANGED	REAL	v84	8629c85a206b	8629c85a206b	-	8629c85a206b	
B-MERGE-BOTH/v84-side	Mob	Mob.wz/8820000.img	Mob.wz/8820000.img/info/category	v84	OK-UNCHANGED	REAL	v84	f667ba7800e3	f667ba7800e3	-	f667ba7800e3	
B-MERGE-BOTH/v84-side	Mob	Mob.wz/8820002.img	Mob.wz/8820002.img/info/category	v84	OK-UNCHANGED	REAL	v84	9dfdf4f4ca2d	9dfdf4f4ca2d	-	9dfdf4f4ca2d	
B-MERGE-BOTH/v84-side	Mob	Mob.wz/8820002.img	Mob.wz/8820002.img/info/elemAttr	v84	OK-UNCHANGED	REAL	v84	18b61b9d90d3	18b61b9d90d3	66b052471134	18b61b9d90d3	
B-MERGE-BOTH/v84-side	Mob	Mob.wz/8820002.img	Mob.wz/8820002.img/info/mobType	v84	OK-UNCHANGED	REAL	his	076887a33ade	076887a33ade	076887a33ade	-	
B-MERGE-BOTH/v84-side	Mob	Mob.wz/8820003.img	Mob.wz/8820003.img/info/category	v84	OK-UNCHANGED	REAL	v84	9dfdf4f4ca2d	9dfdf4f4ca2d	-	9dfdf4f4ca2d	
B-MERGE-BOTH/v84-side	Mob	Mob.wz/8820003.img	Mob.wz/8820003.img/info/mobType	v84	OK-UNCHANGED	REAL	his	076887a33ade	076887a33ade	076887a33ade	-	
B-MERGE-BOTH/v84-side	Mob	Mob.wz/8820004.img	Mob.wz/8820004.img/info/category	v84	OK-UNCHANGED	REAL	v84	9dfdf4f4ca2d	9dfdf4f4ca2d	-	9dfdf4f4ca2d	
B-MERGE-BOTH/v84-side	Mob	Mob.wz/8820004.img	Mob.wz/8820004.img/info/mobType	v84	OK-UNCHANGED	REAL	his	076887a33ade	076887a33ade	076887a33ade	-	
B-MERGE-BOTH/v84-side	Mob	Mob.wz/8820005.img	Mob.wz/8820005.img/info/category	v84	OK-UNCHANGED	REAL	v84	9dfdf4f4ca2d	9dfdf4f4ca2d	-	9dfdf4f4ca2d	
B-MERGE-BOTH/v84-side	Mob	Mob.wz/8820005.img	Mob.wz/8820005.img/info/mobType	v84	OK-UNCHANGED	REAL	his	076887a33ade	076887a33ade	076887a33ade	-	
B-MERGE-BOTH/v84-side	Mob	Mob.wz/8820006.img	Mob.wz/8820006.img/info/category	v84	OK-UNCHANGED	REAL	v84	9dfdf4f4ca2d	9dfdf4f4ca2d	-	9dfdf4f4ca2d	
B-MERGE-BOTH/v84-side	Mob	Mob.wz/8820006.img	Mob.wz/8820006.img/info/mobType	v84	OK-UNCHANGED	REAL	his	076887a33ade	076887a33ade	076887a33ade	-	
B-MERGE-BOTH/v84-side	Mob	Mob.wz/8820010.img	Mob.wz/8820010.img/info/category	v84	OK-UNCHANGED	REAL	v84	9dfdf4f4ca2d	9dfdf4f4ca2d	-	9dfdf4f4ca2d	
B-MERGE-BOTH/v84-side	Mob	Mob.wz/8820011.img	Mob.wz/8820011.img/info/category	v84	OK-UNCHANGED	REAL	v84	9dfdf4f4ca2d	9dfdf4f4ca2d	-	9dfdf4f4ca2d	
B-MERGE-BOTH/v84-side	Mob	Mob.wz/8820012.img	Mob.wz/8820012.img/info/category	v84	OK-UNCHANGED	REAL	v84	9dfdf4f4ca2d	9dfdf4f4ca2d	-	9dfdf4f4ca2d	
B-MERGE-BOTH/v84-side	Mob	Mob.wz/8820013.img	Mob.wz/8820013.img/info/category	v84	OK-UNCHANGED	REAL	v84	9dfdf4f4ca2d	9dfdf4f4ca2d	-	9dfdf4f4ca2d	
B-MERGE-BOTH/v84-side	Mob	Mob.wz/8820014.img	Mob.wz/8820014.img/info/category	v84	OK-UNCHANGED	REAL	v84	f667ba7800e3	f667ba7800e3	-	f667ba7800e3	
B-MERGE-BOTH/v84-side	Mob	Mob.wz/8830000.img	Mob.wz/8830000.img/info/category	v84	OK-UNCHANGED	REAL	v84	f667ba7800e3	f667ba7800e3	-	f667ba7800e3	
B-MERGE-BOTH/v84-side	Mob	Mob.wz/8830000.img	Mob.wz/8830000.img/info/mobType	v84	OK-UNCHANGED	REAL	his	076887a33ade	076887a33ade	076887a33ade	-	
B-MERGE-BOTH/v84-side	Mob	Mob.wz/8830003.img	Mob.wz/8830003.img/info/category	v84	OK-UNCHANGED	REAL	v84	f667ba7800e3	f667ba7800e3	-	f667ba7800e3	
B-MERGE-BOTH/v84-side	Mob	Mob.wz/8830003.img	Mob.wz/8830003.img/info/defaultHP	v84	OK-UNCHANGED	REAL	v84	c80729e33f52	c80729e33f52	9b0674aceba7	c80729e33f52	
B-MERGE-BOTH/v84-side	Mob	Mob.wz/8830003.img	Mob.wz/8830003.img/info/defaultMP	v84	OK-UNCHANGED	REAL	v84	9da95b036d33	9da95b036d33	26d4e99ed396	9da95b036d33	
B-MERGE-BOTH/v84-side	Mob	Mob.wz/8830010.img	Mob.wz/8830010.img/info/category	v84	OK-UNCHANGED	REAL	v84	f667ba7800e3	f667ba7800e3	-	f667ba7800e3	
B-MERGE-BOTH/v84-side	Mob	Mob.wz/9001000.img	Mob.wz/9001000.img/info/category	v84	OK-UNCHANGED	REAL	v84	f667ba7800e3	f667ba7800e3	-	f667ba7800e3	
B-MERGE-BOTH/v84-side	Mob	Mob.wz/9001000.img	Mob.wz/9001000.img/info/mobType	v84	OK-UNCHANGED	REAL	his	4e02c4ce83f6	4e02c4ce83f6	4e02c4ce83f6	-	
B-MERGE-BOTH/v84-side	Mob	Mob.wz/9001001.img	Mob.wz/9001001.img/info/category	v84	OK-UNCHANGED	REAL	v84	f667ba7800e3	f667ba7800e3	-	f667ba7800e3	
B-MERGE-BOTH/v84-side	Mob	Mob.wz/9001001.img	Mob.wz/9001001.img/info/mobType	v84	OK-UNCHANGED	REAL	his	4e02c4ce83f6	4e02c4ce83f6	4e02c4ce83f6	-	
B-MERGE-BOTH/v84-side	Mob	Mob.wz/9001002.img	Mob.wz/9001002.img/info/category	v84	OK-UNCHANGED	REAL	v84	f667ba7800e3	f667ba7800e3	-	f667ba7800e3	
B-MERGE-BOTH/v84-side	Mob	Mob.wz/9001002.img	Mob.wz/9001002.img/info/mobType	v84	OK-UNCHANGED	REAL	his	4e02c4ce83f6	4e02c4ce83f6	4e02c4ce83f6	-	
B-MERGE-BOTH/v84-side	Mob	Mob.wz/9001003.img	Mob.wz/9001003.img/info/category	v84	OK-UNCHANGED	REAL	v84	f667ba7800e3	f667ba7800e3	-	f667ba7800e3	
B-MERGE-BOTH/v84-side	Mob	Mob.wz/9001003.img	Mob.wz/9001003.img/info/mobType	v84	OK-UNCHANGED	REAL	his	4e02c4ce83f6	4e02c4ce83f6	4e02c4ce83f6	-	
B-MERGE-BOTH/v84-side	Mob	Mob.wz/9001004.img	Mob.wz/9001004.img/info/category	v84	OK-UNCHANGED	REAL	v84	f667ba7800e3	f667ba7800e3	-	f667ba7800e3	
B-MERGE-BOTH/v84-side	Mob	Mob.wz/9001004.img	Mob.wz/9001004.img/info/mobType	v84	OK-UNCHANGED	REAL	his	4e02c4ce83f6	4e02c4ce83f6	4e02c4ce83f6	-	
B-MERGE-BOTH/v84-side	Mob	Mob.wz/9001008.img	Mob.wz/9001008.img/info/category	v84	OK-UNCHANGED	REAL	v84	f667ba7800e3	f667ba7800e3	-	f667ba7800e3	
B-MERGE-BOTH/v84-side	Mob	Mob.wz/9001008.img	Mob.wz/9001008.img/info/mobType	v84	OK-UNCHANGED	REAL	his	4e02c4ce83f6	4e02c4ce83f6	4e02c4ce83f6	-	
B-MERGE-BOTH/v84-side	Mob	Mob.wz/9300003.img	Mob.wz/9300003.img/info/category	v84	OK-UNCHANGED	REAL	v84	9dfdf4f4ca2d	9dfdf4f4ca2d	-	9dfdf4f4ca2d	
B-MERGE-BOTH/v84-side	Mob	Mob.wz/9300003.img	Mob.wz/9300003.img/info/elemAttr	v84	OK-UNCHANGED	REAL	v84	930314b722dc	930314b722dc	9852d2209146	930314b722dc	
B-MERGE-BOTH/v84-side	Mob	Mob.wz/9300012.img	Mob.wz/9300012.img/info/category	v84	OK-UNCHANGED	REAL	v84	a82ff2304d0f	a82ff2304d0f	-	a82ff2304d0f	
B-MERGE-BOTH/v84-side	Mob	Mob.wz/9300012.img	Mob.wz/9300012.img/info/elemAttr	v84	OK-UNCHANGED	REAL	v84	90a703f2d797	90a703f2d797	d7fc168afdf1	90a703f2d797	
B-MERGE-BOTH/v84-side	Mob	Mob.wz/9300093.img	Mob.wz/9300093.img/info/category	v84	OK-UNCHANGED	REAL	v84	2b278a1f6344	2b278a1f6344	-	2b278a1f6344	
B-MERGE-BOTH/v84-side	Mob	Mob.wz/9303002.img	Mob.wz/9303002.img/info/category	v84	OK-UNCHANGED	REAL	v84	9dfdf4f4ca2d	9dfdf4f4ca2d	-	9dfdf4f4ca2d	
B-MERGE-BOTH/v84-side	Mob	Mob.wz/9400014.img	Mob.wz/9400014.img/info/category	v84	OK-UNCHANGED	REAL	v84	f667ba7800e3	f667ba7800e3	-	f667ba7800e3	
B-MERGE-BOTH/v84-side	Mob	Mob.wz/9400205.img	Mob.wz/9400205.img/info/category	v84	OK-UNCHANGED	REAL	v84	b80d503c015e	b80d503c015e	-	b80d503c015e	
B-MERGE-BOTH/v84-side	Mob	Mob.wz/9500340.img	Mob.wz/9500340.img/info/category	v84	OK-UNCHANGED	REAL	v84	9dfdf4f4ca2d	9dfdf4f4ca2d	-	9dfdf4f4ca2d	
B-MERGE-BOTH/v84-side	Mob	Mob.wz/9500340.img	Mob.wz/9500340.img/info/elemAttr	v84	OK-UNCHANGED	REAL	v84	930314b722dc	930314b722dc	9852d2209146	930314b722dc	
B-MERGE-BOTH/v84-side	Mob	Mob.wz/9500343.img	Mob.wz/9500343.img/info/category	v84	OK-UNCHANGED	REAL	v84	a82ff2304d0f	a82ff2304d0f	-	a82ff2304d0f	
B-MERGE-BOTH/v84-side	Mob	Mob.wz/9500343.img	Mob.wz/9500343.img/info/elemAttr	v84	OK-UNCHANGED	REAL	v84	90a703f2d797	90a703f2d797	d7fc168afdf1	90a703f2d797	
B-MERGE-BOTH/v84-side	Mob	Mob.wz/9500358.img	Mob.wz/9500358.img/info/category	v84	OK-UNCHANGED	REAL	v84	f667ba7800e3	f667ba7800e3	-	f667ba7800e3	
B-MERGE-BOTH/v84-side	Mob	Mob.wz/9500358.img	Mob.wz/9500358.img/info/elemAttr	v84	OK-UNCHANGED	REAL	v84	ea991d009490	ea991d009490	d0fd3b59317a	ea991d009490	
B-MERGE-BOTH/v84-side	Quest	Quest.wz/Act.img	Quest.wz/Act.img/10430/0	v84	OK-UNCHANGED	REAL	v84	61f0787efe95	61f0787efe95	d2e3690518d8	61f0787efe95	
B-MERGE-BOTH/v84-side	Skill	Skill.wz/000.img	Skill.wz/000.img/skill/0001025	v84	OK-UNCHANGED	REAL	v84	6f66c0ac3577	6f66c0ac3577	-	6f66c0ac3577	
B-MERGE-BOTH/v84-side	Skill	Skill.wz/000.img	Skill.wz/000.img/skill/0001026	v84	OK-UNCHANGED	REAL	v84	3954247627e3	3954247627e3	-	3954247627e3	
B-MERGE-BOTH/v84-side	Skill	Skill.wz/000.img	Skill.wz/000.img/skill/0001027	v84	OK-UNCHANGED	REAL	v84	cd786189ff9f	cd786189ff9f	-	cd786189ff9f	
B-MERGE-BOTH/v84-side	Skill	Skill.wz/000.img	Skill.wz/000.img/skill/0001028	v84	OK-UNCHANGED	REAL	v84	d506edc458c0	d506edc458c0	-	d506edc458c0	
B-MERGE-BOTH/v84-side	Skill	Skill.wz/000.img	Skill.wz/000.img/skill/0001029	v84	OK-UNCHANGED	REAL	v84	6caad282c316	6caad282c316	-	6caad282c316	
B-MERGE-BOTH/v84-side	Skill	Skill.wz/000.img	Skill.wz/000.img/skill/0001030	v84	OK-UNCHANGED	REAL	v84	b2391d44ab17	b2391d44ab17	-	b2391d44ab17	
B-MERGE-BOTH/v84-side	Skill	Skill.wz/000.img	Skill.wz/000.img/skill/0001037	v84	OK-UNCHANGED	REAL	v84	529e2cfac8c2	529e2cfac8c2	-	529e2cfac8c2	
B-MERGE-BOTH/v84-side	Skill	Skill.wz/000.img	Skill.wz/000.img/skill/0001038	v84	OK-UNCHANGED	REAL	v84	432e2a1ab1b5	432e2a1ab1b5	-	432e2a1ab1b5	
B-MERGE-BOTH/v84-side	Skill	Skill.wz/000.img	Skill.wz/000.img/skill/0001039	v84	OK-UNCHANGED	REAL	v84	5c8d843182e7	5c8d843182e7	-	5c8d843182e7	
B-MERGE-BOTH/v84-side	Skill	Skill.wz/1000.img	Skill.wz/1000.img/skill/10001025	v84	OK-UNCHANGED	REAL	v84	706bed2bed31	706bed2bed31	-	706bed2bed31	
B-MERGE-BOTH/v84-side	Skill	Skill.wz/1000.img	Skill.wz/1000.img/skill/10001026	v84	OK-UNCHANGED	REAL	v84	b6bf293c8ac7	b6bf293c8ac7	-	b6bf293c8ac7	
B-MERGE-BOTH/v84-side	Skill	Skill.wz/1000.img	Skill.wz/1000.img/skill/10001027	v84	OK-UNCHANGED	REAL	v84	3cf815281310	3cf815281310	-	3cf815281310	
B-MERGE-BOTH/v84-side	Skill	Skill.wz/1000.img	Skill.wz/1000.img/skill/10001028	v84	OK-UNCHANGED	REAL	v84	8622c11553e0	8622c11553e0	-	8622c11553e0	
B-MERGE-BOTH/v84-side	Skill	Skill.wz/1000.img	Skill.wz/1000.img/skill/10001029	v84	OK-UNCHANGED	REAL	v84	2dbb5797b63b	2dbb5797b63b	-	2dbb5797b63b	
B-MERGE-BOTH/v84-side	Skill	Skill.wz/1000.img	Skill.wz/1000.img/skill/10001030	v84	OK-UNCHANGED	REAL	v84	721b257bec1f	721b257bec1f	-	721b257bec1f	
B-MERGE-BOTH/v84-side	Skill	Skill.wz/1000.img	Skill.wz/1000.img/skill/10001037	v84	OK-UNCHANGED	REAL	v84	238686f40dc4	238686f40dc4	-	238686f40dc4	
B-MERGE-BOTH/v84-side	Skill	Skill.wz/1000.img	Skill.wz/1000.img/skill/10001038	v84	OK-UNCHANGED	REAL	v84	3b10e261cfda	3b10e261cfda	-	3b10e261cfda	
B-MERGE-BOTH/v84-side	Skill	Skill.wz/1000.img	Skill.wz/1000.img/skill/10001039	v84	OK-UNCHANGED	REAL	v84	7f58be6dfda4	7f58be6dfda4	-	7f58be6dfda4	
B-MERGE-BOTH/v84-side	Skill	Skill.wz/2000.img	Skill.wz/2000.img/skill/20001025	v84	OK-UNCHANGED	REAL	v84	46b96c75815a	46b96c75815a	-	46b96c75815a	
B-MERGE-BOTH/v84-side	Skill	Skill.wz/2000.img	Skill.wz/2000.img/skill/20001026	v84	OK-UNCHANGED	REAL	v84	71d017b95f79	71d017b95f79	-	71d017b95f79	
B-MERGE-BOTH/v84-side	Skill	Skill.wz/2000.img	Skill.wz/2000.img/skill/20001027	v84	OK-UNCHANGED	REAL	v84	c5f125f2ad28	c5f125f2ad28	-	c5f125f2ad28	
B-MERGE-BOTH/v84-side	Skill	Skill.wz/2000.img	Skill.wz/2000.img/skill/20001028	v84	OK-UNCHANGED	REAL	v84	95416dc92e10	95416dc92e10	-	95416dc92e10	
B-MERGE-BOTH/v84-side	Skill	Skill.wz/2000.img	Skill.wz/2000.img/skill/20001029	v84	OK-UNCHANGED	REAL	v84	a6987aebdbff	a6987aebdbff	-	a6987aebdbff	
B-MERGE-BOTH/v84-side	Skill	Skill.wz/2000.img	Skill.wz/2000.img/skill/20001030	v84	OK-UNCHANGED	REAL	v84	06a3351c329f	06a3351c329f	-	06a3351c329f	
B-MERGE-BOTH/v84-side	Skill	Skill.wz/2000.img	Skill.wz/2000.img/skill/20001037	v84	OK-UNCHANGED	REAL	v84	2e08d8d77ceb	2e08d8d77ceb	-	2e08d8d77ceb	
B-MERGE-BOTH/v84-side	Skill	Skill.wz/2000.img	Skill.wz/2000.img/skill/20001038	v84	OK-UNCHANGED	REAL	v84	0270dfd2e481	0270dfd2e481	-	0270dfd2e481	
B-MERGE-BOTH/v84-side	Skill	Skill.wz/2000.img	Skill.wz/2000.img/skill/20001039	v84	OK-UNCHANGED	REAL	v84	80f1fdc3380d	80f1fdc3380d	-	80f1fdc3380d	
B-MERGE-BOTH/v84-side	String	String.wz/Map.img	String.wz/Map.img/etc/900010000	v84	OK-UNCHANGED	REAL	v84	04042a91e0ec	04042a91e0ec	-	04042a91e0ec	
B-MERGE-BOTH/v84-side	String	String.wz/Map.img	String.wz/Map.img/etc/900010100	v84	OK-UNCHANGED	REAL	v84	9645086dd2e0	9645086dd2e0	-	9645086dd2e0	
B-MERGE-BOTH/v84-side	String	String.wz/Map.img	String.wz/Map.img/etc/900010200	v84	OK-UNCHANGED	REAL	v84	6d028744a8d8	6d028744a8d8	-	6d028744a8d8	
B-MERGE-BOTH/v84-side	String	String.wz/Map.img	String.wz/Map.img/etc/900020100	v84	OK-UNCHANGED	REAL	v84	5a9138324e70	5a9138324e70	-	5a9138324e70	
B-MERGE-BOTH/v84-side	String	String.wz/Map.img	String.wz/Map.img/etc/900020110	v84	OK-UNCHANGED	REAL	v84	abeecc4a2432	abeecc4a2432	-	abeecc4a2432	
B-MERGE-BOTH/v84-side	String	String.wz/Map.img	String.wz/Map.img/etc/900020200	v84	OK-UNCHANGED	REAL	v84	0bc48cc4bd3c	0bc48cc4bd3c	-	0bc48cc4bd3c	
B-MERGE-BOTH/v84-side	String	String.wz/Map.img	String.wz/Map.img/etc/900020210	v84	OK-UNCHANGED	REAL	v84	546ff7167022	546ff7167022	-	546ff7167022	
B-MERGE-BOTH/v84-side	String	String.wz/Map.img	String.wz/Map.img/etc/900020220	v84	OK-UNCHANGED	REAL	v84	fdb864f558ec	fdb864f558ec	-	fdb864f558ec	
B-MERGE-BOTH/v84-side	String	String.wz/Map.img	String.wz/Map.img/etc/900030000	v84	OK-UNCHANGED	REAL	v84	7a0a52fa6a6f	7a0a52fa6a6f	-	7a0a52fa6a6f	
B-MERGE-BOTH/v84-side	String	String.wz/Map.img	String.wz/Map.img/etc/900090000	v84	OK-UNCHANGED	REAL	v84	d004e4ec9295	d004e4ec9295	-	d004e4ec9295	
B-MERGE-BOTH/v84-side	String	String.wz/Map.img	String.wz/Map.img/etc/900090001	v84	OK-UNCHANGED	REAL	v84	9f22ed58e858	9f22ed58e858	-	9f22ed58e858	
B-MERGE-BOTH/v84-side	String	String.wz/Map.img	String.wz/Map.img/etc/900090002	v84	OK-UNCHANGED	REAL	v84	f42f72eba86d	f42f72eba86d	-	f42f72eba86d	
B-MERGE-BOTH/v84-side	String	String.wz/Map.img	String.wz/Map.img/etc/900090003	v84	OK-UNCHANGED	REAL	v84	32fe7c14e433	32fe7c14e433	-	32fe7c14e433	
B-MERGE-BOTH/v84-side	String	String.wz/Map.img	String.wz/Map.img/etc/900090004	v84	OK-UNCHANGED	REAL	v84	d31b0333ade7	d31b0333ade7	-	d31b0333ade7	
B-MERGE-BOTH/v84-side	String	String.wz/Map.img	String.wz/Map.img/etc/900090100	v84	OK-UNCHANGED	REAL	v84	65adbb57b27d	65adbb57b27d	-	65adbb57b27d	
B-MERGE-BOTH/v84-side	String	String.wz/Map.img	String.wz/Map.img/etc/900090101	v84	OK-UNCHANGED	REAL	v84	0e83d3cde289	0e83d3cde289	-	0e83d3cde289	
B-MERGE-BOTH/v84-side	String	String.wz/Map.img	String.wz/Map.img/etc/900090102	v84	OK-UNCHANGED	REAL	v84	78439a7b2076	78439a7b2076	-	78439a7b2076	
B-MERGE-BOTH/v84-side	String	String.wz/Map.img	String.wz/Map.img/etc/900090103	v84	OK-UNCHANGED	REAL	v84	094418f654f8	094418f654f8	-	094418f654f8	
B-MERGE-BOTH/v84-side	String	String.wz/Map.img	String.wz/Map.img/etc/910032200	v84	OK-UNCHANGED	REAL	v84	f9565f5b5133	f9565f5b5133	b0b27a8206f9	f9565f5b5133	
B-MERGE-BOTH/v84-side	String	String.wz/Map.img	String.wz/Map.img/etc/910050000	v84	OK-UNCHANGED	REAL	v84	9f244752a103	9f244752a103	e49e6cdc9ceb	9f244752a103	
B-MERGE-BOTH/v84-side	String	String.wz/Map.img	String.wz/Map.img/etc/910050300	v84	OK-UNCHANGED	REAL	v84	15155de615b2	15155de615b2	-	15155de615b2	
B-MERGE-BOTH/v84-side	String	String.wz/Map.img	String.wz/Map.img/etc/910060100	v84	OK-UNCHANGED	REAL	v84	e1ea1b39e455	e1ea1b39e455	-	e1ea1b39e455	
B-MERGE-BOTH/v84-side	String	String.wz/Map.img	String.wz/Map.img/etc/910060101	v84	OK-UNCHANGED	REAL	v84	2e4c9b50d5db	2e4c9b50d5db	-	2e4c9b50d5db	
B-MERGE-BOTH/v84-side	String	String.wz/Map.img	String.wz/Map.img/etc/910510300	v84	OK-UNCHANGED	REAL	v84	c79a6d370645	c79a6d370645	-	c79a6d370645	
B-MERGE-BOTH/v84-side	String	String.wz/Map.img	String.wz/Map.img/etc/910600000	v84	OK-UNCHANGED	REAL	v84	da50cdf65b5a	da50cdf65b5a	-	da50cdf65b5a	
B-MERGE-BOTH/v84-side	String	String.wz/Map.img	String.wz/Map.img/etc/910600010	v84	OK-UNCHANGED	REAL	v84	d6894b6971b4	d6894b6971b4	-	d6894b6971b4	
B-MERGE-BOTH/v84-side	String	String.wz/Map.img	String.wz/Map.img/etc/914100000	v84	OK-UNCHANGED	REAL	v84	a289eb60a68b	a289eb60a68b	-	a289eb60a68b	
B-MERGE-BOTH/v84-side	String	String.wz/Map.img	String.wz/Map.img/etc/914100010	v84	OK-UNCHANGED	REAL	v84	1a8685bbe6d9	1a8685bbe6d9	-	1a8685bbe6d9	
B-MERGE-BOTH/v84-side	String	String.wz/Map.img	String.wz/Map.img/etc/914100020	v84	OK-UNCHANGED	REAL	v84	a3e358545b28	a3e358545b28	-	a3e358545b28	
B-MERGE-BOTH/v84-side	String	String.wz/Map.img	String.wz/Map.img/etc/914100021	v84	OK-UNCHANGED	REAL	v84	4249d4a07a40	4249d4a07a40	-	4249d4a07a40	
B-MERGE-BOTH/v84-side	String	String.wz/Map.img	String.wz/Map.img/etc/914100022	v84	OK-UNCHANGED	REAL	v84	8d474506a395	8d474506a395	-	8d474506a395	
B-MERGE-BOTH/v84-side	String	String.wz/Map.img	String.wz/Map.img/etc/914100023	v84	OK-UNCHANGED	REAL	v84	a73a3714beb0	a73a3714beb0	-	a73a3714beb0	
B-MERGE-BOTH/v84-side	String	String.wz/Map.img	String.wz/Map.img/etc/922030000	v84	OK-UNCHANGED	REAL	v84	6b48d9de4210	6b48d9de4210	-	6b48d9de4210	
B-MERGE-BOTH/v84-side	String	String.wz/Map.img	String.wz/Map.img/etc/922030001	v84	OK-UNCHANGED	REAL	v84	a35fbaf70902	a35fbaf70902	-	a35fbaf70902	
B-MERGE-BOTH/v84-side	String	String.wz/Map.img	String.wz/Map.img/etc/922030010	v84	OK-UNCHANGED	REAL	v84	e77c1e27a47f	e77c1e27a47f	-	e77c1e27a47f	
B-MERGE-BOTH/v84-side	String	String.wz/Map.img	String.wz/Map.img/etc/922030011	v84	OK-UNCHANGED	REAL	v84	db0b4a67c0a6	db0b4a67c0a6	-	db0b4a67c0a6	
B-MERGE-BOTH/v84-side	String	String.wz/Map.img	String.wz/Map.img/etc/922030020	v84	OK-UNCHANGED	REAL	v84	8a366b2a5c4c	8a366b2a5c4c	-	8a366b2a5c4c	
B-MERGE-BOTH/v84-side	String	String.wz/Map.img	String.wz/Map.img/etc/922030021	v84	OK-UNCHANGED	REAL	v84	7cd9961dedd7	7cd9961dedd7	-	7cd9961dedd7	
B-MERGE-BOTH/v84-side	String	String.wz/Map.img	String.wz/Map.img/etc/922030022	v84	OK-UNCHANGED	REAL	v84	2ef6890be9ba	2ef6890be9ba	-	2ef6890be9ba	
B-MERGE-BOTH/v84-side	String	String.wz/Map.img	String.wz/Map.img/etc/922231001	v84	OK-UNCHANGED	REAL	v84	8aade495034b	8aade495034b	-	8aade495034b	
B-MERGE-BOTH/v84-side	String	String.wz/Map.img	String.wz/Map.img/etc/923020000	v84	OK-UNCHANGED	REAL	v84	435ac60e926d	435ac60e926d	-	435ac60e926d	
B-MERGE-BOTH/v84-side	String	String.wz/Map.img	String.wz/Map.img/etc/923020001	v84	OK-UNCHANGED	REAL	v84	cd7fa30e11a1	cd7fa30e11a1	-	cd7fa30e11a1	
B-MERGE-BOTH/v84-side	String	String.wz/Map.img	String.wz/Map.img/etc/923020010	v84	OK-UNCHANGED	REAL	v84	957faff61596	957faff61596	-	957faff61596	
B-MERGE-BOTH/v84-side	String	String.wz/Map.img	String.wz/Map.img/etc/923020020	v84	OK-UNCHANGED	REAL	v84	5c8c026fcd68	5c8c026fcd68	-	5c8c026fcd68	
B-MERGE-BOTH/v84-side	String	String.wz/Map.img	String.wz/Map.img/etc/923020100	v84	OK-UNCHANGED	REAL	v84	489ed0a0a548	489ed0a0a548	-	489ed0a0a548	
B-MERGE-BOTH/v84-side	String	String.wz/Map.img	String.wz/Map.img/etc/923020109	v84	OK-UNCHANGED	REAL	v84	3573c9f1caf8	3573c9f1caf8	-	3573c9f1caf8	
B-MERGE-BOTH/v84-side	String	String.wz/Map.img	String.wz/Map.img/etc/923020110	v84	OK-UNCHANGED	REAL	v84	07baf5eab13e	07baf5eab13e	-	07baf5eab13e	
B-MERGE-BOTH/v84-side	String	String.wz/Map.img	String.wz/Map.img/etc/923020111	v84	OK-UNCHANGED	REAL	v84	78fcab39956b	78fcab39956b	-	78fcab39956b	
B-MERGE-BOTH/v84-side	String	String.wz/Map.img	String.wz/Map.img/etc/923020112	v84	OK-UNCHANGED	REAL	v84	b9e4e1ccfcde	b9e4e1ccfcde	-	b9e4e1ccfcde	
B-MERGE-BOTH/v84-side	String	String.wz/Map.img	String.wz/Map.img/etc/923020113	v84	OK-UNCHANGED	REAL	v84	6a6064df41fa	6a6064df41fa	-	6a6064df41fa	
B-MERGE-BOTH/v84-side	String	String.wz/Map.img	String.wz/Map.img/etc/923020114	v84	OK-UNCHANGED	REAL	v84	b8d5044d2280	b8d5044d2280	-	b8d5044d2280	
B-MERGE-BOTH/v84-side	String	String.wz/Map.img	String.wz/Map.img/etc/923020120	v84	OK-UNCHANGED	REAL	v84	31e2ce4a1fe2	31e2ce4a1fe2	-	31e2ce4a1fe2	
B-MERGE-BOTH/v84-side	String	String.wz/Map.img	String.wz/Map.img/etc/923020189	v84	OK-UNCHANGED	REAL	v84	38193ebdd554	38193ebdd554	-	38193ebdd554	
B-MERGE-BOTH/v84-side	String	String.wz/Map.img	String.wz/Map.img/etc/923020190	v84	OK-UNCHANGED	REAL	v84	375bfad46af9	375bfad46af9	-	375bfad46af9	
B-MERGE-BOTH/v84-side	String	String.wz/Map.img	String.wz/Map.img/etc/924900000	v84	OK-UNCHANGED	REAL	v84	a51db049020d	a51db049020d	-	a51db049020d	
B-MERGE-BOTH/v84-side	String	String.wz/Map.img	String.wz/Map.img/etc/924900100	v84	OK-UNCHANGED	REAL	v84	cf08078a527c	cf08078a527c	-	cf08078a527c	
B-MERGE-BOTH/v84-side	String	String.wz/Map.img	String.wz/Map.img/etc/924900200	v84	OK-UNCHANGED	REAL	v84	112ccead9b3e	112ccead9b3e	-	112ccead9b3e	
B-MERGE-BOTH/v84-side	String	String.wz/Map.img	String.wz/Map.img/etc/924900300	v84	OK-UNCHANGED	REAL	v84	675d4c3b090b	675d4c3b090b	-	675d4c3b090b	
B-MERGE-BOTH/v84-side	String	String.wz/Map.img	String.wz/Map.img/etc/924900400	v84	OK-UNCHANGED	REAL	v84	b48d3bde0ad5	b48d3bde0ad5	-	b48d3bde0ad5	
B-MERGE-BOTH/v84-side	String	String.wz/Map.img	String.wz/Map.img/etc/924900500	v84	OK-UNCHANGED	REAL	v84	a3a2b9bc10a0	a3a2b9bc10a0	-	a3a2b9bc10a0	
B-MERGE-BOTH/v84-side	String	String.wz/Map.img	String.wz/Map.img/etc/925110000	v84	OK-UNCHANGED	REAL	v84	4593e6d44cbd	4593e6d44cbd	-	4593e6d44cbd	
B-MERGE-BOTH/v84-side	String	String.wz/Map.img	String.wz/Map.img/etc/950000000	v84	OK-UNCHANGED	REAL	v84	1722ca744319	1722ca744319	6428f4c8e694	1722ca744319	
B-MERGE-BOTH/v84-side	String	String.wz/Map.img	String.wz/Map.img/etc/980000700	v84	OK-UNCHANGED	REAL	v84	da8c58fbf51f	da8c58fbf51f	-	da8c58fbf51f	
B-MERGE-BOTH/v84-side	String	String.wz/Map.img	String.wz/Map.img/etc/980000701	v84	OK-UNCHANGED	REAL	v84	d5bc9298199d	d5bc9298199d	-	d5bc9298199d	
B-MERGE-BOTH/v84-side	String	String.wz/Map.img	String.wz/Map.img/etc/980000702	v84	OK-UNCHANGED	REAL	v84	4115c152b9aa	4115c152b9aa	-	4115c152b9aa	
B-MERGE-BOTH/v84-side	String	String.wz/Map.img	String.wz/Map.img/etc/980000703	v84	OK-UNCHANGED	REAL	v84	7e9dc553a938	7e9dc553a938	-	7e9dc553a938	
B-MERGE-BOTH/v84-side	String	String.wz/Map.img	String.wz/Map.img/etc/980000704	v84	OK-UNCHANGED	REAL	v84	e6136fd60891	e6136fd60891	-	e6136fd60891	
B-MERGE-BOTH/v84-side	String	String.wz/Map.img	String.wz/Map.img/etc/980000800	v84	OK-UNCHANGED	REAL	v84	9d9584ecde90	9d9584ecde90	-	9d9584ecde90	
B-MERGE-BOTH/v84-side	String	String.wz/Map.img	String.wz/Map.img/etc/980000801	v84	OK-UNCHANGED	REAL	v84	11733e63f787	11733e63f787	-	11733e63f787	
B-MERGE-BOTH/v84-side	String	String.wz/Map.img	String.wz/Map.img/etc/980000802	v84	OK-UNCHANGED	REAL	v84	84cfb48975d9	84cfb48975d9	-	84cfb48975d9	
B-MERGE-BOTH/v84-side	String	String.wz/Map.img	String.wz/Map.img/etc/980000803	v84	OK-UNCHANGED	REAL	v84	7834e67d924f	7834e67d924f	-	7834e67d924f	
B-MERGE-BOTH/v84-side	String	String.wz/Map.img	String.wz/Map.img/etc/980000804	v84	OK-UNCHANGED	REAL	v84	c2ba796cfe48	c2ba796cfe48	-	c2ba796cfe48	
B-MERGE-BOTH/v84-side	String	String.wz/Map.img	String.wz/Map.img/etc/980000900	v84	OK-UNCHANGED	REAL	v84	c5326ae2bfb4	c5326ae2bfb4	-	c5326ae2bfb4	
B-MERGE-BOTH/v84-side	String	String.wz/Map.img	String.wz/Map.img/etc/980000901	v84	OK-UNCHANGED	REAL	v84	76b38a2cc729	76b38a2cc729	-	76b38a2cc729	
B-MERGE-BOTH/v84-side	String	String.wz/Map.img	String.wz/Map.img/etc/980000902	v84	OK-UNCHANGED	REAL	v84	d748394ad467	d748394ad467	-	d748394ad467	
B-MERGE-BOTH/v84-side	String	String.wz/Map.img	String.wz/Map.img/etc/980000903	v84	OK-UNCHANGED	REAL	v84	2ecded3d5029	2ecded3d5029	-	2ecded3d5029	
B-MERGE-BOTH/v84-side	String	String.wz/Map.img	String.wz/Map.img/etc/980000904	v84	OK-UNCHANGED	REAL	v84	ddf2bd03fe98	ddf2bd03fe98	-	ddf2bd03fe98	
B-MERGE-BOTH/v84-side	String	String.wz/Map.img	String.wz/Map.img/ossyria/200000000	v84	OK-UNCHANGED	REAL	v84	3b95a896991a	3b95a896991a	fce8a4cda3d2	3b95a896991a	
B-MERGE-BOTH/v84-side	String	String.wz/Map.img	String.wz/Map.img/ossyria/200090080	v84	OK-UNCHANGED	REAL	v84	a95477621ee8	a95477621ee8	26c6c5dea0f9	a95477621ee8	
B-MERGE-BOTH/v84-side	String	String.wz/Map.img	String.wz/Map.img/ossyria/200090090	v84	OK-UNCHANGED	REAL	v84	06a45e2229b9	06a45e2229b9	726e5a062751	06a45e2229b9	
B-MERGE-BOTH/v84-side	String	String.wz/Map.img	String.wz/Map.img/ossyria/211000000	v84	OK-UNCHANGED	REAL	v84	db5710369ad7	db5710369ad7	cbdda8a341bf	db5710369ad7	
B-MERGE-BOTH/v84-side	String	String.wz/Map.img	String.wz/Map.img/ossyria/220000000	v84	OK-UNCHANGED	REAL	v84	94090feac99b	94090feac99b	4751ba91b760	94090feac99b	
B-MERGE-BOTH/v84-side	String	String.wz/Map.img	String.wz/Map.img/ossyria/221000000	v84	OK-UNCHANGED	REAL	v84	61b943638523	61b943638523	0deba47373cc	61b943638523	
B-MERGE-BOTH/v84-side	String	String.wz/Map.img	String.wz/Map.img/ossyria/222000000	v84	OK-UNCHANGED	REAL	v84	1d6baa9f096f	1d6baa9f096f	b30ae170bbc5	1d6baa9f096f	
B-MERGE-BOTH/v84-side	String	String.wz/Map.img	String.wz/Map.img/ossyria/230000000	v84	OK-UNCHANGED	REAL	v84	babf727032bf	babf727032bf	40f6ac832b94	babf727032bf	
B-MERGE-BOTH/v84-side	String	String.wz/Map.img	String.wz/Map.img/ossyria/240000000	v84	OK-UNCHANGED	REAL	v84	22ec0ca25572	22ec0ca25572	c8681017bebd	22ec0ca25572	
B-MERGE-BOTH/v84-side	String	String.wz/Map.img	String.wz/Map.img/ossyria/240080000	v84	OK-UNCHANGED	REAL	v84	23bfcc4cf3f8	23bfcc4cf3f8	-	23bfcc4cf3f8	
B-MERGE-BOTH/v84-side	String	String.wz/Map.img	String.wz/Map.img/ossyria/240080040	v84	OK-UNCHANGED	REAL	v84	fedd87d200cb	fedd87d200cb	-	fedd87d200cb	
B-MERGE-BOTH/v84-side	String	String.wz/Map.img	String.wz/Map.img/ossyria/240080041	v84	OK-UNCHANGED	REAL	v84	f5910438f3f7	f5910438f3f7	-	f5910438f3f7	
B-MERGE-BOTH/v84-side	String	String.wz/Map.img	String.wz/Map.img/ossyria/240080050	v84	OK-UNCHANGED	REAL	v84	1cb18d24ff3a	1cb18d24ff3a	-	1cb18d24ff3a	
B-MERGE-BOTH/v84-side	String	String.wz/Map.img	String.wz/Map.img/ossyria/240080051	v84	OK-UNCHANGED	REAL	v84	c762c444a857	c762c444a857	-	c762c444a857	
B-MERGE-BOTH/v84-side	String	String.wz/Map.img	String.wz/Map.img/ossyria/240080100	v84	OK-UNCHANGED	REAL	v84	f9ce9f939801	f9ce9f939801	-	f9ce9f939801	
B-MERGE-BOTH/v84-side	String	String.wz/Map.img	String.wz/Map.img/ossyria/240080200	v84	OK-UNCHANGED	REAL	v84	6936a151a6cc	6936a151a6cc	-	6936a151a6cc	
B-MERGE-BOTH/v84-side	String	String.wz/Map.img	String.wz/Map.img/ossyria/240080300	v84	OK-UNCHANGED	REAL	v84	8b25da3bb90b	8b25da3bb90b	-	8b25da3bb90b	
B-MERGE-BOTH/v84-side	String	String.wz/Map.img	String.wz/Map.img/ossyria/240080400	v84	OK-UNCHANGED	REAL	v84	ea2c95696589	ea2c95696589	-	ea2c95696589	
B-MERGE-BOTH/v84-side	String	String.wz/Map.img	String.wz/Map.img/ossyria/240080500	v84	OK-UNCHANGED	REAL	v84	496a12722eed	496a12722eed	-	496a12722eed	
B-MERGE-BOTH/v84-side	String	String.wz/Map.img	String.wz/Map.img/ossyria/240080600	v84	OK-UNCHANGED	REAL	v84	1b8131597926	1b8131597926	-	1b8131597926	
B-MERGE-BOTH/v84-side	String	String.wz/Map.img	String.wz/Map.img/ossyria/240080700	v84	OK-UNCHANGED	REAL	v84	eae8685d7107	eae8685d7107	-	eae8685d7107	
B-MERGE-BOTH/v84-side	String	String.wz/Map.img	String.wz/Map.img/ossyria/240080800	v84	OK-UNCHANGED	REAL	v84	354d2a2238ed	354d2a2238ed	-	354d2a2238ed	
B-MERGE-BOTH/v84-side	String	String.wz/Map.img	String.wz/Map.img/ossyria/250000000	v84	OK-UNCHANGED	REAL	v84	1260d1d1141a	1260d1d1141a	da5b65385e0b	1260d1d1141a	
B-MERGE-BOTH/v84-side	String	String.wz/Map.img	String.wz/Map.img/ossyria/251000000	v84	OK-UNCHANGED	REAL	v84	4cb2db5ba959	4cb2db5ba959	b7c3eb754747	4cb2db5ba959	
B-MERGE-BOTH/v84-side	String	String.wz/Map.img	String.wz/Map.img/ossyria/683070400	v84	OK-UNCHANGED	REAL	v84	772f71c0ad5c	772f71c0ad5c	-	772f71c0ad5c	
B-MERGE-BOTH/v84-side	String	String.wz/Map.img	String.wz/Map.img/ossyria/683070401	v84	OK-UNCHANGED	REAL	v84	eb02cfce3d0c	eb02cfce3d0c	-	eb02cfce3d0c	
B-MERGE-BOTH/v84-side	String	String.wz/Map.img	String.wz/Map.img/ossyria/683070402	v84	OK-UNCHANGED	REAL	v84	1d35d778882b	1d35d778882b	-	1d35d778882b	
B-MERGE-BOTH/v84-side	String	String.wz/Map.img	String.wz/Map.img/victoria/100000000	v84	OK-UNCHANGED	REAL	v84	fcc5b93bbf76	fcc5b93bbf76	f9a4041a4775	fcc5b93bbf76	
B-MERGE-BOTH/v84-side	String	String.wz/Map.img	String.wz/Map.img/victoria/100030301	v84	OK-UNCHANGED	REAL	v84	1fb634f4bed6	1fb634f4bed6	-	1fb634f4bed6	
B-MERGE-BOTH/v84-side	String	String.wz/Map.img	String.wz/Map.img/victoria/100030320	v84	OK-UNCHANGED	REAL	v84	77b1b8d46f23	77b1b8d46f23	-	77b1b8d46f23	
B-MERGE-BOTH/v84-side	String	String.wz/Map.img	String.wz/Map.img/victoria/101000000	v84	OK-UNCHANGED	REAL	v84	5701efc91aa1	5701efc91aa1	be250fa5ee20	5701efc91aa1	
B-MERGE-BOTH/v84-side	String	String.wz/Map.img	String.wz/Map.img/victoria/102000000	v84	OK-UNCHANGED	REAL	v84	401e068e73e5	401e068e73e5	d87a0026ba53	401e068e73e5	
B-MERGE-BOTH/v84-side	String	String.wz/Map.img	String.wz/Map.img/victoria/103000000	v84	OK-UNCHANGED	REAL	v84	01d821415c54	01d821415c54	d83957d74e19	01d821415c54	
B-MERGE-BOTH/v84-side	String	String.wz/Map.img	String.wz/Map.img/victoria/104000000	v84	OK-UNCHANGED	REAL	v84	64bd417d6c3a	64bd417d6c3a	8e9a46b29ac9	64bd417d6c3a	
B-MERGE-BOTH/v84-side	String	String.wz/Map.img	String.wz/Map.img/victoria/105040300	v84	OK-UNCHANGED	REAL	v84	c98ab232baf3	c98ab232baf3	6154614e2528	c98ab232baf3	
B-MERGE-BOTH/v84-side	String	String.wz/Map.img	String.wz/Map.img/victoria/109060002	v84	OK-UNCHANGED	REAL	v84	fd0b8abec436	fd0b8abec436	dbef220d74fd	fd0b8abec436	
B-MERGE-BOTH/v84-side	String	String.wz/Map.img	String.wz/Map.img/victoria/110000000	v84	OK-UNCHANGED	REAL	v84	7ca712c32efa	7ca712c32efa	54fe0f82a643	7ca712c32efa	
B-MERGE-BOTH/v84-side	String	String.wz/Map.img	String.wz/Map.img/victoria/120000200	v84	OK-UNCHANGED	REAL	v84	3a167d480a9c	3a167d480a9c	a7d257fca0a7	3a167d480a9c	
C-KEEP-HIS	Character	Character.wz/Cap/01002777.img	Character.wz/Cap/01002777.img/info/level	live	OK	REAL	his	547dda86dff0	9e3a09c4b859	547dda86dff0	9e3a09c4b859	
C-KEEP-HIS	Character	Character.wz/Cap/01002791.img	Character.wz/Cap/01002791.img/info/level	live	OK	REAL	his	038faa7557df	347a4a24e63c	038faa7557df	347a4a24e63c	
C-KEEP-HIS	Character	Character.wz/Dragon/01942002.img	Character.wz/Dragon/01942002.img/info/level	live	OK	REAL	his	a6cb62647d0c	3cb3358a3c4f	a6cb62647d0c	3cb3358a3c4f	
C-KEEP-HIS	Character	Character.wz/Dragon/01952002.img	Character.wz/Dragon/01952002.img/info/level	live	OK	REAL	his	a6cb62647d0c	3cb3358a3c4f	a6cb62647d0c	3cb3358a3c4f	
C-KEEP-HIS	Character	Character.wz/Dragon/01962002.img	Character.wz/Dragon/01962002.img/info/level	live	OK	REAL	his	a6cb62647d0c	3cb3358a3c4f	a6cb62647d0c	3cb3358a3c4f	
C-KEEP-HIS	Character	Character.wz/Dragon/01972002.img	Character.wz/Dragon/01972002.img/info/level	live	OK	REAL	his	a6cb62647d0c	3cb3358a3c4f	a6cb62647d0c	3cb3358a3c4f	
C-KEEP-HIS	Character	Character.wz/Glove/01082235.img	Character.wz/Glove/01082235.img/info/level	live	OK	REAL	his	a3f3a8a21050	06b225b954b2	a3f3a8a21050	06b225b954b2	
C-KEEP-HIS	Character	Character.wz/Glove/01082240.img	Character.wz/Glove/01082240.img/info/level	live	OK	REAL	his	5e79d4b1a47b	2dcb373c4385	5e79d4b1a47b	2dcb373c4385	
C-KEEP-HIS	Character	Character.wz/Longcoat/01052156.img	Character.wz/Longcoat/01052156.img/info/level	live	OK	REAL	his	7f4cb91b963a	b4785078f1be	7f4cb91b963a	b4785078f1be	
C-KEEP-HIS	Character	Character.wz/Longcoat/01052161.img	Character.wz/Longcoat/01052161.img/info/level	live	OK	REAL	his	02041e61dc8e	67dc2fc1d96f	02041e61dc8e	67dc2fc1d96f	
C-KEEP-HIS	Character	Character.wz/Shield/01092057.img	Character.wz/Shield/01092057.img/info/level	live	OK	REAL	his	1e998a760e23	b1e020d27509	1e998a760e23	b1e020d27509	
C-KEEP-HIS	Character	Character.wz/Shoes/01072356.img	Character.wz/Shoes/01072356.img/info/level	live	OK	REAL	his	2232cdcabb28	556e35cdf9de	2232cdcabb28	556e35cdf9de	
C-KEEP-HIS	Character	Character.wz/Shoes/01072362.img	Character.wz/Shoes/01072362.img/info/level	live	OK	REAL	his	c33336ba91ad	890db9b02a66	c33336ba91ad	890db9b02a66	
C-KEEP-HIS	Character	Character.wz/Weapon/01372044.img	Character.wz/Weapon/01372044.img/info/level	live	OK	REAL	his	98193bdbefec	259f08ae23b1	98193bdbefec	259f08ae23b1	
C-KEEP-HIS	Character	Character.wz/Weapon/01372045.img	Character.wz/Weapon/01372045.img/info/level	live	OK	REAL	his	a4caf68c3be4	92c21c9f36f9	a4caf68c3be4	92c21c9f36f9	
C-KEEP-HIS	Character	Character.wz/Weapon/01382057.img	Character.wz/Weapon/01382057.img/info/level	live	OK	REAL	his	98193bdbefec	259f08ae23b1	98193bdbefec	259f08ae23b1	
C-KEEP-HIS	Character	Character.wz/Weapon/01382059.img	Character.wz/Weapon/01382059.img/info/level	live	OK	REAL	his	a4caf68c3be4	92c21c9f36f9	a4caf68c3be4	92c21c9f36f9	
C-TAKE-V84	Character	Character.wz/TamingMob/01912033.img	Character.wz/TamingMob/01912033.img/1902040/fly	v84	OK-UNCHANGED	REAL	v84	0b571aaa79bb	0b571aaa79bb	3901a818baf5	0b571aaa79bb	
C-TAKE-V84	Character	Character.wz/TamingMob/01912033.img	Character.wz/TamingMob/01912033.img/1902040/jump	v84	OK-UNCHANGED	REAL	v84	75f7ebbe5d9b	75f7ebbe5d9b	e52ca2c2b94c	75f7ebbe5d9b	
C-TAKE-V84	Character	Character.wz/TamingMob/01912033.img	Character.wz/TamingMob/01912033.img/1902040/ladder	v84	OK-UNCHANGED	REAL	v84	3c5d6f35b465	3c5d6f35b465	c4ca673e0b9a	3c5d6f35b465	
C-TAKE-V84	Character	Character.wz/TamingMob/01912033.img	Character.wz/TamingMob/01912033.img/1902040/prone	v84	OK-UNCHANGED	REAL	v84	caf364be2452	caf364be2452	ea81692070d3	caf364be2452	
C-TAKE-V84	Character	Character.wz/TamingMob/01912033.img	Character.wz/TamingMob/01912033.img/1902040/rope	v84	OK-UNCHANGED	REAL	v84	e73d1900c62f	e73d1900c62f	952441e29003	e73d1900c62f	
C-TAKE-V84	Character	Character.wz/TamingMob/01912033.img	Character.wz/TamingMob/01912033.img/1902040/stand1	v84	OK-UNCHANGED	REAL	v84	7b80ae5b3a57	7b80ae5b3a57	932da10f116a	7b80ae5b3a57	
C-TAKE-V84	Character	Character.wz/TamingMob/01912033.img	Character.wz/TamingMob/01912033.img/1902040/tired	v84	OK-UNCHANGED	REAL	v84	d351896ca0b0	d351896ca0b0	5af3fabd8c29	d351896ca0b0	
C-TAKE-V84	Character	Character.wz/TamingMob/01912033.img	Character.wz/TamingMob/01912033.img/1902040/walk1	v84	OK-UNCHANGED	REAL	v84	d54eb81dc5e7	d54eb81dc5e7	00885678f6e9	d54eb81dc5e7	
C-TAKE-V84	Character	Character.wz/TamingMob/01912033.img	Character.wz/TamingMob/01912033.img/info/icon	v84	OK-UNCHANGED	REAL	v84	adb1c7899142	adb1c7899142	f360463b02be	adb1c7899142	
C-TAKE-V84	Character	Character.wz/TamingMob/01912033.img	Character.wz/TamingMob/01912033.img/info/iconRaw	v84	OK-UNCHANGED	REAL	v84	91d23c1e5977	91d23c1e5977	7d9fdc41f8b8	91d23c1e5977	
C-TAKE-V84	Character	Character.wz/TamingMob/01912034.img	Character.wz/TamingMob/01912034.img/1902041/fly	v84	OK-UNCHANGED	REAL	v84	4350e06fde8f	4350e06fde8f	e41c6a77fb50	4350e06fde8f	
C-TAKE-V84	Character	Character.wz/TamingMob/01912034.img	Character.wz/TamingMob/01912034.img/1902041/jump	v84	OK-UNCHANGED	REAL	v84	5b83da52154f	5b83da52154f	a174ca00a2c2	5b83da52154f	
C-TAKE-V84	Character	Character.wz/TamingMob/01912034.img	Character.wz/TamingMob/01912034.img/1902041/prone	v84	OK-UNCHANGED	REAL	v84	1e7b20fdc93e	1e7b20fdc93e	a37b4bba274a	1e7b20fdc93e	
C-TAKE-V84	Character	Character.wz/TamingMob/01912034.img	Character.wz/TamingMob/01912034.img/1902041/stand1	v84	OK-UNCHANGED	REAL	v84+his-additive	d487861ffb3c	d487861ffb3c	3cccda93a989	d3c5d4e42a44	
C-TAKE-V84	Character	Character.wz/TamingMob/01912034.img	Character.wz/TamingMob/01912034.img/1902041/tired	v84	OK-UNCHANGED	REAL	v84	fdd9af367113	fdd9af367113	eaf1039639fc	fdd9af367113	
C-TAKE-V84	Character	Character.wz/TamingMob/01912034.img	Character.wz/TamingMob/01912034.img/1902041/walk1	v84	OK-UNCHANGED	REAL	v84	3f072a57b715	3f072a57b715	2d7f4e543cf9	3f072a57b715	
C-TAKE-V84	Character	Character.wz/TamingMob/01912034.img	Character.wz/TamingMob/01912034.img/info/icon	v84	OK-UNCHANGED	REAL	v84	acca6bf353ea	acca6bf353ea	f360463b02be	acca6bf353ea	
C-TAKE-V84	Character	Character.wz/TamingMob/01912034.img	Character.wz/TamingMob/01912034.img/info/iconRaw	v84	OK-UNCHANGED	REAL	v84	e81171c9542d	e81171c9542d	7d9fdc41f8b8	e81171c9542d	
C-TAKE-V84	Character	Character.wz/TamingMob/01912035.img	Character.wz/TamingMob/01912035.img/1902042/fly	v84	OK-UNCHANGED	REAL	v84	b3c52dcdb6ee	b3c52dcdb6ee	417375c9d5b6	b3c52dcdb6ee	
C-TAKE-V84	Character	Character.wz/TamingMob/01912035.img	Character.wz/TamingMob/01912035.img/1902042/jump	v84	OK-UNCHANGED	REAL	v84+his-additive	227c83f4b123	227c83f4b123	4f73854dd67f	2ede052c3afe	
C-TAKE-V84	Character	Character.wz/TamingMob/01912035.img	Character.wz/TamingMob/01912035.img/1902042/ladder	v84	OK-UNCHANGED	REAL	v84	9ab5fea61d96	9ab5fea61d96	a953d09b4e65	9ab5fea61d96	
C-TAKE-V84	Character	Character.wz/TamingMob/01912035.img	Character.wz/TamingMob/01912035.img/1902042/prone	v84	OK-UNCHANGED	REAL	v84+his-additive	e3672ce9970a	e3672ce9970a	f12466ffee37	e573c6ac474c	
C-TAKE-V84	Character	Character.wz/TamingMob/01912035.img	Character.wz/TamingMob/01912035.img/1902042/rope	v84	OK-UNCHANGED	REAL	v84	b60150e20692	b60150e20692	df9519deda9e	b60150e20692	
C-TAKE-V84	Character	Character.wz/TamingMob/01912035.img	Character.wz/TamingMob/01912035.img/1902042/stand1	v84	OK-UNCHANGED	REAL	v84+his-additive	ac9abb5aa41c	ac9abb5aa41c	6a201c7fbae2	2d7c2ab83402	
C-TAKE-V84	Character	Character.wz/TamingMob/01912035.img	Character.wz/TamingMob/01912035.img/1902042/tired	v84	OK-UNCHANGED	REAL	v84+his-additive	8ff70ea4b34f	8ff70ea4b34f	12da2026a481	9ea51368e48e	
C-TAKE-V84	Character	Character.wz/TamingMob/01912035.img	Character.wz/TamingMob/01912035.img/1902042/walk1	v84	OK-UNCHANGED	REAL	v84	3e40b5d714a6	3e40b5d714a6	e03f2e170496	3e40b5d714a6	
C-TAKE-V84	Character	Character.wz/TamingMob/01912035.img	Character.wz/TamingMob/01912035.img/info/icon	v84	OK-UNCHANGED	REAL	v84	f80e18ad43fd	f80e18ad43fd	f360463b02be	f80e18ad43fd	
C-TAKE-V84	Character	Character.wz/TamingMob/01912035.img	Character.wz/TamingMob/01912035.img/info/iconRaw	v84	OK-UNCHANGED	REAL	v84	de79b2765232	de79b2765232	7d9fdc41f8b8	de79b2765232	
C-TAKE-V84	Item	Item.wz/Consume/0228.img	Item.wz/Consume/0228.img/02280002/info	v84	OK-UNCHANGED	REAL	v84	d766ec82f2ba	d766ec82f2ba	5135588249f3	d766ec82f2ba	
C-TAKE-V84	Item	Item.wz/Consume/0228.img	Item.wz/Consume/0228.img/02280003/info	v84	OK-UNCHANGED	REAL	v84	86450e79c06d	86450e79c06d	b44419473058	86450e79c06d	
C-TAKE-V84	Item	Item.wz/Consume/0229.img	Item.wz/Consume/0229.img/02290096/info	v84	OK-UNCHANGED	REAL	v84	3224d0ac17d7	3224d0ac17d7	959072998660	3224d0ac17d7	
C-TAKE-V84	Item	Item.wz/Consume/0229.img	Item.wz/Consume/0229.img/02290125/info	v84	OK-UNCHANGED	REAL	v84	ca81ec4e1407	ca81ec4e1407	a6a96db106e6	ca81ec4e1407	
C-TAKE-V84	Item	Item.wz/Etc/0403.img	Item.wz/Etc/0403.img/04032474/info	v84	OK-UNCHANGED	REAL	v84	46a62ea0fb48	46a62ea0fb48	897f5697056c	46a62ea0fb48	
C-TAKE-V84	Map	Map.wz/Map/Map1/101000000.img	Map.wz/Map/Map1/101000000.img/life/24	v84	OK-UNCHANGED	REAL	v84	87d9d8ee4be9	87d9d8ee4be9	696ce2154c6d	87d9d8ee4be9	
C-TAKE-V84	Map	Map.wz/Map/Map1/101000000.img	Map.wz/Map/Map1/101000000.img/life/25	v84	OK-UNCHANGED	REAL	v84	6728e6b46ce3	6728e6b46ce3	5a975fad3bbf	6728e6b46ce3	
C-TAKE-V84	Map	Map.wz/Map/Map1/101000000.img	Map.wz/Map/Map1/101000000.img/life/26	v84	OK-UNCHANGED	REAL	his	05a02ca1c9f1	05a02ca1c9f1	05a02ca1c9f1	-	
C-TAKE-V84	Map	Map.wz/Map/Map1/101000000.img	Map.wz/Map/Map1/101000000.img/life/27	v84	OK-UNCHANGED	REAL	his	ab57bad090f4	ab57bad090f4	ab57bad090f4	-	
C-TAKE-V84	Map	Map.wz/Map/Map1/101000000.img	Map.wz/Map/Map1/101000000.img/miniMap/canvas	v84	OK-UNCHANGED	REAL	v84	86026508fc22	86026508fc22	424329e43e50	86026508fc22	
C-TAKE-V84	Map	Map.wz/Map/Map1/102000000.img	Map.wz/Map/Map1/102000000.img/life/24	v84	OK-UNCHANGED	REAL	v84	02ad652f736c	02ad652f736c	b8b9b5b8d175	02ad652f736c	
C-TAKE-V84	Map	Map.wz/Map/Map1/102000000.img	Map.wz/Map/Map1/102000000.img/life/25	v84	OK-UNCHANGED	REAL	his	dc9cb50cbaad	dc9cb50cbaad	dc9cb50cbaad	-	
C-TAKE-V84	Map	Map.wz/Map/Map1/102000000.img	Map.wz/Map/Map1/102000000.img/life/26	v84	OK-UNCHANGED	REAL	his	4c392361f517	4c392361f517	4c392361f517	-	
C-TAKE-V84	Map	Map.wz/Map/Map1/102000000.img	Map.wz/Map/Map1/102000000.img/miniMap/canvas	v84	OK-UNCHANGED	REAL	v84	dc368c76314d	dc368c76314d	33b2d1afac99	dc368c76314d	
C-TAKE-V84	Map	Map.wz/Map/Map1/102000004.img	Map.wz/Map/Map1/102000004.img/life/0	v84	OK-UNCHANGED	REAL	v84	5cd40c20641d	5cd40c20641d	-	5cd40c20641d	
C-TAKE-V84	Map	Map.wz/Map/Map1/102000004.img	Map.wz/Map/Map1/102000004.img/life/8	v84	OK-UNCHANGED-VACUOUS	VACUOUS	v84	-	-	-	-	
C-TAKE-V84	Map	Map.wz/Map/Map1/103000000.img	Map.wz/Map/Map1/103000000.img/life/21	v84	OK-UNCHANGED	REAL	v84	f33421cbdd55	f33421cbdd55	f046608c8c58	f33421cbdd55	
C-TAKE-V84	Map	Map.wz/Map/Map1/103000000.img	Map.wz/Map/Map1/103000000.img/life/26	v84	OK-UNCHANGED	REAL	his	83aaf728dd5c	83aaf728dd5c	83aaf728dd5c	-	
C-TAKE-V84	Map	Map.wz/Map/Map1/103000000.img	Map.wz/Map/Map1/103000000.img/life/27	v84	OK-UNCHANGED	REAL	his	5e637efef595	5e637efef595	5e637efef595	-	
C-TAKE-V84	Map	Map.wz/Map/Map1/120000105.img	Map.wz/Map/Map1/120000105.img/foothold/1	v84	OK-UNCHANGED	REAL	v84	a5cc90819ff4	a5cc90819ff4	0a4e10cd5a47	a5cc90819ff4	
C-TAKE-V84	Map	Map.wz/Map/Map1/120000105.img	Map.wz/Map/Map1/120000105.img/life/0	v84	OK-UNCHANGED	REAL	v84	af91d8263489	af91d8263489	-	af91d8263489	
C-TAKE-V84	Map	Map.wz/Map/Map1/120000105.img	Map.wz/Map/Map1/120000105.img/life/1	v84	OK-UNCHANGED	REAL	v84	43b947537e66	43b947537e66	-	43b947537e66	
C-TAKE-V84	Map	Map.wz/Map/Map1/120000105.img	Map.wz/Map/Map1/120000105.img/life/10	v84	OK-UNCHANGED-VACUOUS	VACUOUS	v84	-	-	-	-	
C-TAKE-V84	Map	Map.wz/Map/Map1/120000105.img	Map.wz/Map/Map1/120000105.img/life/2	v84	OK-UNCHANGED	REAL	v84	5aef2fa0c98e	5aef2fa0c98e	-	5aef2fa0c98e	
C-TAKE-V84	Map	Map.wz/Map/Map1/120000105.img	Map.wz/Map/Map1/120000105.img/life/3	v84	OK-UNCHANGED	REAL	v84	a9b7f52d92d7	a9b7f52d92d7	-	a9b7f52d92d7	
C-TAKE-V84	Map	Map.wz/Map/Map1/120000105.img	Map.wz/Map/Map1/120000105.img/life/4	v84	OK-UNCHANGED	REAL	v84	b614c9f14774	b614c9f14774	-	b614c9f14774	
C-TAKE-V84	Map	Map.wz/Map/Map1/120000105.img	Map.wz/Map/Map1/120000105.img/life/5	v84	OK-UNCHANGED	REAL	v84	ea33b7983ddb	ea33b7983ddb	-	ea33b7983ddb	
C-TAKE-V84	Map	Map.wz/Map/Map1/120000105.img	Map.wz/Map/Map1/120000105.img/life/6	v84	OK-UNCHANGED	REAL	v84	cdae87e89910	cdae87e89910	-	cdae87e89910	
C-TAKE-V84	Map	Map.wz/Map/Map1/120000105.img	Map.wz/Map/Map1/120000105.img/life/7	v84	OK-UNCHANGED	REAL	v84	7f04b72ca913	7f04b72ca913	-	7f04b72ca913	
C-TAKE-V84	Map	Map.wz/Map/Map1/120000105.img	Map.wz/Map/Map1/120000105.img/life/8	v84	OK-UNCHANGED	REAL	v84	299d9ad71d8a	299d9ad71d8a	-	299d9ad71d8a	
C-TAKE-V84	Map	Map.wz/Map/Map1/120000105.img	Map.wz/Map/Map1/120000105.img/life/9	v84	OK-UNCHANGED	REAL	v84	7098ea5094cf	7098ea5094cf	-	7098ea5094cf	
C-TAKE-V84	Map	Map.wz/Map/Map1/130000000.img	Map.wz/Map/Map1/130000000.img/miniMap/canvas	v84	OK-UNCHANGED	REAL	v84	060a8420c455	060a8420c455	15362680431d	060a8420c455	
C-TAKE-V84	Map	Map.wz/Map/Map1/130000101.img	Map.wz/Map/Map1/130000101.img/life/50	v84	OK-UNCHANGED	REAL	v84	522500f26e96	522500f26e96	-	522500f26e96	
C-TAKE-V84	Map	Map.wz/Map/Map2/250000000.img	Map.wz/Map/Map2/250000000.img/life/17	v84	OK-UNCHANGED	REAL	v84	eb4183e6791e	eb4183e6791e	f1812a4d7856	eb4183e6791e	
C-TAKE-V84	Map	Map.wz/Map/Map2/250000000.img	Map.wz/Map/Map2/250000000.img/life/21	v84	OK-UNCHANGED	REAL	his	3d667f8b1faa	3d667f8b1faa	3d667f8b1faa	-	
C-TAKE-V84	Map	Map.wz/Map/Map2/250000000.img	Map.wz/Map/Map2/250000000.img/portal/15	v84	OK-UNCHANGED	REAL	v84	eebb9a91de62	eebb9a91de62	2cdd17f84cb2	eebb9a91de62	
C-TAKE-V84	Map	Map.wz/Map/Map2/251000000.img	Map.wz/Map/Map2/251000000.img/life/13	v84	OK-UNCHANGED	REAL	v84	d143ced6ff72	d143ced6ff72	36447052dafc	d143ced6ff72	
C-TAKE-V84	Map	Map.wz/Map/Map2/251000000.img	Map.wz/Map/Map2/251000000.img/life/14	v84	OK-UNCHANGED	REAL	v84	c586703e48bc	c586703e48bc	0feb46234717	c586703e48bc	
C-TAKE-V84	Map	Map.wz/Map/Map2/251000000.img	Map.wz/Map/Map2/251000000.img/life/15	v84	OK-UNCHANGED	REAL	his	72e52a891b5f	72e52a891b5f	72e52a891b5f	-	
C-TAKE-V84	Map	Map.wz/Map/Map2/251000000.img	Map.wz/Map/Map2/251000000.img/portal/8	v84	OK-UNCHANGED	REAL	v84	4d5bb4f6feda	4d5bb4f6feda	e76289a0fe0a	4d5bb4f6feda	
C-TAKE-V84	Map	Map.wz/Map/Map2/261000000.img	Map.wz/Map/Map2/261000000.img/portal/29	v84	OK-UNCHANGED	REAL	v84	1d4c3b314cc0	1d4c3b314cc0	87fc74bd3006	1d4c3b314cc0	
C-TAKE-V84	Map	Map.wz/Map/Map2/261000000.img	Map.wz/Map/Map2/261000000.img/portal/39	v84	OK-UNCHANGED	REAL	v84	113cf7684088	113cf7684088	1fc352736e09	113cf7684088	
C-TAKE-V84	Map	Map.wz/WorldMap/WorldMap.img	Map.wz/WorldMap/WorldMap.img/MapList/1	v84	OK-UNCHANGED	REAL	v84	a439ab85b1eb	a439ab85b1eb	8c0933a127bc	a439ab85b1eb	
C-TAKE-V84	Map	Map.wz/WorldMap/WorldMap010.img	Map.wz/WorldMap/WorldMap010.img/BaseImg/0	v84	OK-UNCHANGED	REAL	v84	cb1b3f6c3a5e	cb1b3f6c3a5e	956059a966df	cb1b3f6c3a5e	
C-TAKE-V84	Map	Map.wz/WorldMap/WorldMap010.img	Map.wz/WorldMap/WorldMap010.img/MapList/93	v84	OK-UNCHANGED	REAL	v84	b2000839bb7d	b2000839bb7d	83ddbe88e303	b2000839bb7d	
C-TAKE-V84	Map	Map.wz/WorldMap/WorldMap010.img	Map.wz/WorldMap/WorldMap010.img/MapList/94	v84	OK-UNCHANGED	REAL	v84	868e3e920bc7	868e3e920bc7	bd02450ca1c0	868e3e920bc7	
C-TAKE-V84	Quest	Quest.wz/QuestInfo.img	Quest.wz/QuestInfo.img/1044/1	v84	OK-UNCHANGED	REAL	v84	5399971968f1	5399971968f1	0008f2a48097	5399971968f1	
C-TAKE-V84	Quest	Quest.wz/QuestInfo.img	Quest.wz/QuestInfo.img/1044/2	v84	OK-UNCHANGED	REAL	v84	d110c9805286	d110c9805286	367e260b5e01	d110c9805286	
C-TAKE-V84	Quest	Quest.wz/QuestInfo.img	Quest.wz/QuestInfo.img/3925/2	v84	OK-UNCHANGED	REAL	v84	93acd714fe75	93acd714fe75	ff50c79b1b5a	93acd714fe75	
C-TAKE-V84	Quest	Quest.wz/QuestInfo.img	Quest.wz/QuestInfo.img/4513/1	v84	OK-UNCHANGED	REAL	v84	9d641c91331d	9d641c91331d	3dde81603d64	9d641c91331d	
C-TAKE-V84	Skill	Skill.wz/MobSkill.img	Skill.wz/MobSkill.img/200/level	v84	OK-UNCHANGED	REAL	v84	2e5c1375f6c8	2e5c1375f6c8	f3427a383d6e	2e5c1375f6c8	
C-TAKE-V84	String	String.wz/Eqp.img	String.wz/Eqp.img/Eqp/Accessory	v84	OK-UNCHANGED	REAL	v84+his-additive	38c75dec72ee	38c75dec72ee	0d005518b9ba	752ae3eca8d8	
C-TAKE-V84	String	String.wz/Eqp.img	String.wz/Eqp.img/Eqp/Cap	v84	OK-UNCHANGED	REAL	v84	f6d9db8b0f28	f6d9db8b0f28	851c176061f8	f6d9db8b0f28	
C-TAKE-V84	String	String.wz/Eqp.img	String.wz/Eqp.img/Eqp/Cape	v84	OK-UNCHANGED	REAL	v84	59107b448bbf	59107b448bbf	15d223e12f9a	59107b448bbf	
C-TAKE-V84	String	String.wz/Eqp.img	String.wz/Eqp.img/Eqp/Coat	v84	OK-UNCHANGED	REAL	v84	14c37ee37000	14c37ee37000	dd63288b9ace	14c37ee37000	
C-TAKE-V84	String	String.wz/Eqp.img	String.wz/Eqp.img/Eqp/Dragon	v84	OK-UNCHANGED	REAL	v84	bc36198f17d1	bc36198f17d1	7e47f09017b6	bc36198f17d1	
C-TAKE-V84	String	String.wz/Eqp.img	String.wz/Eqp.img/Eqp/Glove	v84	OK-UNCHANGED	REAL	v84	02fac5e8151a	02fac5e8151a	e7569cc28eec	02fac5e8151a	
C-TAKE-V84	String	String.wz/Eqp.img	String.wz/Eqp.img/Eqp/Hair	v84	OK-UNCHANGED	REAL	v84+his-additive	2b5d0339271a	2b5d0339271a	123110f71d37	195eb3d210fb	
C-TAKE-V84	String	String.wz/Eqp.img	String.wz/Eqp.img/Eqp/Longcoat	v84	OK-UNCHANGED	REAL	v84+his-additive	63675d1bf75a	63675d1bf75a	31f2552c6a79	83b34ccc989f	
C-TAKE-V84	String	String.wz/Eqp.img	String.wz/Eqp.img/Eqp/Pants	v84	OK-UNCHANGED	REAL	v84	4599f428d040	4599f428d040	63c9d5908735	4599f428d040	
C-TAKE-V84	String	String.wz/Eqp.img	String.wz/Eqp.img/Eqp/PetEquip	v84	OK-UNCHANGED	REAL	v84+his-additive	94f079ae51a4	94f079ae51a4	c27dbdb7a8fb	347811ccc686	
C-TAKE-V84	String	String.wz/Eqp.img	String.wz/Eqp.img/Eqp/Shield	v84	OK-UNCHANGED	REAL	v84	2289075f7b84	2289075f7b84	8a7ccef3230a	2289075f7b84	
C-TAKE-V84	String	String.wz/Eqp.img	String.wz/Eqp.img/Eqp/Shoes	v84	OK-UNCHANGED	REAL	v84	409107142c05	409107142c05	a273c2a16431	409107142c05	
C-TAKE-V84	String	String.wz/Eqp.img	String.wz/Eqp.img/Eqp/Taming	v84	OK-UNCHANGED	REAL	v84+his-additive	fa760ce2651f	fa760ce2651f	c73ce3333f6c	d91c392804c9	
C-TAKE-V84	String	String.wz/Eqp.img	String.wz/Eqp.img/Eqp/Weapon	v84	OK-UNCHANGED	REAL	v84+his-additive	c15230f5c0ab	c15230f5c0ab	374bb4a80bcf	5088b495ce8a	
C-TAKE-V84	String	String.wz/Etc.img	String.wz/Etc.img/Etc/4032141	v84	OK-UNCHANGED	REAL	v84	82d53ddc9ba3	82d53ddc9ba3	ddb6f3d2a541	82d53ddc9ba3	
C-TAKE-V84	String	String.wz/Etc.img	String.wz/Etc.img/Etc/4161049	v84	OK-UNCHANGED	REAL	v84	d6b69e077e72	d6b69e077e72	27fe5e59d399	d6b69e077e72	
C-TAKE-V84	String	String.wz/Etc.img	String.wz/Etc.img/Etc/4161050	v84	OK-UNCHANGED	REAL	v84	8ebffaeeba6f	8ebffaeeba6f	aced22977389	8ebffaeeba6f	
C-TAKE-V84	String	String.wz/Etc.img	String.wz/Etc.img/Etc/4161051	v84	OK-UNCHANGED	REAL	v84	d0b5efaf4dec	d0b5efaf4dec	1fb651d0ed78	d0b5efaf4dec	
C-TAKE-V84	String	String.wz/Ins.img	String.wz/Ins.img/3994179/desc	v84	OK-UNCHANGED	REAL	v84	5dcd1c40e678	5dcd1c40e678	108f19d49a60	5dcd1c40e678	
C-TAKE-V84	String	String.wz/Ins.img	String.wz/Ins.img/3994179/name	v84	OK-UNCHANGED	REAL	v84	f4dbdbee40f2	f4dbdbee40f2	6f568db0b18c	f4dbdbee40f2	
C-TAKE-V84	String	String.wz/Ins.img	String.wz/Ins.img/3994180/desc	v84	OK-UNCHANGED	REAL	v84	80d57f011fbd	80d57f011fbd	108f19d49a60	80d57f011fbd	
C-TAKE-V84	String	String.wz/Ins.img	String.wz/Ins.img/3994180/name	v84	OK-UNCHANGED	REAL	v84	4779252ee3ce	4779252ee3ce	6f568db0b18c	4779252ee3ce	
D-TAKE-V84	Character	Character.wz/Glove/01082262.img	Character.wz/Glove/01082262.img/alert	v84	OK-UNCHANGED	REAL	v84	08da8078b9ed	08da8078b9ed	4d8f937d11f6	08da8078b9ed	
D-TAKE-V84	Character	Character.wz/Glove/01082262.img	Character.wz/Glove/01082262.img/fly	v84	OK-UNCHANGED	REAL	v84	c7e082ceaedc	c7e082ceaedc	a8d677993fbc	c7e082ceaedc	
D-TAKE-V84	Character	Character.wz/Glove/01082262.img	Character.wz/Glove/01082262.img/info	v84	OK-UNCHANGED	REAL	v84	57d2cfb1d8ab	57d2cfb1d8ab	a59e0ec50f41	57d2cfb1d8ab	
D-TAKE-V84	Character	Character.wz/Glove/01082262.img	Character.wz/Glove/01082262.img/jump	v84	OK-UNCHANGED	REAL	v84	42303cb75f56	42303cb75f56	424982600dea	42303cb75f56	
D-TAKE-V84	Character	Character.wz/Glove/01082262.img	Character.wz/Glove/01082262.img/proneStab	v84	OK-UNCHANGED	REAL	v84	341a94b59503	341a94b59503	143ecb333c09	341a94b59503	
D-TAKE-V84	Character	Character.wz/Glove/01082262.img	Character.wz/Glove/01082262.img/shoot1	v84	OK-UNCHANGED	REAL	v84	69c9681a9e38	69c9681a9e38	5b601942e381	69c9681a9e38	
D-TAKE-V84	Character	Character.wz/Glove/01082262.img	Character.wz/Glove/01082262.img/shoot2	v84	OK-UNCHANGED	REAL	v84	cf84d0dd14b7	cf84d0dd14b7	52df9c47de81	cf84d0dd14b7	
D-TAKE-V84	Character	Character.wz/Glove/01082262.img	Character.wz/Glove/01082262.img/shootF	v84	OK-UNCHANGED	REAL	v84	066194fece05	066194fece05	4e5fdc381e96	066194fece05	
D-TAKE-V84	Character	Character.wz/Glove/01082262.img	Character.wz/Glove/01082262.img/sit	v84	OK-UNCHANGED	REAL	v84	b44f979cbb44	b44f979cbb44	7f6f111e3905	b44f979cbb44	
D-TAKE-V84	Character	Character.wz/Glove/01082262.img	Character.wz/Glove/01082262.img/stabO1	v84	OK-UNCHANGED	REAL	v84	562027b3cb12	562027b3cb12	d146f71ebd5e	562027b3cb12	
D-TAKE-V84	Character	Character.wz/Glove/01082262.img	Character.wz/Glove/01082262.img/stabO2	v84	OK-UNCHANGED	REAL	v84	9ad0e30e3eb6	9ad0e30e3eb6	a479213c2476	9ad0e30e3eb6	
D-TAKE-V84	Character	Character.wz/Glove/01082262.img	Character.wz/Glove/01082262.img/stabOF	v84	OK-UNCHANGED	REAL	v84	1a1eacc0d221	1a1eacc0d221	e4069df179bc	1a1eacc0d221	
D-TAKE-V84	Character	Character.wz/Glove/01082262.img	Character.wz/Glove/01082262.img/stabT1	v84	OK-UNCHANGED	REAL	v84	ca4d2563b815	ca4d2563b815	73a34940d19b	ca4d2563b815	
D-TAKE-V84	Character	Character.wz/Glove/01082262.img	Character.wz/Glove/01082262.img/stabT2	v84	OK-UNCHANGED	REAL	v84	e699e1188a98	e699e1188a98	9093ff45fd10	e699e1188a98	
D-TAKE-V84	Character	Character.wz/Glove/01082262.img	Character.wz/Glove/01082262.img/stabTF	v84	OK-UNCHANGED	REAL	v84	02eedff4be6c	02eedff4be6c	26ad95e2532a	02eedff4be6c	
D-TAKE-V84	Character	Character.wz/Glove/01082262.img	Character.wz/Glove/01082262.img/stand1	v84	OK-UNCHANGED	REAL	v84	086cb46d9ea6	086cb46d9ea6	d0bfa07115d0	086cb46d9ea6	
D-TAKE-V84	Character	Character.wz/Glove/01082262.img	Character.wz/Glove/01082262.img/stand2	v84	OK-UNCHANGED	REAL	v84	39406e1d7c99	39406e1d7c99	49f2185341a5	39406e1d7c99	
D-TAKE-V84	Character	Character.wz/Glove/01082262.img	Character.wz/Glove/01082262.img/swingO1	v84	OK-UNCHANGED	REAL	v84	4cb1a0b62da4	4cb1a0b62da4	0dcbe867de46	4cb1a0b62da4	
D-TAKE-V84	Character	Character.wz/Glove/01082262.img	Character.wz/Glove/01082262.img/swingO2	v84	OK-UNCHANGED	REAL	v84	98e07c247bcc	98e07c247bcc	03103ebcf4bc	98e07c247bcc	
D-TAKE-V84	Character	Character.wz/Glove/01082262.img	Character.wz/Glove/01082262.img/swingO3	v84	OK-UNCHANGED	REAL	v84	5c9d701ab0a5	5c9d701ab0a5	b1d2e2dda850	5c9d701ab0a5	
D-TAKE-V84	Character	Character.wz/Glove/01082262.img	Character.wz/Glove/01082262.img/swingOF	v84	OK-UNCHANGED	REAL	v84	8ab85c06e1b5	8ab85c06e1b5	f8378a516d74	8ab85c06e1b5	
D-TAKE-V84	Character	Character.wz/Glove/01082262.img	Character.wz/Glove/01082262.img/swingP1	v84	OK-UNCHANGED	REAL	v84	0f1fac1d07a8	0f1fac1d07a8	bba861b14ef5	0f1fac1d07a8	
D-TAKE-V84	Character	Character.wz/Glove/01082262.img	Character.wz/Glove/01082262.img/swingP2	v84	OK-UNCHANGED	REAL	v84	134acb6d3333	134acb6d3333	1694264fcd6e	134acb6d3333	
D-TAKE-V84	Character	Character.wz/Glove/01082262.img	Character.wz/Glove/01082262.img/swingPF	v84	OK-UNCHANGED	REAL	v84	ce70994559fd	ce70994559fd	d6e8d585e2c4	ce70994559fd	
D-TAKE-V84	Character	Character.wz/Glove/01082262.img	Character.wz/Glove/01082262.img/swingT1	v84	OK-UNCHANGED	REAL	v84	5c25b14d8ffa	5c25b14d8ffa	cb40b0353317	5c25b14d8ffa	
D-TAKE-V84	Character	Character.wz/Glove/01082262.img	Character.wz/Glove/01082262.img/swingT2	v84	OK-UNCHANGED	REAL	v84	8d79e9001d94	8d79e9001d94	25a473bc02cc	8d79e9001d94	
D-TAKE-V84	Character	Character.wz/Glove/01082262.img	Character.wz/Glove/01082262.img/swingT3	v84	OK-UNCHANGED	REAL	v84	a666f0545305	a666f0545305	84de870f6ed8	a666f0545305	
D-TAKE-V84	Character	Character.wz/Glove/01082262.img	Character.wz/Glove/01082262.img/swingTF	v84	OK-UNCHANGED	REAL	v84	ab8e34718b67	ab8e34718b67	8c0df71749a4	ab8e34718b67	
D-TAKE-V84	Character	Character.wz/Glove/01082262.img	Character.wz/Glove/01082262.img/walk1	v84	OK-UNCHANGED	REAL	v84	3c3217c2c3b5	3c3217c2c3b5	37199e6ea65c	3c3217c2c3b5	
D-TAKE-V84	Character	Character.wz/Glove/01082262.img	Character.wz/Glove/01082262.img/walk2	v84	OK-UNCHANGED	REAL	v84	d5a3d87c398f	d5a3d87c398f	9043a63e72f2	d5a3d87c398f	
D-TAKE-V84	Character	Character.wz/TamingMob/01902040.img	Character.wz/TamingMob/01902040.img/fly	v84	OK-UNCHANGED	REAL	v84	06dd7a13da21	06dd7a13da21	984e04be792d	06dd7a13da21	
D-TAKE-V84	Character	Character.wz/TamingMob/01902040.img	Character.wz/TamingMob/01902040.img/info	v84	OK-UNCHANGED	REAL	v84	bdfa6df664bb	bdfa6df664bb	e01efba42589	bdfa6df664bb	
D-TAKE-V84	Character	Character.wz/TamingMob/01902040.img	Character.wz/TamingMob/01902040.img/jump	v84	OK-UNCHANGED	REAL	v84	fdb013d12814	fdb013d12814	d881220206ad	fdb013d12814	
D-TAKE-V84	Character	Character.wz/TamingMob/01902040.img	Character.wz/TamingMob/01902040.img/ladder	v84	OK-UNCHANGED	REAL	v84	af27454b41f5	af27454b41f5	3873259baf1f	af27454b41f5	
D-TAKE-V84	Character	Character.wz/TamingMob/01902040.img	Character.wz/TamingMob/01902040.img/prone	v84	OK-UNCHANGED	REAL	v84	c40605c4ea04	c40605c4ea04	408f1a0bde42	c40605c4ea04	
D-TAKE-V84	Character	Character.wz/TamingMob/01902040.img	Character.wz/TamingMob/01902040.img/rope	v84	OK-UNCHANGED	REAL	v84	4634120f91bd	4634120f91bd	c8c266b88454	4634120f91bd	
D-TAKE-V84	Character	Character.wz/TamingMob/01902040.img	Character.wz/TamingMob/01902040.img/stand1	v84	OK-UNCHANGED	REAL	v84	5436f57ef71a	5436f57ef71a	4c5b4cf6f73a	5436f57ef71a	
D-TAKE-V84	Character	Character.wz/TamingMob/01902040.img	Character.wz/TamingMob/01902040.img/tired	v84	OK-UNCHANGED	REAL	v84	3d333648a341	3d333648a341	55886d444a57	3d333648a341	
D-TAKE-V84	Character	Character.wz/TamingMob/01902040.img	Character.wz/TamingMob/01902040.img/walk1	v84	OK-UNCHANGED	REAL	v84	656fed623908	656fed623908	2a719ab7dd35	656fed623908	
D-TAKE-V84	Character	Character.wz/TamingMob/01902041.img	Character.wz/TamingMob/01902041.img/fly	v84	OK-UNCHANGED	REAL	v84	0b7ac52fd783	0b7ac52fd783	2ed09811b8f0	0b7ac52fd783	
D-TAKE-V84	Character	Character.wz/TamingMob/01902041.img	Character.wz/TamingMob/01902041.img/info	v84	OK-UNCHANGED	REAL	v84	a640e4e49d92	a640e4e49d92	d9de92c217b8	a640e4e49d92	
D-TAKE-V84	Character	Character.wz/TamingMob/01902041.img	Character.wz/TamingMob/01902041.img/jump	v84	OK-UNCHANGED	REAL	v84	2e2cb8173c28	2e2cb8173c28	f182b93e21c9	2e2cb8173c28	
D-TAKE-V84	Character	Character.wz/TamingMob/01902041.img	Character.wz/TamingMob/01902041.img/ladder	v84	OK-UNCHANGED	REAL	v84	af27454b41f5	af27454b41f5	2bf13d4b39fa	af27454b41f5	
D-TAKE-V84	Character	Character.wz/TamingMob/01902041.img	Character.wz/TamingMob/01902041.img/prone	v84	OK-UNCHANGED	REAL	v84	840e82ba9ab3	840e82ba9ab3	733717a61321	840e82ba9ab3	
D-TAKE-V84	Character	Character.wz/TamingMob/01902041.img	Character.wz/TamingMob/01902041.img/rope	v84	OK-UNCHANGED	REAL	v84	4634120f91bd	4634120f91bd	779070cf1e86	4634120f91bd	
D-TAKE-V84	Character	Character.wz/TamingMob/01902041.img	Character.wz/TamingMob/01902041.img/stand1	v84	OK-UNCHANGED	REAL	v84+his-additive	a664bf7dffa4	a664bf7dffa4	31685b017454	d6dfb585597f	
D-TAKE-V84	Character	Character.wz/TamingMob/01902041.img	Character.wz/TamingMob/01902041.img/tired	v84	OK-UNCHANGED	REAL	v84	68216d1ed7e8	68216d1ed7e8	e36445b27d7d	68216d1ed7e8	
D-TAKE-V84	Character	Character.wz/TamingMob/01902041.img	Character.wz/TamingMob/01902041.img/walk1	v84	OK-UNCHANGED	REAL	v84	44f78036cbd5	44f78036cbd5	9b575dfecb91	44f78036cbd5	
D-TAKE-V84	Character	Character.wz/TamingMob/01902042.img	Character.wz/TamingMob/01902042.img/fly	v84	OK-UNCHANGED	REAL	v84	551abc2ed94e	551abc2ed94e	6b25451fc059	551abc2ed94e	
D-TAKE-V84	Character	Character.wz/TamingMob/01902042.img	Character.wz/TamingMob/01902042.img/info	v84	OK-UNCHANGED	REAL	v84	09cd8a9fd594	09cd8a9fd594	94af39822796	09cd8a9fd594	
D-TAKE-V84	Character	Character.wz/TamingMob/01902042.img	Character.wz/TamingMob/01902042.img/jump	v84	OK-UNCHANGED	REAL	v84+his-additive	6aaf1f1df58d	6aaf1f1df58d	97b03fcf4efe	ca58755cefe6	
D-TAKE-V84	Character	Character.wz/TamingMob/01902042.img	Character.wz/TamingMob/01902042.img/ladder	v84	OK-UNCHANGED	REAL	v84	af27454b41f5	af27454b41f5	907d9bc86475	af27454b41f5	
D-TAKE-V84	Character	Character.wz/TamingMob/01902042.img	Character.wz/TamingMob/01902042.img/prone	v84	OK-UNCHANGED	REAL	v84+his-additive	e2d091f433f2	e2d091f433f2	b2fec5d1b772	394c3221b3e2	
D-TAKE-V84	Character	Character.wz/TamingMob/01902042.img	Character.wz/TamingMob/01902042.img/rope	v84	OK-UNCHANGED	REAL	v84	4634120f91bd	4634120f91bd	c5fa049efb0b	4634120f91bd	
D-TAKE-V84	Character	Character.wz/TamingMob/01902042.img	Character.wz/TamingMob/01902042.img/stand1	v84	OK-UNCHANGED	REAL	v84+his-additive	d107c54411da	d107c54411da	eae5ece31ac9	57410ebe0cda	
D-TAKE-V84	Character	Character.wz/TamingMob/01902042.img	Character.wz/TamingMob/01902042.img/tired	v84	OK-UNCHANGED	REAL	v84+his-additive	11986ab301da	11986ab301da	169df87c3c74	533a94c2fa82	
D-TAKE-V84	Character	Character.wz/TamingMob/01902042.img	Character.wz/TamingMob/01902042.img/walk1	v84	OK-UNCHANGED	REAL	v84	d52f96f45139	d52f96f45139	d7fd67ca7282	d52f96f45139	
D-TAKE-V84	Character	Character.wz/Weapon/01382058.img	Character.wz/Weapon/01382058.img/alert	v84	OK-UNCHANGED	REAL	v84	48016f11125a	48016f11125a	c5f041b88060	48016f11125a	
D-TAKE-V84	Character	Character.wz/Weapon/01382058.img	Character.wz/Weapon/01382058.img/fly	v84	OK-UNCHANGED	REAL	v84	bb40e61a00b7	bb40e61a00b7	ce1e42793cf7	bb40e61a00b7	
D-TAKE-V84	Character	Character.wz/Weapon/01382058.img	Character.wz/Weapon/01382058.img/info	v84	OK-UNCHANGED	REAL	v84	420f7c3894cd	420f7c3894cd	c782bd7428d8	420f7c3894cd	
D-TAKE-V84	Character	Character.wz/Weapon/01382058.img	Character.wz/Weapon/01382058.img/jump	v84	OK-UNCHANGED	REAL	v84	c7627f115b71	c7627f115b71	3909b6c8997a	c7627f115b71	
D-TAKE-V84	Character	Character.wz/Weapon/01382058.img	Character.wz/Weapon/01382058.img/proneStab	v84	OK-UNCHANGED	REAL	v84	7b1e3e6b4d7c	7b1e3e6b4d7c	41fefe3cacb7	7b1e3e6b4d7c	
D-TAKE-V84	Character	Character.wz/Weapon/01382058.img	Character.wz/Weapon/01382058.img/shoot1	v84	OK-UNCHANGED	REAL	v84	48055b59d3e5	48055b59d3e5	8b346974e291	48055b59d3e5	
D-TAKE-V84	Character	Character.wz/Weapon/01382058.img	Character.wz/Weapon/01382058.img/shootF	v84	OK-UNCHANGED	REAL	v84	ba5dd27c9807	ba5dd27c9807	74bac6d50cab	ba5dd27c9807	
D-TAKE-V84	Character	Character.wz/Weapon/01382058.img	Character.wz/Weapon/01382058.img/stabO1	v84	OK-UNCHANGED	REAL	v84	0e68e9b5ed11	0e68e9b5ed11	2e04db6b5405	0e68e9b5ed11	
D-TAKE-V84	Character	Character.wz/Weapon/01382058.img	Character.wz/Weapon/01382058.img/stabO2	v84	OK-UNCHANGED	REAL	v84	6bddaabf0594	6bddaabf0594	47df9da2415c	6bddaabf0594	
D-TAKE-V84	Character	Character.wz/Weapon/01382058.img	Character.wz/Weapon/01382058.img/stabOF	v84	OK-UNCHANGED	REAL	his	45119bd6c0dd	45119bd6c0dd	45119bd6c0dd	-	
D-TAKE-V84	Character	Character.wz/Weapon/01382058.img	Character.wz/Weapon/01382058.img/stand1	v84	OK-UNCHANGED	REAL	v84	6e2bd094e945	6e2bd094e945	f14c2daaa5f8	6e2bd094e945	
D-TAKE-V84	Character	Character.wz/Weapon/01382058.img	Character.wz/Weapon/01382058.img/swingO1	v84	OK-UNCHANGED	REAL	v84	5f94fc41eaf2	5f94fc41eaf2	367123e14763	5f94fc41eaf2	
D-TAKE-V84	Character	Character.wz/Weapon/01382058.img	Character.wz/Weapon/01382058.img/swingO2	v84	OK-UNCHANGED	REAL	v84	1f73e3d0e956	1f73e3d0e956	d92eab9be4cf	1f73e3d0e956	
D-TAKE-V84	Character	Character.wz/Weapon/01382058.img	Character.wz/Weapon/01382058.img/swingO3	v84	OK-UNCHANGED	REAL	v84	d6b186e7b056	d6b186e7b056	a585016fa9e9	d6b186e7b056	
D-TAKE-V84	Character	Character.wz/Weapon/01382058.img	Character.wz/Weapon/01382058.img/swingOF	v84	OK-UNCHANGED	REAL	his	c63d4e59024a	c63d4e59024a	c63d4e59024a	-	
D-TAKE-V84	Character	Character.wz/Weapon/01382058.img	Character.wz/Weapon/01382058.img/walk1	v84	OK-UNCHANGED	REAL	v84	0bc92608cbda	0bc92608cbda	f37abdd935d9	0bc92608cbda	
D-TAKE-V84	Character	Character.wz/Weapon/01452058.img	Character.wz/Weapon/01452058.img/alert	v84	OK-UNCHANGED	REAL	v84	91fa481ecf3e	91fa481ecf3e	216b45d2ff1d	91fa481ecf3e	
D-TAKE-V84	Character	Character.wz/Weapon/01452058.img	Character.wz/Weapon/01452058.img/fly	v84	OK-UNCHANGED	REAL	v84	1a626e975d7e	1a626e975d7e	bd2ad4efe85b	1a626e975d7e	
D-TAKE-V84	Character	Character.wz/Weapon/01452058.img	Character.wz/Weapon/01452058.img/info	v84	OK-UNCHANGED	REAL	v84	fcc9b6a1e1ca	fcc9b6a1e1ca	248d1e3a21f4	fcc9b6a1e1ca	
D-TAKE-V84	Character	Character.wz/Weapon/01452058.img	Character.wz/Weapon/01452058.img/jump	v84	OK-UNCHANGED	REAL	v84	15af41700323	15af41700323	3aa7f2d657df	15af41700323	
D-TAKE-V84	Character	Character.wz/Weapon/01452058.img	Character.wz/Weapon/01452058.img/proneStab	v84	OK-UNCHANGED	REAL	v84	d00f7c7264f9	d00f7c7264f9	be719e4966cc	d00f7c7264f9	
D-TAKE-V84	Character	Character.wz/Weapon/01452058.img	Character.wz/Weapon/01452058.img/shoot1	v84	OK-UNCHANGED	REAL	v84	ddee24d776a2	ddee24d776a2	051a11e6a825	ddee24d776a2	
D-TAKE-V84	Character	Character.wz/Weapon/01452058.img	Character.wz/Weapon/01452058.img/shootF	v84	OK-UNCHANGED	REAL	v84+his-additive	f81e31ed61f3	f81e31ed61f3	b7b184e93899	99d18c7c7d60	
D-TAKE-V84	Character	Character.wz/Weapon/01452058.img	Character.wz/Weapon/01452058.img/stabO1	v84	OK-UNCHANGED	REAL	his	799d913c76d2	799d913c76d2	799d913c76d2	-	
D-TAKE-V84	Character	Character.wz/Weapon/01452058.img	Character.wz/Weapon/01452058.img/stabO2	v84	OK-UNCHANGED	REAL	his	47df9da2415c	47df9da2415c	47df9da2415c	-	
D-TAKE-V84	Character	Character.wz/Weapon/01452058.img	Character.wz/Weapon/01452058.img/stabOF	v84	OK-UNCHANGED	REAL	his	45119bd6c0dd	45119bd6c0dd	45119bd6c0dd	-	
D-TAKE-V84	Character	Character.wz/Weapon/01452058.img	Character.wz/Weapon/01452058.img/stand1	v84	OK-UNCHANGED	REAL	v84	c0a22f64b10a	c0a22f64b10a	9216a628d7cb	c0a22f64b10a	
D-TAKE-V84	Character	Character.wz/Weapon/01452058.img	Character.wz/Weapon/01452058.img/swingO1	v84	OK-UNCHANGED	REAL	his	aad4c13e0642	aad4c13e0642	aad4c13e0642	-	
D-TAKE-V84	Character	Character.wz/Weapon/01452058.img	Character.wz/Weapon/01452058.img/swingO2	v84	OK-UNCHANGED	REAL	his	096b310d4d19	096b310d4d19	096b310d4d19	-	
D-TAKE-V84	Character	Character.wz/Weapon/01452058.img	Character.wz/Weapon/01452058.img/swingO3	v84	OK-UNCHANGED	REAL	his	c1e944e523f8	c1e944e523f8	c1e944e523f8	-	
D-TAKE-V84	Character	Character.wz/Weapon/01452058.img	Character.wz/Weapon/01452058.img/swingOF	v84	OK-UNCHANGED	REAL	his	c63d4e59024a	c63d4e59024a	c63d4e59024a	-	
D-TAKE-V84	Character	Character.wz/Weapon/01452058.img	Character.wz/Weapon/01452058.img/swingT1	v84	OK-UNCHANGED	REAL	v84	8f987d4cc3f6	8f987d4cc3f6	2e8efb6ccb68	8f987d4cc3f6	
D-TAKE-V84	Character	Character.wz/Weapon/01452058.img	Character.wz/Weapon/01452058.img/swingT3	v84	OK-UNCHANGED	REAL	v84	3800822b3cb8	3800822b3cb8	80a0d6ea82be	3800822b3cb8	
D-TAKE-V84	Character	Character.wz/Weapon/01452058.img	Character.wz/Weapon/01452058.img/walk1	v84	OK-UNCHANGED	REAL	v84	3cfd864565e4	3cfd864565e4	8e02e90f736d	3cfd864565e4	
D-TAKE-V84	Character	Character.wz/Weapon/01472069.img	Character.wz/Weapon/01472069.img/alert	v84	OK-UNCHANGED	REAL	v84	4937da5392cf	4937da5392cf	fdd4f6404828	4937da5392cf	
D-TAKE-V84	Character	Character.wz/Weapon/01472069.img	Character.wz/Weapon/01472069.img/fly	v84	OK-UNCHANGED	REAL	v84	3499b94ce6aa	3499b94ce6aa	3b5d55b4be68	3499b94ce6aa	
D-TAKE-V84	Character	Character.wz/Weapon/01472069.img	Character.wz/Weapon/01472069.img/info	v84	OK-UNCHANGED	REAL	v84+his-additive	aed7dfc72da3	aed7dfc72da3	3e8303b5eb7e	c3f210ab58c1	
D-TAKE-V84	Character	Character.wz/Weapon/01472069.img	Character.wz/Weapon/01472069.img/jump	v84	OK-UNCHANGED	REAL	v84	957afddb00fb	957afddb00fb	922c966b32d5	957afddb00fb	
D-TAKE-V84	Character	Character.wz/Weapon/01472069.img	Character.wz/Weapon/01472069.img/proneStab	v84	OK-UNCHANGED	REAL	v84	3711ab9ff1ab	3711ab9ff1ab	6ac58a0bb560	3711ab9ff1ab	
D-TAKE-V84	Character	Character.wz/Weapon/01472069.img	Character.wz/Weapon/01472069.img/stabO1	v84	OK-UNCHANGED	REAL	v84	ad752bfa13d1	ad752bfa13d1	7a5764f3933a	ad752bfa13d1	
D-TAKE-V84	Character	Character.wz/Weapon/01472069.img	Character.wz/Weapon/01472069.img/stabO2	v84	OK-UNCHANGED	REAL	v84	8b39342dc468	8b39342dc468	dbc84fa5e5a1	8b39342dc468	
D-TAKE-V84	Character	Character.wz/Weapon/01472069.img	Character.wz/Weapon/01472069.img/stabOF	v84	OK-UNCHANGED	REAL	v84	ba71c6513d5c	ba71c6513d5c	cf994bb94e10	ba71c6513d5c	
D-TAKE-V84	Character	Character.wz/Weapon/01472069.img	Character.wz/Weapon/01472069.img/stand1	v84	OK-UNCHANGED	REAL	v84	58cff68b1807	58cff68b1807	62984d4346f9	58cff68b1807	
D-TAKE-V84	Character	Character.wz/Weapon/01472069.img	Character.wz/Weapon/01472069.img/swingO1	v84	OK-UNCHANGED	REAL	v84	b5d81136649d	b5d81136649d	213b08ecb8ce	b5d81136649d	
D-TAKE-V84	Character	Character.wz/Weapon/01472069.img	Character.wz/Weapon/01472069.img/swingO2	v84	OK-UNCHANGED	REAL	v84	6c537e7cdbf9	6c537e7cdbf9	44edc1ac5b23	6c537e7cdbf9	
D-TAKE-V84	Character	Character.wz/Weapon/01472069.img	Character.wz/Weapon/01472069.img/swingO3	v84	OK-UNCHANGED	REAL	v84	fcb7bdef66b4	fcb7bdef66b4	1c79ffd617da	fcb7bdef66b4	
D-TAKE-V84	Character	Character.wz/Weapon/01472069.img	Character.wz/Weapon/01472069.img/swingOF	v84	OK-UNCHANGED	REAL	v84+his-additive	8e8b2aa9a59d	8e8b2aa9a59d	7a43862d2f80	4d22078fcc9a	
D-TAKE-V84	Character	Character.wz/Weapon/01472069.img	Character.wz/Weapon/01472069.img/walk1	v84	OK-UNCHANGED	REAL	v84	7df1125a0eef	7df1125a0eef	1f7b3378793a	7df1125a0eef	
D-TAKE-V84	Character	Character.wz/Weapon/01492024.img	Character.wz/Weapon/01492024.img/alert	v84	OK-UNCHANGED	REAL	v84	55e0b8ba21d2	55e0b8ba21d2	c361e791d91f	55e0b8ba21d2	
D-TAKE-V84	Character	Character.wz/Weapon/01492024.img	Character.wz/Weapon/01492024.img/fly	v84	OK-UNCHANGED	REAL	v84	3b4e2f302639	3b4e2f302639	1d3190fcdd43	3b4e2f302639	
D-TAKE-V84	Character	Character.wz/Weapon/01492024.img	Character.wz/Weapon/01492024.img/info	v84	OK-UNCHANGED	REAL	v84+his-additive	2bdad850532a	2bdad850532a	248d1e3a21f4	21c813c8c1d2	
D-TAKE-V84	Character	Character.wz/Weapon/01492024.img	Character.wz/Weapon/01492024.img/jump	v84	OK-UNCHANGED	REAL	v84	21bd2703eda2	21bd2703eda2	bbe1d59f3733	21bd2703eda2	
D-TAKE-V84	Character	Character.wz/Weapon/01492024.img	Character.wz/Weapon/01492024.img/proneStab	v84	OK-UNCHANGED	REAL	v84	cb8369298665	cb8369298665	1c26c254ee38	cb8369298665	
D-TAKE-V84	Character	Character.wz/Weapon/01492024.img	Character.wz/Weapon/01492024.img/shoot1	v84	OK-UNCHANGED	REAL	his	82bfba9ef3f5	82bfba9ef3f5	82bfba9ef3f5	-	
D-TAKE-V84	Character	Character.wz/Weapon/01492024.img	Character.wz/Weapon/01492024.img/shoot2	v84	OK-UNCHANGED	REAL	v84+his-additive	904b0fccdcce	904b0fccdcce	1fb180386abf	1b39addce38f	
D-TAKE-V84	Character	Character.wz/Weapon/01492024.img	Character.wz/Weapon/01492024.img/shootF	v84	OK-UNCHANGED	REAL	his	4ff85404b9a7	4ff85404b9a7	4ff85404b9a7	-	
D-TAKE-V84	Character	Character.wz/Weapon/01492024.img	Character.wz/Weapon/01492024.img/stabO1	v84	OK-UNCHANGED	REAL	v84	1a0491a8c584	1a0491a8c584	1cd96ae04ee3	1a0491a8c584	
D-TAKE-V84	Character	Character.wz/Weapon/01492024.img	Character.wz/Weapon/01492024.img/stabO2	v84	OK-UNCHANGED	REAL	v84	618605e18218	618605e18218	a4f60904e1c1	618605e18218	
D-TAKE-V84	Character	Character.wz/Weapon/01492024.img	Character.wz/Weapon/01492024.img/stabOF	v84	OK-UNCHANGED	REAL	his	8ed3cfcd56a2	8ed3cfcd56a2	8ed3cfcd56a2	-	
D-TAKE-V84	Character	Character.wz/Weapon/01492024.img	Character.wz/Weapon/01492024.img/stabT1	v84	OK-UNCHANGED	REAL	his	bb21ffbc14e4	bb21ffbc14e4	bb21ffbc14e4	-	
D-TAKE-V84	Character	Character.wz/Weapon/01492024.img	Character.wz/Weapon/01492024.img/stabT2	v84	OK-UNCHANGED	REAL	v84+his-additive	fde2c5cae430	fde2c5cae430	cfcd3b803a44	0e36cca765fb	
D-TAKE-V84	Character	Character.wz/Weapon/01492024.img	Character.wz/Weapon/01492024.img/stabTF	v84	OK-UNCHANGED	REAL	his	f4749a93633d	f4749a93633d	f4749a93633d	-	
D-TAKE-V84	Character	Character.wz/Weapon/01492024.img	Character.wz/Weapon/01492024.img/stand1	v84	OK-UNCHANGED	REAL	v84	06b704403b77	06b704403b77	92c7e2439837	06b704403b77	
D-TAKE-V84	Character	Character.wz/Weapon/01492024.img	Character.wz/Weapon/01492024.img/swingO1	v84	OK-UNCHANGED	REAL	his	213b08ecb8ce	213b08ecb8ce	213b08ecb8ce	-	
D-TAKE-V84	Character	Character.wz/Weapon/01492024.img	Character.wz/Weapon/01492024.img/swingO2	v84	OK-UNCHANGED	REAL	his	cf127d32be2f	cf127d32be2f	cf127d32be2f	-	
D-TAKE-V84	Character	Character.wz/Weapon/01492024.img	Character.wz/Weapon/01492024.img/swingO3	v84	OK-UNCHANGED	REAL	v84	9f4374009075	9f4374009075	872f9e7b52f2	9f4374009075	
D-TAKE-V84	Character	Character.wz/Weapon/01492024.img	Character.wz/Weapon/01492024.img/swingOF	v84	OK-UNCHANGED	REAL	his	d8937be0b01b	d8937be0b01b	d8937be0b01b	-	
D-TAKE-V84	Character	Character.wz/Weapon/01492024.img	Character.wz/Weapon/01492024.img/swingP1	v84	OK-UNCHANGED	REAL	v84	4e4936068dd7	4e4936068dd7	8246f06d6020	4e4936068dd7	
D-TAKE-V84	Character	Character.wz/Weapon/01492024.img	Character.wz/Weapon/01492024.img/swingP2	v84	OK-UNCHANGED	REAL	v84	bf833c209f01	bf833c209f01	f55837dc5a9e	bf833c209f01	
D-TAKE-V84	Character	Character.wz/Weapon/01492024.img	Character.wz/Weapon/01492024.img/swingPF	v84	OK-UNCHANGED	REAL	v84	0a30edb228d3	0a30edb228d3	eff15d18f7d2	0a30edb228d3	
D-TAKE-V84	Character	Character.wz/Weapon/01492024.img	Character.wz/Weapon/01492024.img/swingT1	v84	OK-UNCHANGED	REAL	v84	fb9a63a888f7	fb9a63a888f7	50626b212d99	fb9a63a888f7	
D-TAKE-V84	Character	Character.wz/Weapon/01492024.img	Character.wz/Weapon/01492024.img/swingT2	v84	OK-UNCHANGED	REAL	v84	437b6c93fa05	437b6c93fa05	5629ca13957e	437b6c93fa05	
D-TAKE-V84	Character	Character.wz/Weapon/01492024.img	Character.wz/Weapon/01492024.img/swingT3	v84	OK-UNCHANGED	REAL	v84	95f4fdcbf7e5	95f4fdcbf7e5	20fa1b707680	95f4fdcbf7e5	
D-TAKE-V84	Character	Character.wz/Weapon/01492024.img	Character.wz/Weapon/01492024.img/swingTF	v84	OK-UNCHANGED	REAL	his	6ba0ca5c3651	6ba0ca5c3651	6ba0ca5c3651	-	
D-TAKE-V84	Character	Character.wz/Weapon/01492024.img	Character.wz/Weapon/01492024.img/walk1	v84	OK-UNCHANGED	REAL	v84	82a47aaba491	82a47aaba491	add580a83928	82a47aaba491	
D-TAKE-V84	Etc	Etc.wz/Commodity.img	Etc.wz/Commodity.img/4713	v84	OK-UNCHANGED	REAL	v84	5f7d17ea0559	5f7d17ea0559	504bb3283aeb	5f7d17ea0559	
D-TAKE-V84	Etc	Etc.wz/Commodity.img	Etc.wz/Commodity.img/615	v84	OK-UNCHANGED	REAL	v84	260afa0f7e0d	260afa0f7e0d	accf332c6ebd	260afa0f7e0d	
D-TAKE-V84	Etc	Etc.wz/Commodity.img	Etc.wz/Commodity.img/7595	v84	OK-UNCHANGED	REAL	v84	162e53e72d11	162e53e72d11	cd81de7947cc	162e53e72d11	
D-TAKE-V84	Etc	Etc.wz/Commodity.img	Etc.wz/Commodity.img/7596	v84	OK-UNCHANGED	REAL	v84	3c6c1abd6275	3c6c1abd6275	e9cdb42220e7	3c6c1abd6275	
D-TAKE-V84	Etc	Etc.wz/Commodity.img	Etc.wz/Commodity.img/7597	v84	OK-UNCHANGED	REAL	v84	4a53e5400a13	4a53e5400a13	9dd9945816d5	4a53e5400a13	
D-TAKE-V84	Etc	Etc.wz/Commodity.img	Etc.wz/Commodity.img/7598	v84	OK-UNCHANGED	REAL	v84	9ab58fdecc35	9ab58fdecc35	da8cce9b639e	9ab58fdecc35	
D-TAKE-V84	Etc	Etc.wz/Commodity.img	Etc.wz/Commodity.img/7599	v84	OK-UNCHANGED	REAL	v84	0cdc77d6b70c	0cdc77d6b70c	a912d8f40252	0cdc77d6b70c	
D-TAKE-V84	Etc	Etc.wz/Commodity.img	Etc.wz/Commodity.img/7600	v84	OK-UNCHANGED	REAL	v84	1429e7cfdc5e	1429e7cfdc5e	b440f551bcb7	1429e7cfdc5e	
D-TAKE-V84	Etc	Etc.wz/Commodity.img	Etc.wz/Commodity.img/7601	v84	OK-UNCHANGED	REAL	v84	46f4b336464f	46f4b336464f	4262a4ad9c48	46f4b336464f	
D-TAKE-V84	Etc	Etc.wz/Commodity.img	Etc.wz/Commodity.img/7602	v84	OK-UNCHANGED	REAL	v84	a8111d3b665d	a8111d3b665d	ff24af1694aa	a8111d3b665d	
D-TAKE-V84	Etc	Etc.wz/Commodity.img	Etc.wz/Commodity.img/7784	v84	OK-UNCHANGED	REAL	v84	a20ee848c6a1	a20ee848c6a1	c84f3199fca1	a20ee848c6a1	
D-TAKE-V84	Etc	Etc.wz/Commodity.img	Etc.wz/Commodity.img/7785	v84	OK-UNCHANGED	REAL	v84	6c746d21c565	6c746d21c565	0f5ce8aaf0e0	6c746d21c565	
D-TAKE-V84	Etc	Etc.wz/Commodity.img	Etc.wz/Commodity.img/7885	v84	OK-UNCHANGED	REAL	v84	dbe4987e72dc	dbe4987e72dc	a647f34b0d08	dbe4987e72dc	
D-TAKE-V84	Etc	Etc.wz/Commodity.img	Etc.wz/Commodity.img/7887	v84	OK-UNCHANGED	REAL	v84	853f8fcf70d4	853f8fcf70d4	77d1fd95a1a2	853f8fcf70d4	
D-TAKE-V84	Etc	Etc.wz/Commodity.img	Etc.wz/Commodity.img/7888	v84	OK-UNCHANGED	REAL	v84	8ba84e0c6114	8ba84e0c6114	fc2bfc17a76f	8ba84e0c6114	
D-TAKE-V84	Etc	Etc.wz/Commodity.img	Etc.wz/Commodity.img/7970	v84	OK-UNCHANGED	REAL	v84	3ac8fcc27573	3ac8fcc27573	c17b6e919210	3ac8fcc27573	
D-TAKE-V84	Etc	Etc.wz/Commodity.img	Etc.wz/Commodity.img/7971	v84	OK-UNCHANGED	REAL	v84	f1af89e504fc	f1af89e504fc	89fbd15500f3	f1af89e504fc	
D-TAKE-V84	Etc	Etc.wz/Commodity.img	Etc.wz/Commodity.img/7992	v84	OK-UNCHANGED	REAL	v84	c2dc0a1abd5c	c2dc0a1abd5c	42ed20e8f78f	c2dc0a1abd5c	
D-TAKE-V84	Etc	Etc.wz/Commodity.img	Etc.wz/Commodity.img/7993	v84	OK-UNCHANGED	REAL	v84	5e0a6b0b0d19	5e0a6b0b0d19	a9854558fe14	5e0a6b0b0d19	
D-TAKE-V84	Etc	Etc.wz/Commodity.img	Etc.wz/Commodity.img/7994	v84	OK-UNCHANGED	REAL	v84	de51add9ef16	de51add9ef16	8448054f2e23	de51add9ef16	
D-TAKE-V84	Etc	Etc.wz/Commodity.img	Etc.wz/Commodity.img/7995	v84	OK-UNCHANGED	REAL	v84	3982ced94dfd	3982ced94dfd	3b9f8d7591c4	3982ced94dfd	
D-TAKE-V84	Etc	Etc.wz/Commodity.img	Etc.wz/Commodity.img/8019	v84	OK-UNCHANGED	REAL	v84	f960a38ada07	f960a38ada07	2d9e88eecd78	f960a38ada07	
D-TAKE-V84	Etc	Etc.wz/Commodity.img	Etc.wz/Commodity.img/8020	v84	OK-UNCHANGED	REAL	v84	82b38c3d45bb	82b38c3d45bb	70a18efda463	82b38c3d45bb	
D-TAKE-V84	Etc	Etc.wz/Commodity.img	Etc.wz/Commodity.img/8021	v84	OK-UNCHANGED	REAL	v84	8cbbc1ee84b4	8cbbc1ee84b4	97cfc9868dd2	8cbbc1ee84b4	
D-TAKE-V84	Etc	Etc.wz/Commodity.img	Etc.wz/Commodity.img/8166	v84	OK-UNCHANGED	REAL	v84	88c3e741f8dd	88c3e741f8dd	7e9b4e69cafe	88c3e741f8dd	
D-TAKE-V84	Etc	Etc.wz/Commodity.img	Etc.wz/Commodity.img/8941	v84	OK-UNCHANGED	REAL	v84	fe3fee0742dc	fe3fee0742dc	6e157a2ae9e7	fe3fee0742dc	
D-TAKE-V84	Etc	Etc.wz/Commodity.img	Etc.wz/Commodity.img/8942	v84	OK-UNCHANGED	REAL	v84	83adb0eb5055	83adb0eb5055	51da99358521	83adb0eb5055	
D-TAKE-V84	Etc	Etc.wz/Commodity.img	Etc.wz/Commodity.img/8943	v84	OK-UNCHANGED	REAL	v84	65f3284805f7	65f3284805f7	f3c4eb8f6277	65f3284805f7	
D-TAKE-V84	Etc	Etc.wz/Commodity.img	Etc.wz/Commodity.img/8944	v84	OK-UNCHANGED	REAL	v84	c5f92cacf849	c5f92cacf849	fbb9c49beee0	c5f92cacf849	
D-TAKE-V84	Etc	Etc.wz/Commodity.img	Etc.wz/Commodity.img/8945	v84	OK-UNCHANGED	REAL	v84	dd20af407af2	dd20af407af2	700f507edd9c	dd20af407af2	
D-TAKE-V84	Etc	Etc.wz/Commodity.img	Etc.wz/Commodity.img/8946	v84	OK-UNCHANGED	REAL	v84	e6344a0a816f	e6344a0a816f	95c750a6942e	e6344a0a816f	
D-TAKE-V84	Quest	Quest.wz/Check.img	Quest.wz/Check.img/10452	v84	OK-UNCHANGED	REAL	v84	4cee81756237	4cee81756237	9fd7a6684ef2	4cee81756237	
D-TAKE-V84	Quest	Quest.wz/Check.img	Quest.wz/Check.img/10453	v84	OK-UNCHANGED	REAL	v84	b734a259b02e	b734a259b02e	5d55406a3994	b734a259b02e	
D-TAKE-V84	Quest	Quest.wz/Check.img	Quest.wz/Check.img/10454	v84	OK-UNCHANGED	REAL	v84	99f7f2544638	99f7f2544638	6e9eb5f7dbb3	99f7f2544638	
D-TAKE-V84	Quest	Quest.wz/Check.img	Quest.wz/Check.img/10455	v84	OK-UNCHANGED	REAL	v84	3a6004f0fa33	3a6004f0fa33	e0d52050b61c	3a6004f0fa33	
D-TAKE-V84	Quest	Quest.wz/Check.img	Quest.wz/Check.img/10456	v84	OK-UNCHANGED	REAL	v84	77909c8be9c8	77909c8be9c8	66e938635e39	77909c8be9c8	
D-TAKE-V84	Quest	Quest.wz/Check.img	Quest.wz/Check.img/10457	v84	OK-UNCHANGED	REAL	v84	555bc1377a98	555bc1377a98	7ea2a5e004dd	555bc1377a98	
D-TAKE-V84	Quest	Quest.wz/Check.img	Quest.wz/Check.img/2010	v84	OK-UNCHANGED	REAL	v84	68ca81ac1a16	68ca81ac1a16	ea8c1071370a	68ca81ac1a16	
D-TAKE-V84	Quest	Quest.wz/Check.img	Quest.wz/Check.img/2018	v84	OK-UNCHANGED	REAL	v84	78f6d2dfed35	78f6d2dfed35	a8ee16636c00	78f6d2dfed35	
D-TAKE-V84	Quest	Quest.wz/Check.img	Quest.wz/Check.img/2020	v84	OK-UNCHANGED	REAL	v84	a03cdc1bb9fa	a03cdc1bb9fa	173a46305868	a03cdc1bb9fa	
D-TAKE-V84	Quest	Quest.wz/Check.img	Quest.wz/Check.img/2021	v84	OK-UNCHANGED	REAL	v84	0c8d3049da0d	0c8d3049da0d	5d0218081c3d	0c8d3049da0d	
D-TAKE-V84	Quest	Quest.wz/Check.img	Quest.wz/Check.img/2036	v84	OK-UNCHANGED	REAL	v84	14e635f42acb	14e635f42acb	de9a38384fbc	14e635f42acb	
D-TAKE-V84	Quest	Quest.wz/Check.img	Quest.wz/Check.img/2037	v84	OK-UNCHANGED	REAL	v84	35ffaaf0185d	35ffaaf0185d	1d76852c4520	35ffaaf0185d	
D-TAKE-V84	Quest	Quest.wz/Check.img	Quest.wz/Check.img/2038	v84	OK-UNCHANGED	REAL	v84	4552a1b2a474	4552a1b2a474	4951ae7a0285	4552a1b2a474	
D-TAKE-V84	Quest	Quest.wz/Check.img	Quest.wz/Check.img/2039	v84	OK-UNCHANGED	REAL	v84	92bc9c78a096	92bc9c78a096	cdf9ac2d0f09	92bc9c78a096	
D-TAKE-V84	Quest	Quest.wz/Check.img	Quest.wz/Check.img/2119	v84	OK-UNCHANGED	REAL	v84	7ddc53bf1b31	7ddc53bf1b31	2f1a80e4251c	7ddc53bf1b31	
D-TAKE-V84	Quest	Quest.wz/Check.img	Quest.wz/Check.img/2132	v84	OK-UNCHANGED	REAL	v84	64e95aed1098	64e95aed1098	ae14ff6b5ec3	64e95aed1098	
D-TAKE-V84	Quest	Quest.wz/Check.img	Quest.wz/Check.img/2133	v84	OK-UNCHANGED	REAL	v84	aafa240c075f	aafa240c075f	0a9f0753e819	aafa240c075f	
D-TAKE-V84	Quest	Quest.wz/Check.img	Quest.wz/Check.img/2134	v84	OK-UNCHANGED	REAL	v84	f749aa89b171	f749aa89b171	bd6d2db706ba	f749aa89b171	
D-TAKE-V84	Quest	Quest.wz/Check.img	Quest.wz/Check.img/2135	v84	OK-UNCHANGED	REAL	v84	7e27adf2f295	7e27adf2f295	413f7c449b4c	7e27adf2f295	
D-TAKE-V84	Quest	Quest.wz/Check.img	Quest.wz/Check.img/28163	v84	OK-UNCHANGED	REAL	v84	3892c1e831b5	3892c1e831b5	1854f9fa261b	3892c1e831b5	
D-TAKE-V84	Quest	Quest.wz/Check.img	Quest.wz/Check.img/28164	v84	OK-UNCHANGED	REAL	v84	2bf4d3caf810	2bf4d3caf810	ea844e123d3a	2bf4d3caf810	
D-TAKE-V84	Quest	Quest.wz/Check.img	Quest.wz/Check.img/28167	v84	OK-UNCHANGED	REAL	v84	db54ed8a3221	db54ed8a3221	53349eb253a9	db54ed8a3221	
D-TAKE-V84	Quest	Quest.wz/Check.img	Quest.wz/Check.img/28168	v84	OK-UNCHANGED	REAL	v84	c29054121ae8	c29054121ae8	2e7437339e7e	c29054121ae8	
D-TAKE-V84	Quest	Quest.wz/Check.img	Quest.wz/Check.img/28170	v84	OK-UNCHANGED	REAL	v84	5bc5b532ea45	5bc5b532ea45	f86b4224da3f	5bc5b532ea45	
D-TAKE-V84	Quest	Quest.wz/Check.img	Quest.wz/Check.img/28175	v84	OK-UNCHANGED	REAL	v84	c2105b26d222	c2105b26d222	5258770770e2	c2105b26d222	
D-TAKE-V84	Quest	Quest.wz/Check.img	Quest.wz/Check.img/28179	v84	OK-UNCHANGED	REAL	v84	52edd96140e9	52edd96140e9	d2aea4dfd214	52edd96140e9	
D-TAKE-V84	Quest	Quest.wz/Check.img	Quest.wz/Check.img/28181	v84	OK-UNCHANGED	REAL	v84	d30541d6a0e9	d30541d6a0e9	35ea08084c8a	d30541d6a0e9	
D-TAKE-V84	Quest	Quest.wz/Check.img	Quest.wz/Check.img/28182	v84	OK-UNCHANGED	REAL	v84	6a45c4ab6625	6a45c4ab6625	14ac5b6952c2	6a45c4ab6625	
D-TAKE-V84	Quest	Quest.wz/Check.img	Quest.wz/Check.img/28183	v84	OK-UNCHANGED	REAL	v84	d7fe7e292a1d	d7fe7e292a1d	25b0de89d82d	d7fe7e292a1d	
D-TAKE-V84	Quest	Quest.wz/Check.img	Quest.wz/Check.img/28184	v84	OK-UNCHANGED	REAL	v84	687bad4d30d7	687bad4d30d7	48bb562acbeb	687bad4d30d7	
D-TAKE-V84	Quest	Quest.wz/Check.img	Quest.wz/Check.img/28187	v84	OK-UNCHANGED	REAL	v84	e1ce249b815d	e1ce249b815d	6a12d482beea	e1ce249b815d	
D-TAKE-V84	Quest	Quest.wz/Check.img	Quest.wz/Check.img/28189	v84	OK-UNCHANGED	REAL	v84	2743e2c9ae07	2743e2c9ae07	da73841ccad4	2743e2c9ae07	
D-TAKE-V84	Quest	Quest.wz/Check.img	Quest.wz/Check.img/28192	v84	OK-UNCHANGED	REAL	v84	bb356394871f	bb356394871f	709e15690d16	bb356394871f	
D-TAKE-V84	Quest	Quest.wz/Check.img	Quest.wz/Check.img/28196	v84	OK-UNCHANGED	REAL	v84	c71558414b11	c71558414b11	355108ac2956	c71558414b11	
D-TAKE-V84	Quest	Quest.wz/Check.img	Quest.wz/Check.img/28198	v84	OK-UNCHANGED	REAL	v84	e64ed8549081	e64ed8549081	eb04713ed38b	e64ed8549081	
D-TAKE-V84	Quest	Quest.wz/Check.img	Quest.wz/Check.img/28200	v84	OK-UNCHANGED	REAL	v84	b9fe7cd96418	b9fe7cd96418	8f3b5de39fde	b9fe7cd96418	
D-TAKE-V84	Quest	Quest.wz/Check.img	Quest.wz/Check.img/28201	v84	OK-UNCHANGED	REAL	v84	bfee2e28d1db	bfee2e28d1db	4e1132eb89f2	bfee2e28d1db	
D-TAKE-V84	Quest	Quest.wz/Check.img	Quest.wz/Check.img/28208	v84	OK-UNCHANGED	REAL	v84	61f576e10ad9	61f576e10ad9	0a6b96b39775	61f576e10ad9	
D-TAKE-V84	Quest	Quest.wz/Check.img	Quest.wz/Check.img/28209	v84	OK-UNCHANGED	REAL	v84	e10e86a22e00	e10e86a22e00	baeb1d287e72	e10e86a22e00	
D-TAKE-V84	Quest	Quest.wz/Check.img	Quest.wz/Check.img/28214	v84	OK-UNCHANGED	REAL	v84	4baead8c403c	4baead8c403c	165e5899cba4	4baead8c403c	
D-TAKE-V84	Quest	Quest.wz/Check.img	Quest.wz/Check.img/28218	v84	OK-UNCHANGED	REAL	v84	48980d9e610a	48980d9e610a	dc443010f186	48980d9e610a	
D-TAKE-V84	Quest	Quest.wz/Check.img	Quest.wz/Check.img/28219	v84	OK-UNCHANGED	REAL	v84	aeed9221b459	aeed9221b459	44bc088f9e96	aeed9221b459	
D-TAKE-V84	Quest	Quest.wz/Check.img	Quest.wz/Check.img/28221	v84	OK-UNCHANGED	REAL	v84	f6c5e7cd9f33	f6c5e7cd9f33	2ba520f412b4	f6c5e7cd9f33	
D-TAKE-V84	Quest	Quest.wz/Check.img	Quest.wz/Check.img/28222	v84	OK-UNCHANGED	REAL	v84	d4769e4aee07	d4769e4aee07	20258b887590	d4769e4aee07	
D-TAKE-V84	Quest	Quest.wz/Check.img	Quest.wz/Check.img/28226	v84	OK-UNCHANGED	REAL	v84	91a980f0d469	91a980f0d469	14e8f967d6c2	91a980f0d469	
D-TAKE-V84	Quest	Quest.wz/Check.img	Quest.wz/Check.img/28229	v84	OK-UNCHANGED	REAL	v84	50d09aa8203c	50d09aa8203c	a95d2501a5c5	50d09aa8203c	
D-TAKE-V84	Quest	Quest.wz/Check.img	Quest.wz/Check.img/28231	v84	OK-UNCHANGED	REAL	v84	3544b8d790bd	3544b8d790bd	443ad73393fa	3544b8d790bd	
D-TAKE-V84	Quest	Quest.wz/Check.img	Quest.wz/Check.img/28233	v84	OK-UNCHANGED	REAL	v84	2c6d54b85656	2c6d54b85656	622d25ee81f4	2c6d54b85656	
D-TAKE-V84	Quest	Quest.wz/Check.img	Quest.wz/Check.img/28235	v84	OK-UNCHANGED	REAL	v84	e187e6c68744	e187e6c68744	1e72d7383058	e187e6c68744	
D-TAKE-V84	Quest	Quest.wz/Check.img	Quest.wz/Check.img/28238	v84	OK-UNCHANGED	REAL	v84	322e27a6c962	322e27a6c962	cd98bc2e1773	322e27a6c962	
D-TAKE-V84	Quest	Quest.wz/Check.img	Quest.wz/Check.img/28240	v84	OK-UNCHANGED	REAL	v84	51624dcfd746	51624dcfd746	c962b195f44e	51624dcfd746	
D-TAKE-V84	Quest	Quest.wz/Check.img	Quest.wz/Check.img/28241	v84	OK-UNCHANGED	REAL	v84	f02f64de6723	f02f64de6723	99b581894815	f02f64de6723	
D-TAKE-V84	Quest	Quest.wz/Check.img	Quest.wz/Check.img/28243	v84	OK-UNCHANGED	REAL	v84	d2b0a4b2d7bf	d2b0a4b2d7bf	fc1bcb86ade9	d2b0a4b2d7bf	
D-TAKE-V84	Quest	Quest.wz/Check.img	Quest.wz/Check.img/28244	v84	OK-UNCHANGED	REAL	v84	a4dea776a915	a4dea776a915	687ce7b9a009	a4dea776a915	
D-TAKE-V84	Quest	Quest.wz/Check.img	Quest.wz/Check.img/28245	v84	OK-UNCHANGED	REAL	v84	75dfb4350a18	75dfb4350a18	dce5387c4c86	75dfb4350a18	
D-TAKE-V84	Quest	Quest.wz/Check.img	Quest.wz/Check.img/28246	v84	OK-UNCHANGED	REAL	v84	bd6f38c93fe2	bd6f38c93fe2	2e0e066a7eb8	bd6f38c93fe2	
D-TAKE-V84	Quest	Quest.wz/Check.img	Quest.wz/Check.img/28248	v84	OK-UNCHANGED	REAL	v84	cc0117596690	cc0117596690	2c2ae9de5e66	cc0117596690	
D-TAKE-V84	Quest	Quest.wz/Check.img	Quest.wz/Check.img/28250	v84	OK-UNCHANGED	REAL	v84	3321432ba52f	3321432ba52f	e060ccd30e86	3321432ba52f	
D-TAKE-V84	Quest	Quest.wz/Check.img	Quest.wz/Check.img/28256	v84	OK-UNCHANGED	REAL	v84	49a2bf12a4a2	49a2bf12a4a2	cc8d6cb96a84	49a2bf12a4a2	
D-TAKE-V84	Quest	Quest.wz/Check.img	Quest.wz/Check.img/28262	v84	OK-UNCHANGED	REAL	v84	54d7b2038f7c	54d7b2038f7c	43e83819fe8f	54d7b2038f7c	
D-TAKE-V84	Quest	Quest.wz/Check.img	Quest.wz/Check.img/28263	v84	OK-UNCHANGED	REAL	v84	c52822454473	c52822454473	fdf52be496bb	c52822454473	
D-TAKE-V84	Quest	Quest.wz/Check.img	Quest.wz/Check.img/28264	v84	OK-UNCHANGED	REAL	v84	af9259511636	af9259511636	0fc41b068f25	af9259511636	
D-TAKE-V84	Quest	Quest.wz/Check.img	Quest.wz/Check.img/28265	v84	OK-UNCHANGED	REAL	v84	da8ae3fd7684	da8ae3fd7684	15467b06fc56	da8ae3fd7684	
D-TAKE-V84	Quest	Quest.wz/Check.img	Quest.wz/Check.img/28267	v84	OK-UNCHANGED	REAL	v84	256635cb1ec2	256635cb1ec2	717748d34d7b	256635cb1ec2	
D-TAKE-V84	Quest	Quest.wz/Check.img	Quest.wz/Check.img/28268	v84	OK-UNCHANGED	REAL	v84	7ce167a6db0b	7ce167a6db0b	4d7adaef8a14	7ce167a6db0b	
D-TAKE-V84	Quest	Quest.wz/Check.img	Quest.wz/Check.img/28269	v84	OK-UNCHANGED	REAL	v84	1376ac8a8b5a	1376ac8a8b5a	52f4cc5d35bb	1376ac8a8b5a	
D-TAKE-V84	Quest	Quest.wz/Check.img	Quest.wz/Check.img/28270	v84	OK-UNCHANGED	REAL	v84	5524e4fc1152	5524e4fc1152	2cbbe6e9c55b	5524e4fc1152	
D-TAKE-V84	Quest	Quest.wz/Check.img	Quest.wz/Check.img/28271	v84	OK-UNCHANGED	REAL	v84	ad2b937dbabb	ad2b937dbabb	5cb82a7e589c	ad2b937dbabb	
D-TAKE-V84	Quest	Quest.wz/Check.img	Quest.wz/Check.img/28272	v84	OK-UNCHANGED	REAL	v84	ca34754ea8a3	ca34754ea8a3	b74a0deb470c	ca34754ea8a3	
D-TAKE-V84	Quest	Quest.wz/Check.img	Quest.wz/Check.img/28273	v84	OK-UNCHANGED	REAL	v84	c8d722f139c7	c8d722f139c7	5a5d6c811c2d	c8d722f139c7	
D-TAKE-V84	Quest	Quest.wz/Check.img	Quest.wz/Check.img/28274	v84	OK-UNCHANGED	REAL	v84	e3ba479d170c	e3ba479d170c	21f691f3576e	e3ba479d170c	
D-TAKE-V84	Quest	Quest.wz/Check.img	Quest.wz/Check.img/28275	v84	OK-UNCHANGED	REAL	v84	ebf82bc77f15	ebf82bc77f15	f26025ea6467	ebf82bc77f15	
D-TAKE-V84	Quest	Quest.wz/Check.img	Quest.wz/Check.img/28276	v84	OK-UNCHANGED	REAL	v84	ae83cbbacc24	ae83cbbacc24	05e3728a9367	ae83cbbacc24	
D-TAKE-V84	Quest	Quest.wz/Check.img	Quest.wz/Check.img/28277	v84	OK-UNCHANGED	REAL	v84	237bb4a29003	237bb4a29003	ca6251908896	237bb4a29003	
D-TAKE-V84	Quest	Quest.wz/Check.img	Quest.wz/Check.img/28278	v84	OK-UNCHANGED	REAL	v84	e497ad0b624c	e497ad0b624c	c8eda28f165c	e497ad0b624c	
D-TAKE-V84	Quest	Quest.wz/Check.img	Quest.wz/Check.img/28279	v84	OK-UNCHANGED	REAL	v84	44d8b529ff6e	44d8b529ff6e	24bf47bec586	44d8b529ff6e	
D-TAKE-V84	Quest	Quest.wz/Check.img	Quest.wz/Check.img/28280	v84	OK-UNCHANGED	REAL	v84	a3685118f35c	a3685118f35c	53b48798a33b	a3685118f35c	
D-TAKE-V84	Quest	Quest.wz/Check.img	Quest.wz/Check.img/28281	v84	OK-UNCHANGED	REAL	v84	da41ccc3d85d	da41ccc3d85d	5bd61471eb86	da41ccc3d85d	
D-TAKE-V84	Quest	Quest.wz/Check.img	Quest.wz/Check.img/28282	v84	OK-UNCHANGED	REAL	v84	8ac40bfcf0fa	8ac40bfcf0fa	b3c6757c6104	8ac40bfcf0fa	
D-TAKE-V84	Quest	Quest.wz/Check.img	Quest.wz/Check.img/3083	v84	OK-UNCHANGED	REAL	v84	ecb652f2e416	ecb652f2e416	ac4fedf7eff7	ecb652f2e416	
D-TAKE-V84	Quest	Quest.wz/Check.img	Quest.wz/Check.img/3096	v84	OK-UNCHANGED	REAL	v84	8b6d091955d7	8b6d091955d7	1f2aa0ee5023	8b6d091955d7	
D-TAKE-V84	Quest	Quest.wz/Check.img	Quest.wz/Check.img/3239	v84	OK-UNCHANGED	REAL	v84	471df88e7656	471df88e7656	be63811c2406	471df88e7656	
D-TAKE-V84	Quest	Quest.wz/Check.img	Quest.wz/Check.img/4300	v84	OK-UNCHANGED	REAL	v84	bdf8abdfb803	bdf8abdfb803	c2ef71b461e6	bdf8abdfb803	
D-TAKE-V84	Quest	Quest.wz/Check.img	Quest.wz/Check.img/4301	v84	OK-UNCHANGED	REAL	v84	34368a8230cb	34368a8230cb	14428e0908fb	34368a8230cb	
D-TAKE-V84	Quest	Quest.wz/Check.img	Quest.wz/Check.img/4302	v84	OK-UNCHANGED	REAL	v84	12c34d0709d3	12c34d0709d3	88b6e04bba6a	12c34d0709d3	
D-TAKE-V84	Quest	Quest.wz/Check.img	Quest.wz/Check.img/4303	v84	OK-UNCHANGED	REAL	v84	19643a138ced	19643a138ced	d3de850541d5	19643a138ced	
D-TAKE-V84	Quest	Quest.wz/Check.img	Quest.wz/Check.img/4304	v84	OK-UNCHANGED	REAL	v84	bd58bc6f3050	bd58bc6f3050	23fb26b32ab6	bd58bc6f3050	
D-TAKE-V84	Quest	Quest.wz/Check.img	Quest.wz/Check.img/4305	v84	OK-UNCHANGED	REAL	v84	f200ac17d5a8	f200ac17d5a8	6c5204ab9c86	f200ac17d5a8	
D-TAKE-V84	Quest	Quest.wz/Check.img	Quest.wz/Check.img/4306	v84	OK-UNCHANGED	REAL	v84	8eb6fd436ad4	8eb6fd436ad4	f2db957d1221	8eb6fd436ad4	
D-TAKE-V84	Quest	Quest.wz/Check.img	Quest.wz/Check.img/4307	v84	OK-UNCHANGED	REAL	v84	8941ea962384	8941ea962384	8a3457bca483	8941ea962384	
D-TAKE-V84	Quest	Quest.wz/Check.img	Quest.wz/Check.img/4308	v84	OK-UNCHANGED	REAL	v84	7dfb47e0ed9c	7dfb47e0ed9c	df6064b53820	7dfb47e0ed9c	
D-TAKE-V84	Quest	Quest.wz/Check.img	Quest.wz/Check.img/4309	v84	OK-UNCHANGED-VACUOUS	VACUOUS	v84	1a1f9202dde2	1a1f9202dde2	1a1f9202dde2	1a1f9202dde2	
D-TAKE-V84	Quest	Quest.wz/Check.img	Quest.wz/Check.img/4919	v84	OK-UNCHANGED	REAL	v84	8245fc533b39	8245fc533b39	8453616d9c4e	8245fc533b39	
D-TAKE-V84	Quest	Quest.wz/Say.img	Quest.wz/Say.img/1021	v84	OK-UNCHANGED	REAL	v84	00e219b33674	00e219b33674	847550891792	00e219b33674	
D-TAKE-V84	Quest	Quest.wz/Say.img	Quest.wz/Say.img/1029	v84	OK-UNCHANGED	REAL	v84	5c79c1fc28b4	5c79c1fc28b4	f05c53fcaf7a	5c79c1fc28b4	
D-TAKE-V84	Quest	Quest.wz/Say.img	Quest.wz/Say.img/1044	v84	OK-UNCHANGED	REAL	v84	bf5cf559fee6	bf5cf559fee6	bc7e34ab3054	bf5cf559fee6	
D-TAKE-V84	Quest	Quest.wz/Say.img	Quest.wz/Say.img/3952	v84	OK-UNCHANGED	REAL	v84	3266eac48ec8	3266eac48ec8	326c4d62cc34	3266eac48ec8	
D-TAKE-V84	Quest	Quest.wz/Say.img	Quest.wz/Say.img/4936	v84	OK-UNCHANGED	REAL	v84	17b6c1299881	17b6c1299881	d0bc85e7168d	17b6c1299881	
D-TAKE-V84	String	String.wz/Cash.img	String.wz/Cash.img/5500005	v84	OK-UNCHANGED	REAL	v84	fb90e1ad8b0c	fb90e1ad8b0c	73653b5129ca	fb90e1ad8b0c	
D-TAKE-V84	String	String.wz/Cash.img	String.wz/Cash.img/5500006	v84	OK-UNCHANGED	REAL	v84	534f22cbcf68	534f22cbcf68	bf8eab82a61c	534f22cbcf68	
D-TAKE-V84	String	String.wz/Cash.img	String.wz/Cash.img/5530001	v84	OK-UNCHANGED	REAL	v84	b44675fba634	b44675fba634	29368036e4e8	b44675fba634	
D-TAKE-V84	String	String.wz/Cash.img	String.wz/Cash.img/5530002	v84	OK-UNCHANGED	REAL	v84	d788bc1a45b3	d788bc1a45b3	9543d8557462	d788bc1a45b3	
D-TAKE-V84	String	String.wz/Cash.img	String.wz/Cash.img/5530003	v84	OK-UNCHANGED	REAL	v84	6585050e79f7	6585050e79f7	f135b11d2520	6585050e79f7	
D-TAKE-V84	String	String.wz/Cash.img	String.wz/Cash.img/5530004	v84	OK-UNCHANGED	REAL	v84	db67080e94e3	db67080e94e3	2d39025a8aa8	db67080e94e3	
D-TAKE-V84	String	String.wz/Cash.img	String.wz/Cash.img/5530005	v84	OK-UNCHANGED	REAL	v84	fe16df1df992	fe16df1df992	320a8d7ea078	fe16df1df992	
D-TAKE-V84	String	String.wz/Cash.img	String.wz/Cash.img/5530006	v84	OK-UNCHANGED	REAL	v84	1c44fd374137	1c44fd374137	7988c124224b	1c44fd374137	
D-TAKE-V84	String	String.wz/Cash.img	String.wz/Cash.img/5530007	v84	OK-UNCHANGED	REAL	v84	1b321111a0f4	1b321111a0f4	43892e7a9d22	1b321111a0f4	
D-TAKE-V84	String	String.wz/Cash.img	String.wz/Cash.img/5530008	v84	OK-UNCHANGED	REAL	v84	a410dbcc9513	a410dbcc9513	9b1c4c314a6e	a410dbcc9513	
D-TAKE-V84	String	String.wz/Consume.img	String.wz/Consume.img/2022537	v84	OK-UNCHANGED	REAL	v84	6e9e1991dac8	6e9e1991dac8	3849903f3c09	6e9e1991dac8	
D-TAKE-V84	String	String.wz/Consume.img	String.wz/Consume.img/2040001	v84	OK-UNCHANGED	REAL	v84	30f053a18dba	30f053a18dba	506561c7bfb0	30f053a18dba	
D-TAKE-V84	String	String.wz/Consume.img	String.wz/Consume.img/2040002	v84	OK-UNCHANGED	REAL	v84	2eb597c30ab9	2eb597c30ab9	c0f2fce356d5	2eb597c30ab9	
D-TAKE-V84	String	String.wz/Consume.img	String.wz/Consume.img/2040004	v84	OK-UNCHANGED	REAL	v84	f88766111b71	f88766111b71	39c281029be6	f88766111b71	
D-TAKE-V84	String	String.wz/Consume.img	String.wz/Consume.img/2040005	v84	OK-UNCHANGED	REAL	v84	b5b30a68d128	b5b30a68d128	cfe9fc608d03	b5b30a68d128	
D-TAKE-V84	String	String.wz/Consume.img	String.wz/Consume.img/2040019	v84	OK-UNCHANGED	REAL	v84	4d2b0cd5940f	4d2b0cd5940f	e4a91082a9ba	4d2b0cd5940f	
D-TAKE-V84	String	String.wz/Consume.img	String.wz/Consume.img/2040020	v84	OK-UNCHANGED	REAL	v84	82b7e3d784bd	82b7e3d784bd	beabda55ebe2	82b7e3d784bd	
D-TAKE-V84	String	String.wz/Consume.img	String.wz/Consume.img/2040021	v84	OK-UNCHANGED	REAL	v84	33c4052714e3	33c4052714e3	b53bbd1fe06b	33c4052714e3	
D-TAKE-V84	String	String.wz/Consume.img	String.wz/Consume.img/2040022	v84	OK-UNCHANGED	REAL	v84	625b47163847	625b47163847	02dccb198f91	625b47163847	
D-TAKE-V84	String	String.wz/Consume.img	String.wz/Consume.img/2040301	v84	OK-UNCHANGED	REAL	v84	e7fb39687117	e7fb39687117	57d826e838a6	e7fb39687117	
D-TAKE-V84	String	String.wz/Consume.img	String.wz/Consume.img/2040302	v84	OK-UNCHANGED	REAL	v84	0171a727e190	0171a727e190	b18af5bf8ba9	0171a727e190	
D-TAKE-V84	String	String.wz/Consume.img	String.wz/Consume.img/2040313	v84	OK-UNCHANGED	REAL	v84	6be8ad260b30	6be8ad260b30	a1f2bca1e901	6be8ad260b30	
D-TAKE-V84	String	String.wz/Consume.img	String.wz/Consume.img/2040314	v84	OK-UNCHANGED	REAL	v84	69ff624fdaef	69ff624fdaef	8236a2a61cd8	69ff624fdaef	
D-TAKE-V84	String	String.wz/Consume.img	String.wz/Consume.img/2040401	v84	OK-UNCHANGED	REAL	v84	2a216921c3a5	2a216921c3a5	d46c18da1999	2a216921c3a5	
D-TAKE-V84	String	String.wz/Consume.img	String.wz/Consume.img/2040402	v84	OK-UNCHANGED	REAL	v84	b1f2363bf1e5	b1f2363bf1e5	ca000ab7fcec	b1f2363bf1e5	
D-TAKE-V84	String	String.wz/Consume.img	String.wz/Consume.img/2040415	v84	OK-UNCHANGED	REAL	v84	d4affefb3dda	d4affefb3dda	e66bc98eb49e	d4affefb3dda	
D-TAKE-V84	String	String.wz/Consume.img	String.wz/Consume.img/2040416	v84	OK-UNCHANGED	REAL	v84	f8f9354baa95	f8f9354baa95	24e38028e034	f8f9354baa95	
D-TAKE-V84	String	String.wz/Consume.img	String.wz/Consume.img/2040501	v84	OK-UNCHANGED	REAL	v84	cfd627dbfccf	cfd627dbfccf	8984db8dea4d	cfd627dbfccf	
D-TAKE-V84	String	String.wz/Consume.img	String.wz/Consume.img/2040502	v84	OK-UNCHANGED	REAL	v84	aa92fdb4a5de	aa92fdb4a5de	c6bc3b8a5ca8	aa92fdb4a5de	
D-TAKE-V84	String	String.wz/Consume.img	String.wz/Consume.img/2040504	v84	OK-UNCHANGED	REAL	v84	8cb993249ca2	8cb993249ca2	8ae6439d2c29	8cb993249ca2	
D-TAKE-V84	String	String.wz/Consume.img	String.wz/Consume.img/2040505	v84	OK-UNCHANGED	REAL	v84	b1333636d6b7	b1333636d6b7	16cb2ce98711	b1333636d6b7	
D-TAKE-V84	String	String.wz/Consume.img	String.wz/Consume.img/2040513	v84	OK-UNCHANGED	REAL	v84	a62cfdf74e10	a62cfdf74e10	60e8a98f454f	a62cfdf74e10	
D-TAKE-V84	String	String.wz/Consume.img	String.wz/Consume.img/2040514	v84	OK-UNCHANGED	REAL	v84	b6c89d14318f	b6c89d14318f	7682e1dfbf93	b6c89d14318f	
D-TAKE-V84	String	String.wz/Consume.img	String.wz/Consume.img/2040516	v84	OK-UNCHANGED	REAL	v84	8bf66da3c550	8bf66da3c550	18af8c5b1471	8bf66da3c550	
D-TAKE-V84	String	String.wz/Consume.img	String.wz/Consume.img/2040517	v84	OK-UNCHANGED	REAL	v84	fcc8b186b2c5	fcc8b186b2c5	a875e5a13559	fcc8b186b2c5	
D-TAKE-V84	String	String.wz/Consume.img	String.wz/Consume.img/2040522	v84	OK-UNCHANGED	REAL	v84	99fdf177491e	99fdf177491e	959b72a73749	99fdf177491e	
D-TAKE-V84	String	String.wz/Consume.img	String.wz/Consume.img/2040523	v84	OK-UNCHANGED	REAL	v84	00d40bc88917	00d40bc88917	f8b87d7777d9	00d40bc88917	
D-TAKE-V84	String	String.wz/Consume.img	String.wz/Consume.img/2040524	v84	OK-UNCHANGED	REAL	v84	79811c431147	79811c431147	f402cb9ae8b1	79811c431147	
D-TAKE-V84	String	String.wz/Consume.img	String.wz/Consume.img/2040525	v84	OK-UNCHANGED	REAL	v84	195c9320d841	195c9320d841	ec6631e65188	195c9320d841	
D-TAKE-V84	String	String.wz/Consume.img	String.wz/Consume.img/2040526	v84	OK-UNCHANGED	REAL	v84	787d5ee06655	787d5ee06655	ac5cd361b26e	787d5ee06655	
D-TAKE-V84	String	String.wz/Consume.img	String.wz/Consume.img/2040527	v84	OK-UNCHANGED	REAL	v84	25ead1ba0fc9	25ead1ba0fc9	206c74406a7e	25ead1ba0fc9	
D-TAKE-V84	String	String.wz/Consume.img	String.wz/Consume.img/2040528	v84	OK-UNCHANGED	REAL	v84	d61801f2b580	d61801f2b580	cb0a680e53b6	d61801f2b580	
D-TAKE-V84	String	String.wz/Consume.img	String.wz/Consume.img/2040529	v84	OK-UNCHANGED	REAL	v84	872819932fcc	872819932fcc	7e67ddd47188	872819932fcc	
D-TAKE-V84	String	String.wz/Consume.img	String.wz/Consume.img/2040601	v84	OK-UNCHANGED	REAL	v84	c8be0e30a2ac	c8be0e30a2ac	03ce3eb6cff1	c8be0e30a2ac	
D-TAKE-V84	String	String.wz/Consume.img	String.wz/Consume.img/2040602	v84	OK-UNCHANGED	REAL	v84	cc6e94c7b624	cc6e94c7b624	91e21e6735f1	cc6e94c7b624	
D-TAKE-V84	String	String.wz/Consume.img	String.wz/Consume.img/2040615	v84	OK-UNCHANGED	REAL	v84	ffa81b6f0ef9	ffa81b6f0ef9	0a78214f766f	ffa81b6f0ef9	
D-TAKE-V84	String	String.wz/Consume.img	String.wz/Consume.img/2040616	v84	OK-UNCHANGED	REAL	v84	544042991a0c	544042991a0c	d89a00823d27	544042991a0c	
D-TAKE-V84	String	String.wz/Consume.img	String.wz/Consume.img/2040701	v84	OK-UNCHANGED	REAL	v84	0c5868f10751	0c5868f10751	42fd058c5c4e	0c5868f10751	
D-TAKE-V84	String	String.wz/Consume.img	String.wz/Consume.img/2040702	v84	OK-UNCHANGED	REAL	v84	0e724012ae2b	0e724012ae2b	3a7ad601bc0c	0e724012ae2b	
D-TAKE-V84	String	String.wz/Consume.img	String.wz/Consume.img/2040704	v84	OK-UNCHANGED	REAL	v84	c4a9c09aa131	c4a9c09aa131	7041fc54a106	c4a9c09aa131	
D-TAKE-V84	String	String.wz/Consume.img	String.wz/Consume.img/2040801	v84	OK-UNCHANGED	REAL	v84	7e2d74447726	7e2d74447726	6be2c61de4bd	7e2d74447726	
D-TAKE-V84	String	String.wz/Consume.img	String.wz/Consume.img/2040802	v84	OK-UNCHANGED	REAL	v84	b07ce65d4506	b07ce65d4506	b75cd9a80707	b07ce65d4506	
D-TAKE-V84	String	String.wz/Consume.img	String.wz/Consume.img/2040804	v84	OK-UNCHANGED	REAL	v84	d00dd69757d3	d00dd69757d3	5a597f4cc5dd	d00dd69757d3	
D-TAKE-V84	String	String.wz/Consume.img	String.wz/Consume.img/2040805	v84	OK-UNCHANGED	REAL	v84	403eef6900b6	403eef6900b6	b69cd1cd4f23	403eef6900b6	
D-TAKE-V84	String	String.wz/Consume.img	String.wz/Consume.img/2040819	v84	OK-UNCHANGED	REAL	v84	dcb226bfee49	dcb226bfee49	89420b1c22e7	dcb226bfee49	
D-TAKE-V84	String	String.wz/Consume.img	String.wz/Consume.img/2040820	v84	OK-UNCHANGED	REAL	v84	5ea767d7b0ad	5ea767d7b0ad	5703c98c007f	5ea767d7b0ad	
D-TAKE-V84	String	String.wz/Consume.img	String.wz/Consume.img/2040821	v84	OK-UNCHANGED	REAL	v84	b47dfc0adad9	b47dfc0adad9	59143ee2d824	b47dfc0adad9	
D-TAKE-V84	String	String.wz/Consume.img	String.wz/Consume.img/2040822	v84	OK-UNCHANGED	REAL	v84	02411c894537	02411c894537	fb62956c0880	02411c894537	
D-TAKE-V84	String	String.wz/Consume.img	String.wz/Consume.img/2040901	v84	OK-UNCHANGED	REAL	v84	9e7ed0c826a9	9e7ed0c826a9	f98cd917e54a	9e7ed0c826a9	
D-TAKE-V84	String	String.wz/Consume.img	String.wz/Consume.img/2040902	v84	OK-UNCHANGED	REAL	v84	af1a766f6867	af1a766f6867	cd0459530c03	af1a766f6867	
D-TAKE-V84	String	String.wz/Consume.img	String.wz/Consume.img/2040910	v84	OK-UNCHANGED	REAL	v84	8c6ddf560e72	8c6ddf560e72	1aabd7e8ab0e	8c6ddf560e72	
D-TAKE-V84	String	String.wz/Consume.img	String.wz/Consume.img/2040911	v84	OK-UNCHANGED	REAL	v84	0c5ec0b56187	0c5ec0b56187	5a753d037505	0c5ec0b56187	
D-TAKE-V84	String	String.wz/Consume.img	String.wz/Consume.img/2041001	v84	OK-UNCHANGED	REAL	v84	dbe039f342bd	dbe039f342bd	305b41afd405	dbe039f342bd	
D-TAKE-V84	String	String.wz/Consume.img	String.wz/Consume.img/2041002	v84	OK-UNCHANGED	REAL	v84	6916127a55b6	6916127a55b6	f03c21975e53	6916127a55b6	
D-TAKE-V84	String	String.wz/Consume.img	String.wz/Consume.img/2041004	v84	OK-UNCHANGED	REAL	v84	01ec3b3cd477	01ec3b3cd477	362e27064e6e	01ec3b3cd477	
D-TAKE-V84	String	String.wz/Consume.img	String.wz/Consume.img/2041005	v84	OK-UNCHANGED	REAL	v84	75bf928c84e9	75bf928c84e9	bd67df936f0a	75bf928c84e9	
D-TAKE-V84	String	String.wz/Consume.img	String.wz/Consume.img/2041007	v84	OK-UNCHANGED	REAL	v84	3ff445f3b3fd	3ff445f3b3fd	005d34eb2ca3	3ff445f3b3fd	
D-TAKE-V84	String	String.wz/Consume.img	String.wz/Consume.img/2041008	v84	OK-UNCHANGED	REAL	v84	e582d2db95e8	e582d2db95e8	84199dee4be3	e582d2db95e8	
D-TAKE-V84	String	String.wz/Consume.img	String.wz/Consume.img/2041010	v84	OK-UNCHANGED	REAL	v84	287df3dcd9be	287df3dcd9be	850f2a4eaf56	287df3dcd9be	
D-TAKE-V84	String	String.wz/Consume.img	String.wz/Consume.img/2041011	v84	OK-UNCHANGED	REAL	v84	43e64b5ce79d	43e64b5ce79d	4ae74c9f0189	43e64b5ce79d	
D-TAKE-V84	String	String.wz/Consume.img	String.wz/Consume.img/2041013	v84	OK-UNCHANGED	REAL	v84	ec6e8f7048d9	ec6e8f7048d9	6a46b7633829	ec6e8f7048d9	
D-TAKE-V84	String	String.wz/Consume.img	String.wz/Consume.img/2041014	v84	OK-UNCHANGED	REAL	v84	87a6cd9335b5	87a6cd9335b5	10918f71c50a	87a6cd9335b5	
D-TAKE-V84	String	String.wz/Consume.img	String.wz/Consume.img/2041016	v84	OK-UNCHANGED	REAL	v84	a9ad82064995	a9ad82064995	f8c36cbdc20d	a9ad82064995	
D-TAKE-V84	String	String.wz/Consume.img	String.wz/Consume.img/2041017	v84	OK-UNCHANGED	REAL	v84	6e4e8b676a0b	6e4e8b676a0b	7254b3685db4	6e4e8b676a0b	
D-TAKE-V84	String	String.wz/Consume.img	String.wz/Consume.img/2041019	v84	OK-UNCHANGED	REAL	v84	658c2b819c48	658c2b819c48	90f470a08592	658c2b819c48	
D-TAKE-V84	String	String.wz/Consume.img	String.wz/Consume.img/2041020	v84	OK-UNCHANGED	REAL	v84	7362ea204d0e	7362ea204d0e	ad9f0b82b9fd	7362ea204d0e	
D-TAKE-V84	String	String.wz/Consume.img	String.wz/Consume.img/2041022	v84	OK-UNCHANGED	REAL	v84	b98566cfde78	b98566cfde78	698a1e8ceb37	b98566cfde78	
D-TAKE-V84	String	String.wz/Consume.img	String.wz/Consume.img/2041023	v84	OK-UNCHANGED	REAL	v84	1c2efeeea018	1c2efeeea018	0f072744f3e8	1c2efeeea018	
D-TAKE-V84	String	String.wz/Consume.img	String.wz/Consume.img/2041042	v84	OK-UNCHANGED	REAL	v84	e44fddd7cfde	e44fddd7cfde	4cb87206daec	e44fddd7cfde	
D-TAKE-V84	String	String.wz/Consume.img	String.wz/Consume.img/2041043	v84	OK-UNCHANGED	REAL	v84	fc54a32f09c6	fc54a32f09c6	8e16da84e2a1	fc54a32f09c6	
D-TAKE-V84	String	String.wz/Consume.img	String.wz/Consume.img/2041044	v84	OK-UNCHANGED	REAL	v84	ccadf2483759	ccadf2483759	07f93b111a36	ccadf2483759	
D-TAKE-V84	String	String.wz/Consume.img	String.wz/Consume.img/2041045	v84	OK-UNCHANGED	REAL	v84	25a46416bf40	25a46416bf40	513495e9db25	25a46416bf40	
D-TAKE-V84	String	String.wz/Consume.img	String.wz/Consume.img/2041046	v84	OK-UNCHANGED	REAL	v84	15782c5ec504	15782c5ec504	860b849fe03b	15782c5ec504	
D-TAKE-V84	String	String.wz/Consume.img	String.wz/Consume.img/2041047	v84	OK-UNCHANGED	REAL	v84	b7cf3debb78c	b7cf3debb78c	c9fc81e11202	b7cf3debb78c	
D-TAKE-V84	String	String.wz/Consume.img	String.wz/Consume.img/2041048	v84	OK-UNCHANGED	REAL	v84	c99cc5c3732f	c99cc5c3732f	60dec9d47507	c99cc5c3732f	
D-TAKE-V84	String	String.wz/Consume.img	String.wz/Consume.img/2041049	v84	OK-UNCHANGED	REAL	v84	e61d9ef499a7	e61d9ef499a7	d3c9b1bfbfe2	e61d9ef499a7	
D-TAKE-V84	String	String.wz/Consume.img	String.wz/Consume.img/2041050	v84	OK-UNCHANGED	REAL	v84	cbd28610bf38	cbd28610bf38	011667b056d5	cbd28610bf38	
D-TAKE-V84	String	String.wz/Consume.img	String.wz/Consume.img/2041051	v84	OK-UNCHANGED	REAL	v84	927bb266d631	927bb266d631	8587182fabce	927bb266d631	
D-TAKE-V84	String	String.wz/Consume.img	String.wz/Consume.img/2041052	v84	OK-UNCHANGED	REAL	v84	40e014c1ddcd	40e014c1ddcd	4dd97d06603e	40e014c1ddcd	
D-TAKE-V84	String	String.wz/Consume.img	String.wz/Consume.img/2041053	v84	OK-UNCHANGED	REAL	v84	14fb436005db	14fb436005db	71a9c9ba59d6	14fb436005db	
D-TAKE-V84	String	String.wz/Consume.img	String.wz/Consume.img/2041054	v84	OK-UNCHANGED	REAL	v84	660b5e2d6857	660b5e2d6857	edff3b945add	660b5e2d6857	
D-TAKE-V84	String	String.wz/Consume.img	String.wz/Consume.img/2041055	v84	OK-UNCHANGED	REAL	v84	3741bfc3f972	3741bfc3f972	de83c92e5b5f	3741bfc3f972	
D-TAKE-V84	String	String.wz/Consume.img	String.wz/Consume.img/2041056	v84	OK-UNCHANGED	REAL	v84	38220e9aea94	38220e9aea94	5aa17c1805fd	38220e9aea94	
D-TAKE-V84	String	String.wz/Consume.img	String.wz/Consume.img/2041057	v84	OK-UNCHANGED	REAL	v84	0c7dcf340251	0c7dcf340251	b998f68e265e	0c7dcf340251	
D-TAKE-V84	String	String.wz/Consume.img	String.wz/Consume.img/2043001	v84	OK-UNCHANGED	REAL	v84	b8f846ec8649	b8f846ec8649	9351f88ad489	b8f846ec8649	
D-TAKE-V84	String	String.wz/Consume.img	String.wz/Consume.img/2043002	v84	OK-UNCHANGED	REAL	v84	959e0b5ce5af	959e0b5ce5af	9243e4a0795d	959e0b5ce5af	
D-TAKE-V84	String	String.wz/Consume.img	String.wz/Consume.img/2043011	v84	OK-UNCHANGED	REAL	v84	f17541bafa4c	f17541bafa4c	ee327d428af8	f17541bafa4c	
D-TAKE-V84	String	String.wz/Consume.img	String.wz/Consume.img/2043012	v84	OK-UNCHANGED	REAL	v84	96a2a313973b	96a2a313973b	c26689b0f7e3	96a2a313973b	
D-TAKE-V84	String	String.wz/Consume.img	String.wz/Consume.img/2043101	v84	OK-UNCHANGED	REAL	v84	d624255a336e	d624255a336e	f1aef1c836cf	d624255a336e	
D-TAKE-V84	String	String.wz/Consume.img	String.wz/Consume.img/2043102	v84	OK-UNCHANGED	REAL	v84	445d4be8717b	445d4be8717b	9e3a2165584b	445d4be8717b	
D-TAKE-V84	String	String.wz/Consume.img	String.wz/Consume.img/2043106	v84	OK-UNCHANGED	REAL	v84	10685d52d21e	10685d52d21e	7cdcc5184a78	10685d52d21e	
D-TAKE-V84	String	String.wz/Consume.img	String.wz/Consume.img/2043107	v84	OK-UNCHANGED	REAL	v84	c4972d6bf440	c4972d6bf440	d0ca39904d9d	c4972d6bf440	
D-TAKE-V84	String	String.wz/Consume.img	String.wz/Consume.img/2043201	v84	OK-UNCHANGED	REAL	v84	f2245bba8a03	f2245bba8a03	f67ae95baed0	f2245bba8a03	
D-TAKE-V84	String	String.wz/Consume.img	String.wz/Consume.img/2043202	v84	OK-UNCHANGED	REAL	v84	3b1d0d6b5928	3b1d0d6b5928	5ab6b9c31ba3	3b1d0d6b5928	
D-TAKE-V84	String	String.wz/Consume.img	String.wz/Consume.img/2043206	v84	OK-UNCHANGED	REAL	v84	00c3d2d6fc95	00c3d2d6fc95	64b54d003ea2	00c3d2d6fc95	
D-TAKE-V84	String	String.wz/Consume.img	String.wz/Consume.img/2043207	v84	OK-UNCHANGED	REAL	v84	fbaa98c08170	fbaa98c08170	6447a48c8dfd	fbaa98c08170	
D-TAKE-V84	String	String.wz/Consume.img	String.wz/Consume.img/2043301	v84	OK-UNCHANGED	REAL	v84	0685c73de954	0685c73de954	d214fa2857d6	0685c73de954	
D-TAKE-V84	String	String.wz/Consume.img	String.wz/Consume.img/2043302	v84	OK-UNCHANGED	REAL	v84	045f3b1e38be	045f3b1e38be	81f8380c7404	045f3b1e38be	
D-TAKE-V84	String	String.wz/Consume.img	String.wz/Consume.img/2043306	v84	OK-UNCHANGED	REAL	v84	ba44cc63f6a8	ba44cc63f6a8	d3924341f4ce	ba44cc63f6a8	
D-TAKE-V84	String	String.wz/Consume.img	String.wz/Consume.img/2043307	v84	OK-UNCHANGED	REAL	v84	fe977b73c3bb	fe977b73c3bb	8139828e3fe2	fe977b73c3bb	
D-TAKE-V84	String	String.wz/Consume.img	String.wz/Consume.img/2043701	v84	OK-UNCHANGED	REAL	v84	e7962ccbed7f	e7962ccbed7f	d8ec0bf03fd7	e7962ccbed7f	
D-TAKE-V84	String	String.wz/Consume.img	String.wz/Consume.img/2043702	v84	OK-UNCHANGED	REAL	v84	cc9d03ce4057	cc9d03ce4057	c9f15b1cb553	cc9d03ce4057	
D-TAKE-V84	String	String.wz/Consume.img	String.wz/Consume.img/2043706	v84	OK-UNCHANGED	REAL	v84	285358f5fc5c	285358f5fc5c	cf16e4bc5952	285358f5fc5c	
D-TAKE-V84	String	String.wz/Consume.img	String.wz/Consume.img/2043707	v84	OK-UNCHANGED	REAL	v84	bd17fdd7e354	bd17fdd7e354	c527f8363a07	bd17fdd7e354	
D-TAKE-V84	String	String.wz/Consume.img	String.wz/Consume.img/2043801	v84	OK-UNCHANGED	REAL	v84	08f997bfe375	08f997bfe375	d7375ff90ada	08f997bfe375	
D-TAKE-V84	String	String.wz/Consume.img	String.wz/Consume.img/2043802	v84	OK-UNCHANGED	REAL	v84	cc0afcadefd4	cc0afcadefd4	f07f4cb7c90a	cc0afcadefd4	
D-TAKE-V84	String	String.wz/Consume.img	String.wz/Consume.img/2043806	v84	OK-UNCHANGED	REAL	v84	9cf2e64a43c3	9cf2e64a43c3	bc59dd5edb8e	9cf2e64a43c3	
D-TAKE-V84	String	String.wz/Consume.img	String.wz/Consume.img/2043807	v84	OK-UNCHANGED	REAL	v84	15c5d89fc9f0	15c5d89fc9f0	6200f5dac565	15c5d89fc9f0	
D-TAKE-V84	String	String.wz/Consume.img	String.wz/Consume.img/2044001	v84	OK-UNCHANGED	REAL	v84	ae0bf0181e15	ae0bf0181e15	df6b74bb76d3	ae0bf0181e15	
D-TAKE-V84	String	String.wz/Consume.img	String.wz/Consume.img/2044002	v84	OK-UNCHANGED	REAL	v84	87252c4cb69e	87252c4cb69e	a22eb328f646	87252c4cb69e	
D-TAKE-V84	String	String.wz/Consume.img	String.wz/Consume.img/2044006	v84	OK-UNCHANGED	REAL	v84	81a7641bd640	81a7641bd640	ace2540fd4e8	81a7641bd640	
D-TAKE-V84	String	String.wz/Consume.img	String.wz/Consume.img/2044007	v84	OK-UNCHANGED	REAL	v84	9ff62a9f89c6	9ff62a9f89c6	094ef2d8c3dd	9ff62a9f89c6	
D-TAKE-V84	String	String.wz/Consume.img	String.wz/Consume.img/2044101	v84	OK-UNCHANGED	REAL	v84	3c9b0ee87b0d	3c9b0ee87b0d	8174777f5b50	3c9b0ee87b0d	
D-TAKE-V84	String	String.wz/Consume.img	String.wz/Consume.img/2044102	v84	OK-UNCHANGED	REAL	v84	965dc2ab25c5	965dc2ab25c5	6d27bb5ded75	965dc2ab25c5	
D-TAKE-V84	String	String.wz/Consume.img	String.wz/Consume.img/2044106	v84	OK-UNCHANGED	REAL	v84	1e31a72010e1	1e31a72010e1	a483d899218f	1e31a72010e1	
D-TAKE-V84	String	String.wz/Consume.img	String.wz/Consume.img/2044107	v84	OK-UNCHANGED	REAL	v84	2679c4a42a86	2679c4a42a86	1e7ad25f2886	2679c4a42a86	
D-TAKE-V84	String	String.wz/Consume.img	String.wz/Consume.img/2044201	v84	OK-UNCHANGED	REAL	v84	8ba1146a4b3a	8ba1146a4b3a	1cc75a386e3a	8ba1146a4b3a	
D-TAKE-V84	String	String.wz/Consume.img	String.wz/Consume.img/2044202	v84	OK-UNCHANGED	REAL	v84	c28e7587bb23	c28e7587bb23	0d475f20155e	c28e7587bb23	
D-TAKE-V84	String	String.wz/Consume.img	String.wz/Consume.img/2044206	v84	OK-UNCHANGED	REAL	v84	94e329da63e0	94e329da63e0	c577a5c4dcc6	94e329da63e0	
D-TAKE-V84	String	String.wz/Consume.img	String.wz/Consume.img/2044207	v84	OK-UNCHANGED	REAL	v84	928bea13f340	928bea13f340	b4df7bccae5c	928bea13f340	
D-TAKE-V84	String	String.wz/Consume.img	String.wz/Consume.img/2044301	v84	OK-UNCHANGED	REAL	v84	0b3010988ffe	0b3010988ffe	d235b03a4265	0b3010988ffe	
D-TAKE-V84	String	String.wz/Consume.img	String.wz/Consume.img/2044302	v84	OK-UNCHANGED	REAL	v84	fce1c60254ba	fce1c60254ba	f51c0c4bc3da	fce1c60254ba	
D-TAKE-V84	String	String.wz/Consume.img	String.wz/Consume.img/2044306	v84	OK-UNCHANGED	REAL	v84	2f3d1f3464f9	2f3d1f3464f9	c3e0da40f0a2	2f3d1f3464f9	
D-TAKE-V84	String	String.wz/Consume.img	String.wz/Consume.img/2044307	v84	OK-UNCHANGED	REAL	v84	0ac03d506fa3	0ac03d506fa3	bc7411499868	0ac03d506fa3	
D-TAKE-V84	String	String.wz/Consume.img	String.wz/Consume.img/2044401	v84	OK-UNCHANGED	REAL	v84	b4e5d5b04a3c	b4e5d5b04a3c	e2a220eacaf1	b4e5d5b04a3c	
D-TAKE-V84	String	String.wz/Consume.img	String.wz/Consume.img/2044402	v84	OK-UNCHANGED	REAL	v84	d2c976e63af0	d2c976e63af0	13c96e3a6b63	d2c976e63af0	
D-TAKE-V84	String	String.wz/Consume.img	String.wz/Consume.img/2044406	v84	OK-UNCHANGED	REAL	v84	3efffdfd62cd	3efffdfd62cd	7ad8879ab020	3efffdfd62cd	
D-TAKE-V84	String	String.wz/Consume.img	String.wz/Consume.img/2044407	v84	OK-UNCHANGED	REAL	v84	5e12b22add27	5e12b22add27	8f5cd7edc2ad	5e12b22add27	
D-TAKE-V84	String	String.wz/Consume.img	String.wz/Consume.img/2044501	v84	OK-UNCHANGED	REAL	v84	1c8ca41d2800	1c8ca41d2800	1ae1bcc9b444	1c8ca41d2800	
D-TAKE-V84	String	String.wz/Consume.img	String.wz/Consume.img/2044502	v84	OK-UNCHANGED	REAL	v84	1bafffd9ae81	1bafffd9ae81	883289ccf4c2	1bafffd9ae81	
D-TAKE-V84	String	String.wz/Consume.img	String.wz/Consume.img/2044506	v84	OK-UNCHANGED	REAL	v84	063421d42304	063421d42304	6075ff83b37f	063421d42304	
D-TAKE-V84	String	String.wz/Consume.img	String.wz/Consume.img/2044507	v84	OK-UNCHANGED	REAL	v84	233869b6702d	233869b6702d	64b6c91167db	233869b6702d	
D-TAKE-V84	String	String.wz/Consume.img	String.wz/Consume.img/2044601	v84	OK-UNCHANGED	REAL	v84	e7da35c3b183	e7da35c3b183	d0162c12f906	e7da35c3b183	
D-TAKE-V84	String	String.wz/Consume.img	String.wz/Consume.img/2044602	v84	OK-UNCHANGED	REAL	v84	67759e6c986e	67759e6c986e	3f9264f88b7b	67759e6c986e	
D-TAKE-V84	String	String.wz/Consume.img	String.wz/Consume.img/2044606	v84	OK-UNCHANGED	REAL	v84	aeceb71364aa	aeceb71364aa	983800292577	aeceb71364aa	
D-TAKE-V84	String	String.wz/Consume.img	String.wz/Consume.img/2044607	v84	OK-UNCHANGED	REAL	v84	aec726073944	aec726073944	8b576d9b769a	aec726073944	
D-TAKE-V84	String	String.wz/Consume.img	String.wz/Consume.img/2044701	v84	OK-UNCHANGED	REAL	v84	008ee9816d7f	008ee9816d7f	dc2475ebba53	008ee9816d7f	
D-TAKE-V84	String	String.wz/Consume.img	String.wz/Consume.img/2044702	v84	OK-UNCHANGED	REAL	v84	a5a9af25e0a8	a5a9af25e0a8	cdb01be6c46c	a5a9af25e0a8	
D-TAKE-V84	String	String.wz/Consume.img	String.wz/Consume.img/2044706	v84	OK-UNCHANGED	REAL	v84	174344bccda7	174344bccda7	b70d14d089ac	174344bccda7	
D-TAKE-V84	String	String.wz/Consume.img	String.wz/Consume.img/2044707	v84	OK-UNCHANGED	REAL	v84	5f5b1fff89d1	5f5b1fff89d1	c1637e023489	5f5b1fff89d1	
D-TAKE-V84	String	String.wz/Consume.img	String.wz/Consume.img/2044802	v84	OK-UNCHANGED	REAL	v84	2bab195563a5	2bab195563a5	55018abca5d5	2bab195563a5	
D-TAKE-V84	String	String.wz/Consume.img	String.wz/Consume.img/2044902	v84	OK-UNCHANGED	REAL	v84	fe80ccd8b05f	fe80ccd8b05f	a984a3df15db	fe80ccd8b05f	
D-TAKE-V84	String	String.wz/Consume.img	String.wz/Consume.img/2048001	v84	OK-UNCHANGED	REAL	v84	60d029266590	60d029266590	c9754b5a9d39	60d029266590	
D-TAKE-V84	String	String.wz/Consume.img	String.wz/Consume.img/2048002	v84	OK-UNCHANGED	REAL	v84	3963b688090e	3963b688090e	910bb3b004cf	3963b688090e	
D-TAKE-V84	String	String.wz/Consume.img	String.wz/Consume.img/2048006	v84	OK-UNCHANGED	REAL	v84	19036e0fd8e9	19036e0fd8e9	e39e2cab517d	19036e0fd8e9	
D-TAKE-V84	String	String.wz/Consume.img	String.wz/Consume.img/2048007	v84	OK-UNCHANGED	REAL	v84	947366e1419c	947366e1419c	6564a55c1c8a	947366e1419c	
D-TAKE-V84	String	String.wz/Consume.img	String.wz/Consume.img/2048008	v84	OK-UNCHANGED	REAL	v84	7588e3c87bac	7588e3c87bac	9a633f4905d0	7588e3c87bac	
D-TAKE-V84	String	String.wz/Consume.img	String.wz/Consume.img/2048009	v84	OK-UNCHANGED	REAL	v84	6b5945950325	6b5945950325	47a09b0dfb18	6b5945950325	
D-TAKE-V84	String	String.wz/Consume.img	String.wz/Consume.img/2070018	v84	OK-UNCHANGED	REAL	v84	8012fb5ff4b8	8012fb5ff4b8	b917509c4a12	8012fb5ff4b8	
D-TAKE-V84	String	String.wz/Consume.img	String.wz/Consume.img/2100166	v84	OK-UNCHANGED	REAL	v84	f66f938d4109	f66f938d4109	0cf46cf4d9f2	f66f938d4109	
D-TAKE-V84	String	String.wz/Consume.img	String.wz/Consume.img/2280003	v84	OK-UNCHANGED	REAL	v84	7954a16fcc75	7954a16fcc75	38a8f99bf3af	7954a16fcc75	
D-TAKE-V84	String	String.wz/Consume.img	String.wz/Consume.img/2290096	v84	OK-UNCHANGED	REAL	v84	4fe5d9004f00	4fe5d9004f00	c3066ea2d85a	4fe5d9004f00	
D-TAKE-V84	String	String.wz/Consume.img	String.wz/Consume.img/2290118	v84	OK-UNCHANGED	REAL	v84	5a0e5ee0db2f	5a0e5ee0db2f	66f4866eb463	5a0e5ee0db2f	
D-TAKE-V84	String	String.wz/Consume.img	String.wz/Consume.img/2290125	v84	OK-UNCHANGED	REAL	v84	0e35ac7f2fef	0e35ac7f2fef	9f8c68eee0f3	0e35ac7f2fef	
D-TAKE-V84	String	String.wz/Consume.img	String.wz/Consume.img/2430008	v84	OK-UNCHANGED	REAL	v84	b67eaf32f31d	b67eaf32f31d	8b2f1179f33b	b67eaf32f31d	
D-TAKE-V84	String	String.wz/MonsterBook.img	String.wz/MonsterBook.img/3100101	v84	OK-UNCHANGED	REAL	v84	7472ea633c42	7472ea633c42	787d60038a72	7472ea633c42	
D-TAKE-V84	String	String.wz/MonsterBook.img	String.wz/MonsterBook.img/3110100	v84	OK-UNCHANGED	REAL	v84	1f9c3e62925c	1f9c3e62925c	6db343d5b826	1f9c3e62925c	
D-TAKE-V84	String	String.wz/MonsterBook.img	String.wz/MonsterBook.img/3110101	v84	OK-UNCHANGED	REAL	v84	11f03998552e	11f03998552e	d7840db6f798	11f03998552e	
D-TAKE-V84	String	String.wz/MonsterBook.img	String.wz/MonsterBook.img/3110102	v84	OK-UNCHANGED	REAL	v84+his-additive	e83b2352097e	e83b2352097e	f708a7de7660	599ada5b5424	
D-TAKE-V84	String	String.wz/MonsterBook.img	String.wz/MonsterBook.img/3110300	v84	OK-UNCHANGED	REAL	v84	43ddc924caf4	43ddc924caf4	03795aa04db5	43ddc924caf4	
D-TAKE-V84	String	String.wz/MonsterBook.img	String.wz/MonsterBook.img/3110301	v84	OK-UNCHANGED	REAL	v84	a477f8719458	a477f8719458	666e985d32d0	a477f8719458	
D-TAKE-V84	String	String.wz/MonsterBook.img	String.wz/MonsterBook.img/3110302	v84	OK-UNCHANGED	REAL	v84	597dc3056781	597dc3056781	8c942c76f16f	597dc3056781	
D-TAKE-V84	String	String.wz/MonsterBook.img	String.wz/MonsterBook.img/3110303	v84	OK-UNCHANGED	REAL	v84	ed35a0b3a4e9	ed35a0b3a4e9	3415cb91ef7b	ed35a0b3a4e9	
D-TAKE-V84	String	String.wz/MonsterBook.img	String.wz/MonsterBook.img/3210100	v84	OK-UNCHANGED	REAL	v84	1cf7f0f17c8f	1cf7f0f17c8f	7428d3e802ef	1cf7f0f17c8f	
D-TAKE-V84	String	String.wz/MonsterBook.img	String.wz/MonsterBook.img/3210201	v84	OK-UNCHANGED	REAL	v84+his-additive	ec4175f5efb9	ec4175f5efb9	59e7a37d84bb	96e832166bc8	
D-TAKE-V84	String	String.wz/MonsterBook.img	String.wz/MonsterBook.img/3210202	v84	OK-UNCHANGED	REAL	v84	b4f9e6edaf12	b4f9e6edaf12	854594d20b05	b4f9e6edaf12	
D-TAKE-V84	String	String.wz/MonsterBook.img	String.wz/MonsterBook.img/3210203	v84	OK-UNCHANGED	REAL	v84	cda6c2ed98fa	cda6c2ed98fa	36447897ff15	cda6c2ed98fa	
D-TAKE-V84	String	String.wz/MonsterBook.img	String.wz/MonsterBook.img/3210204	v84	OK-UNCHANGED	REAL	v84	33cbfc2ca113	33cbfc2ca113	961ba0103ffc	33cbfc2ca113	
D-TAKE-V84	String	String.wz/MonsterBook.img	String.wz/MonsterBook.img/3210205	v84	OK-UNCHANGED	REAL	v84	23e8ce1b2e2b	23e8ce1b2e2b	822c7707f228	23e8ce1b2e2b	
D-TAKE-V84	String	String.wz/MonsterBook.img	String.wz/MonsterBook.img/3210206	v84	OK-UNCHANGED	REAL	v84	27b0344ae22f	27b0344ae22f	8d7efbcad3ab	27b0344ae22f	
D-TAKE-V84	String	String.wz/MonsterBook.img	String.wz/MonsterBook.img/3210207	v84	OK-UNCHANGED	REAL	v84	2d3eb9a681a6	2d3eb9a681a6	02a48f3ef267	2d3eb9a681a6	
D-TAKE-V84	String	String.wz/MonsterBook.img	String.wz/MonsterBook.img/3210208	v84	OK-UNCHANGED	REAL	v84+his-additive	b552574dd4dc	b552574dd4dc	962c44558473	0bf85a01e181	
D-TAKE-V84	String	String.wz/MonsterBook.img	String.wz/MonsterBook.img/3210450	v84	OK-UNCHANGED	REAL	v84	0bea943bfc42	0bea943bfc42	90a4c978360a	0bea943bfc42	
D-TAKE-V84	String	String.wz/MonsterBook.img	String.wz/MonsterBook.img/3210800	v84	OK-UNCHANGED	REAL	v84	381bee7b8215	381bee7b8215	200f6680f5f3	381bee7b8215	
D-TAKE-V84	String	String.wz/MonsterBook.img	String.wz/MonsterBook.img/3230100	v84	OK-UNCHANGED	REAL	v84	9a912d136876	9a912d136876	684791668b05	9a912d136876	
D-TAKE-V84	String	String.wz/MonsterBook.img	String.wz/MonsterBook.img/3230101	v84	OK-UNCHANGED	REAL	v84+his-additive	ec870b7923ba	ec870b7923ba	5c49eec35538	19eab8cf7ca9	
D-TAKE-V84	String	String.wz/MonsterBook.img	String.wz/MonsterBook.img/3230102	v84	OK-UNCHANGED	REAL	v84	ddfb04a3c56d	ddfb04a3c56d	d180239d0ab4	ddfb04a3c56d	
D-TAKE-V84	String	String.wz/MonsterBook.img	String.wz/MonsterBook.img/3230103	v84	OK-UNCHANGED	REAL	v84	ff3d8660fbae	ff3d8660fbae	977ee1d8a284	ff3d8660fbae	
D-TAKE-V84	String	String.wz/MonsterBook.img	String.wz/MonsterBook.img/3230104	v84	OK-UNCHANGED	REAL	v84+his-additive	a4a7123edd02	a4a7123edd02	1066270bf21e	15be081f2248	
D-TAKE-V84	String	String.wz/MonsterBook.img	String.wz/MonsterBook.img/3230200	v84	OK-UNCHANGED	REAL	v84	7813ffc32b25	7813ffc32b25	2447aaf2042b	7813ffc32b25	
D-TAKE-V84	String	String.wz/MonsterBook.img	String.wz/MonsterBook.img/3230302	v84	OK-UNCHANGED	REAL	v84	2e818d938a4b	2e818d938a4b	c3a59ec908b3	2e818d938a4b	
D-TAKE-V84	String	String.wz/MonsterBook.img	String.wz/MonsterBook.img/3230303	v84	OK-UNCHANGED	REAL	v84	8b1361777328	8b1361777328	cff99ceccb73	8b1361777328	
D-TAKE-V84	String	String.wz/MonsterBook.img	String.wz/MonsterBook.img/3230304	v84	OK-UNCHANGED	REAL	v84	82ff40532f3a	82ff40532f3a	b1e58944132d	82ff40532f3a	
D-TAKE-V84	String	String.wz/MonsterBook.img	String.wz/MonsterBook.img/3230305	v84	OK-UNCHANGED	REAL	v84	73d16106cbc4	73d16106cbc4	dcbf2289519f	73d16106cbc4	
D-TAKE-V84	String	String.wz/MonsterBook.img	String.wz/MonsterBook.img/3230306	v84	OK-UNCHANGED	REAL	v84	424b4612e719	424b4612e719	7e370145ee98	424b4612e719	
D-TAKE-V84	String	String.wz/MonsterBook.img	String.wz/MonsterBook.img/3230307	v84	OK-UNCHANGED	REAL	v84+his-additive	4c5d8378dc7e	4c5d8378dc7e	49c331e3bec5	2850ac251a19	
D-TAKE-V84	String	String.wz/MonsterBook.img	String.wz/MonsterBook.img/3230308	v84	OK-UNCHANGED	REAL	v84	d375156e7b9a	d375156e7b9a	a44285eba69d	d375156e7b9a	
D-TAKE-V84	String	String.wz/MonsterBook.img	String.wz/MonsterBook.img/3230400	v84	OK-UNCHANGED	REAL	v84	d69cc5d97e9e	d69cc5d97e9e	6b2a11386c88	d69cc5d97e9e	
D-TAKE-V84	String	String.wz/MonsterBook.img	String.wz/MonsterBook.img/3230405	v84	OK-UNCHANGED	REAL	v84	da4576bdaf69	da4576bdaf69	6d356e7cc8e4	da4576bdaf69	
D-TAKE-V84	String	String.wz/MonsterBook.img	String.wz/MonsterBook.img/4110300	v84	OK-UNCHANGED	REAL	v84	a01600220fb4	a01600220fb4	1c7e72f023ea	a01600220fb4	
D-TAKE-V84	String	String.wz/MonsterBook.img	String.wz/MonsterBook.img/4110301	v84	OK-UNCHANGED	REAL	v84	fc4aa8813b54	fc4aa8813b54	b8c5d0e5da69	fc4aa8813b54	
D-TAKE-V84	String	String.wz/MonsterBook.img	String.wz/MonsterBook.img/4110302	v84	OK-UNCHANGED	REAL	v84	74b7fcc86252	74b7fcc86252	12a5d21c6231	74b7fcc86252	
D-TAKE-V84	String	String.wz/MonsterBook.img	String.wz/MonsterBook.img/4130100	v84	OK-UNCHANGED	REAL	v84	f92f59807d5e	f92f59807d5e	07c50be4a8a3	f92f59807d5e	
D-TAKE-V84	String	String.wz/MonsterBook.img	String.wz/MonsterBook.img/4130101	v84	OK-UNCHANGED	REAL	v84	41601b844547	41601b844547	a36a2fb60b0b	41601b844547	
D-TAKE-V84	String	String.wz/MonsterBook.img	String.wz/MonsterBook.img/4130102	v84	OK-UNCHANGED	REAL	v84	96f6ed736582	96f6ed736582	57d816ae8f0f	96f6ed736582	
D-TAKE-V84	String	String.wz/MonsterBook.img	String.wz/MonsterBook.img/4130103	v84	OK-UNCHANGED	REAL	v84+his-additive	b952e9443b83	b952e9443b83	4fe04b4788c7	e90a011d87dd	
D-TAKE-V84	String	String.wz/MonsterBook.img	String.wz/MonsterBook.img/4230100	v84	OK-UNCHANGED	REAL	v84	0447a98176e0	0447a98176e0	e822ac44de66	0447a98176e0	
D-TAKE-V84	String	String.wz/MonsterBook.img	String.wz/MonsterBook.img/4230101	v84	OK-UNCHANGED	REAL	v84+his-additive	17f549ee0d46	17f549ee0d46	5fe5d5868d19	2b80e7a21505	
D-TAKE-V84	String	String.wz/MonsterBook.img	String.wz/MonsterBook.img/4230102	v84	OK-UNCHANGED	REAL	v84	a8e5eb2afba4	a8e5eb2afba4	2af529cfa3e7	a8e5eb2afba4	
D-TAKE-V84	String	String.wz/MonsterBook.img	String.wz/MonsterBook.img/4230103	v84	OK-UNCHANGED	REAL	v84+his-additive	5d8792007c59	5d8792007c59	369e0622e70e	a79d8e1ef6f1	
D-TAKE-V84	String	String.wz/MonsterBook.img	String.wz/MonsterBook.img/4230104	v84	OK-UNCHANGED	REAL	v84	9180ce4344f1	9180ce4344f1	d668a8c39ec3	9180ce4344f1	
D-TAKE-V84	String	String.wz/MonsterBook.img	String.wz/MonsterBook.img/4230105	v84	OK-UNCHANGED	REAL	v84	2334cec0dd66	2334cec0dd66	dfa1079b7f2c	2334cec0dd66	
D-TAKE-V84	String	String.wz/MonsterBook.img	String.wz/MonsterBook.img/4230106	v84	OK-UNCHANGED	REAL	v84+his-additive	230eebb62842	230eebb62842	8d883285b55e	66f211eb7c55	
D-TAKE-V84	String	String.wz/MonsterBook.img	String.wz/MonsterBook.img/4230107	v84	OK-UNCHANGED	REAL	v84	710dc3da7541	710dc3da7541	1f0f9c0cdc44	710dc3da7541	
D-TAKE-V84	String	String.wz/MonsterBook.img	String.wz/MonsterBook.img/4230108	v84	OK-UNCHANGED	REAL	v84	ebba43aab1b4	ebba43aab1b4	e7e7b034f4f0	ebba43aab1b4	
D-TAKE-V84	String	String.wz/MonsterBook.img	String.wz/MonsterBook.img/4230109	v84	OK-UNCHANGED	REAL	v84+his-additive	67737ab8dda2	67737ab8dda2	175130b5aeb8	083e2c3c5771	
D-TAKE-V84	String	String.wz/MonsterBook.img	String.wz/MonsterBook.img/4230110	v84	OK-UNCHANGED	REAL	v84	090559e4f54c	090559e4f54c	b6293e86af7c	090559e4f54c	
D-TAKE-V84	String	String.wz/MonsterBook.img	String.wz/MonsterBook.img/4230111	v84	OK-UNCHANGED	REAL	v84	9b9ee837b22d	9b9ee837b22d	0bcbaccb4cb3	9b9ee837b22d	
D-TAKE-V84	String	String.wz/MonsterBook.img	String.wz/MonsterBook.img/4230112	v84	OK-UNCHANGED	REAL	v84	3778e0a776c8	3778e0a776c8	fbbcec106abc	3778e0a776c8	
D-TAKE-V84	String	String.wz/MonsterBook.img	String.wz/MonsterBook.img/4230113	v84	OK-UNCHANGED	REAL	v84	45f46d58b68c	45f46d58b68c	36b1313cb62e	45f46d58b68c	
D-TAKE-V84	String	String.wz/MonsterBook.img	String.wz/MonsterBook.img/4230114	v84	OK-UNCHANGED	REAL	v84	cce22aa36a4f	cce22aa36a4f	99e561b4c887	cce22aa36a4f	
D-TAKE-V84	String	String.wz/MonsterBook.img	String.wz/MonsterBook.img/4230115	v84	OK-UNCHANGED	REAL	v84	0c6a0cee8741	0c6a0cee8741	0ba53556c857	0c6a0cee8741	
D-TAKE-V84	String	String.wz/MonsterBook.img	String.wz/MonsterBook.img/4230116	v84	OK-UNCHANGED	REAL	v84+his-additive	e8300104accc	e8300104accc	c43e7988d938	d60a0b581ebe	
D-TAKE-V84	String	String.wz/MonsterBook.img	String.wz/MonsterBook.img/4230117	v84	OK-UNCHANGED	REAL	v84+his-additive	98cb60d049c4	98cb60d049c4	4e8c6b4ff6cf	ae70178d79cd	
D-TAKE-V84	String	String.wz/MonsterBook.img	String.wz/MonsterBook.img/4230118	v84	OK-UNCHANGED	REAL	v84+his-additive	12bbd9459009	12bbd9459009	759cfbeb73ac	21cee1e6d8c2	
D-TAKE-V84	String	String.wz/MonsterBook.img	String.wz/MonsterBook.img/4230119	v84	OK-UNCHANGED	REAL	v84+his-additive	ff317302b724	ff317302b724	641dd724ba30	5c3b00a04955	
D-TAKE-V84	String	String.wz/MonsterBook.img	String.wz/MonsterBook.img/4230120	v84	OK-UNCHANGED	REAL	v84	4e3748098825	4e3748098825	f7759342ddcb	4e3748098825	
D-TAKE-V84	String	String.wz/MonsterBook.img	String.wz/MonsterBook.img/4230121	v84	OK-UNCHANGED	REAL	v84	62e074202dbd	62e074202dbd	8bd81cd07900	62e074202dbd	
D-TAKE-V84	String	String.wz/MonsterBook.img	String.wz/MonsterBook.img/4230123	v84	OK-UNCHANGED	REAL	v84+his-additive	8ce4aca7ddf1	8ce4aca7ddf1	83804300d524	f50a91514835	
D-TAKE-V84	String	String.wz/MonsterBook.img	String.wz/MonsterBook.img/4230124	v84	OK-UNCHANGED	REAL	v84+his-additive	95a5a60c7067	95a5a60c7067	ef3ffd40b32f	cd68b04ddfd4	
D-TAKE-V84	String	String.wz/MonsterBook.img	String.wz/MonsterBook.img/4230125	v84	OK-UNCHANGED	REAL	v84	c8aefab268e8	c8aefab268e8	570f75834c28	c8aefab268e8	
D-TAKE-V84	String	String.wz/MonsterBook.img	String.wz/MonsterBook.img/4230126	v84	OK-UNCHANGED	REAL	v84	80580783ea00	80580783ea00	9591fd4023b8	80580783ea00	
D-TAKE-V84	String	String.wz/MonsterBook.img	String.wz/MonsterBook.img/4230200	v84	OK-UNCHANGED	REAL	v84+his-additive	36061cad98bc	36061cad98bc	957f3fc82a21	03da4a777797	
D-TAKE-V84	String	String.wz/MonsterBook.img	String.wz/MonsterBook.img/4230201	v84	OK-UNCHANGED	REAL	v84	096e2a49e279	096e2a49e279	c4e92c730dd7	096e2a49e279	
D-TAKE-V84	String	String.wz/MonsterBook.img	String.wz/MonsterBook.img/4230300	v84	OK-UNCHANGED	REAL	v84	a131c37e2833	a131c37e2833	3ce45dfc555e	a131c37e2833	
D-TAKE-V84	String	String.wz/MonsterBook.img	String.wz/MonsterBook.img/4230400	v84	OK-UNCHANGED	REAL	v84	1812229d9528	1812229d9528	f03e6c816619	1812229d9528	
D-TAKE-V84	String	String.wz/MonsterBook.img	String.wz/MonsterBook.img/4230500	v84	OK-UNCHANGED	REAL	v84	d714a89390b1	d714a89390b1	b9d32dc90364	d714a89390b1	
D-TAKE-V84	String	String.wz/MonsterBook.img	String.wz/MonsterBook.img/4230501	v84	OK-UNCHANGED	REAL	v84	85ff42cef078	85ff42cef078	badec27eafd3	85ff42cef078	
D-TAKE-V84	String	String.wz/MonsterBook.img	String.wz/MonsterBook.img/4230502	v84	OK-UNCHANGED	REAL	v84	fb9d5cba389e	fb9d5cba389e	27900adb68b8	fb9d5cba389e	
D-TAKE-V84	String	String.wz/MonsterBook.img	String.wz/MonsterBook.img/4230503	v84	OK-UNCHANGED	REAL	v84	03174e34d915	03174e34d915	4f515d00c167	03174e34d915	
D-TAKE-V84	String	String.wz/MonsterBook.img	String.wz/MonsterBook.img/4230504	v84	OK-UNCHANGED	REAL	v84	3cefc9ef8fd0	3cefc9ef8fd0	30dfd06e217d	3cefc9ef8fd0	
D-TAKE-V84	String	String.wz/MonsterBook.img	String.wz/MonsterBook.img/4230505	v84	OK-UNCHANGED	REAL	v84+his-additive	b0f501cb62e6	b0f501cb62e6	dcfc628f09e3	32bd49d53bb5	
D-TAKE-V84	String	String.wz/MonsterBook.img	String.wz/MonsterBook.img/4230506	v84	OK-UNCHANGED	REAL	v84	aa283337662a	aa283337662a	2d46854146ac	aa283337662a	
D-TAKE-V84	String	String.wz/MonsterBook.img	String.wz/MonsterBook.img/4230600	v84	OK-UNCHANGED	REAL	v84	a61527fb3bef	a61527fb3bef	c5e5b18f47c4	a61527fb3bef	
D-TAKE-V84	String	String.wz/MonsterBook.img	String.wz/MonsterBook.img/4240000	v84	OK-UNCHANGED	REAL	v84+his-additive	713e294bf943	713e294bf943	08a28a21b604	f360640f8dd2	
D-TAKE-V84	String	String.wz/MonsterBook.img	String.wz/MonsterBook.img/4250000	v84	OK-UNCHANGED	REAL	v84	ec3dd11f9efd	ec3dd11f9efd	82260c8342f0	ec3dd11f9efd	
D-TAKE-V84	String	String.wz/MonsterBook.img	String.wz/MonsterBook.img/4250001	v84	OK-UNCHANGED	REAL	v84	7f383d5cdfd0	7f383d5cdfd0	b68cdd4cabe9	7f383d5cdfd0	
D-TAKE-V84	String	String.wz/MonsterBook.img	String.wz/MonsterBook.img/5100000	v84	OK-UNCHANGED	REAL	v84	b9d29eca2acb	b9d29eca2acb	188ab80f18e8	b9d29eca2acb	
D-TAKE-V84	String	String.wz/MonsterBook.img	String.wz/MonsterBook.img/5100002	v84	OK-UNCHANGED	REAL	v84	ed4b460300b6	ed4b460300b6	a7b934e00c37	ed4b460300b6	
D-TAKE-V84	String	String.wz/MonsterBook.img	String.wz/MonsterBook.img/5100003	v84	OK-UNCHANGED	REAL	v84	ec1b41945a4c	ec1b41945a4c	44028bdc9ccd	ec1b41945a4c	
D-TAKE-V84	String	String.wz/MonsterBook.img	String.wz/MonsterBook.img/5100004	v84	OK-UNCHANGED	REAL	v84+his-additive	e9db5b042c07	e9db5b042c07	6c933e096aae	0109901f4315	
D-TAKE-V84	String	String.wz/MonsterBook.img	String.wz/MonsterBook.img/5100005	v84	OK-UNCHANGED	REAL	v84	c6f7658107df	c6f7658107df	4ba7603fefb7	c6f7658107df	
D-TAKE-V84	String	String.wz/MonsterBook.img	String.wz/MonsterBook.img/5110300	v84	OK-UNCHANGED	REAL	v84	d56fbaad66ae	d56fbaad66ae	b21cc479b6d8	d56fbaad66ae	
D-TAKE-V84	String	String.wz/MonsterBook.img	String.wz/MonsterBook.img/5110301	v84	OK-UNCHANGED	REAL	v84	4e57bf00c0cb	4e57bf00c0cb	033062356c50	4e57bf00c0cb	
D-TAKE-V84	String	String.wz/MonsterBook.img	String.wz/MonsterBook.img/5110302	v84	OK-UNCHANGED	REAL	v84+his-additive	d52b87debd77	d52b87debd77	a2ecbd19eacf	36c7761662b9	
D-TAKE-V84	String	String.wz/MonsterBook.img	String.wz/MonsterBook.img/5120000	v84	OK-UNCHANGED	REAL	v84	ada9e2558402	ada9e2558402	14114681937a	ada9e2558402	
D-TAKE-V84	String	String.wz/MonsterBook.img	String.wz/MonsterBook.img/5120001	v84	OK-UNCHANGED	REAL	v84	29daeb71c0a9	29daeb71c0a9	165a412572e5	29daeb71c0a9	
D-TAKE-V84	String	String.wz/MonsterBook.img	String.wz/MonsterBook.img/5120002	v84	OK-UNCHANGED	REAL	v84	59f346955b6c	59f346955b6c	6771813fc03b	59f346955b6c	
D-TAKE-V84	String	String.wz/MonsterBook.img	String.wz/MonsterBook.img/5120003	v84	OK-UNCHANGED	REAL	v84	dc5f0520f7b1	dc5f0520f7b1	847cad81f73e	dc5f0520f7b1	
D-TAKE-V84	String	String.wz/MonsterBook.img	String.wz/MonsterBook.img/5120100	v84	OK-UNCHANGED	REAL	v84	ac4835f4de35	ac4835f4de35	d6dda929390b	ac4835f4de35	
D-TAKE-V84	String	String.wz/MonsterBook.img	String.wz/MonsterBook.img/5120500	v84	OK-UNCHANGED	REAL	v84	bf6c079cbc99	bf6c079cbc99	7f84e1debdfa	bf6c079cbc99	
D-TAKE-V84	String	String.wz/MonsterBook.img	String.wz/MonsterBook.img/5120501	v84	OK-UNCHANGED	REAL	v84	6725251537c8	6725251537c8	28e85b65c8fa	6725251537c8	
D-TAKE-V84	String	String.wz/MonsterBook.img	String.wz/MonsterBook.img/5120502	v84	OK-UNCHANGED	REAL	v84	564bd8638145	564bd8638145	f3ea42712d23	564bd8638145	
D-TAKE-V84	String	String.wz/MonsterBook.img	String.wz/MonsterBook.img/5120503	v84	OK-UNCHANGED	REAL	v84	03fd3ba597c8	03fd3ba597c8	3f52b486c2fd	03fd3ba597c8	
D-TAKE-V84	String	String.wz/MonsterBook.img	String.wz/MonsterBook.img/5120504	v84	OK-UNCHANGED	REAL	v84	50a19da84f60	50a19da84f60	7c056d589283	50a19da84f60	
D-TAKE-V84	String	String.wz/MonsterBook.img	String.wz/MonsterBook.img/5120505	v84	OK-UNCHANGED	REAL	v84	0c4dc21aedb1	0c4dc21aedb1	9961b3bd766c	0c4dc21aedb1	
D-TAKE-V84	String	String.wz/MonsterBook.img	String.wz/MonsterBook.img/5120506	v84	OK-UNCHANGED	REAL	v84+his-additive	3fa6060272f5	3fa6060272f5	0e1c590464c9	1e069036b48f	
D-TAKE-V84	String	String.wz/MonsterBook.img	String.wz/MonsterBook.img/5130100	v84	OK-UNCHANGED	REAL	v84	a202abe4d8d8	a202abe4d8d8	1ebd27fdc8bf	a202abe4d8d8	
D-TAKE-V84	String	String.wz/MonsterBook.img	String.wz/MonsterBook.img/5130101	v84	OK-UNCHANGED	REAL	v84+his-additive	546ea5db9183	546ea5db9183	779ebc453dde	68b8854c5f8b	
D-TAKE-V84	String	String.wz/MonsterBook.img	String.wz/MonsterBook.img/5130103	v84	OK-UNCHANGED	REAL	v84	6140c4ea33a0	6140c4ea33a0	cc1d91a622d7	6140c4ea33a0	
D-TAKE-V84	String	String.wz/MonsterBook.img	String.wz/MonsterBook.img/5130104	v84	OK-UNCHANGED	REAL	v84+his-additive	27c0b3703b93	27c0b3703b93	d5136b409b88	a20140cb4361	
D-TAKE-V84	String	String.wz/MonsterBook.img	String.wz/MonsterBook.img/5130105	v84	OK-UNCHANGED	REAL	v84	0f2904b89803	0f2904b89803	d502ab9ed0bb	0f2904b89803	
D-TAKE-V84	String	String.wz/MonsterBook.img	String.wz/MonsterBook.img/5130107	v84	OK-UNCHANGED	REAL	v84	38e0620ab830	38e0620ab830	0376a314aeb4	38e0620ab830	
D-TAKE-V84	String	String.wz/MonsterBook.img	String.wz/MonsterBook.img/5130108	v84	OK-UNCHANGED	REAL	v84	f411ec4d848c	f411ec4d848c	bd4e166e0abe	f411ec4d848c	
D-TAKE-V84	String	String.wz/MonsterBook.img	String.wz/MonsterBook.img/5140000	v84	OK-UNCHANGED	REAL	v84	f2b740ff98d7	f2b740ff98d7	0559759504da	f2b740ff98d7	
D-TAKE-V84	String	String.wz/MonsterBook.img	String.wz/MonsterBook.img/5150000	v84	OK-UNCHANGED	REAL	v84	8a6a078d2ba6	8a6a078d2ba6	ccb36ddbfbc3	8a6a078d2ba6	
D-TAKE-V84	String	String.wz/MonsterBook.img	String.wz/MonsterBook.img/5150001	v84	OK-UNCHANGED	REAL	v84	275ea2e3f46b	275ea2e3f46b	ae12aced9df2	275ea2e3f46b	
D-TAKE-V84	String	String.wz/MonsterBook.img	String.wz/MonsterBook.img/5250000	v84	OK-UNCHANGED	REAL	v84	9cc8356114bc	9cc8356114bc	5fe38b585f5e	9cc8356114bc	
D-TAKE-V84	String	String.wz/MonsterBook.img	String.wz/MonsterBook.img/5250001	v84	OK-UNCHANGED	REAL	v84	a1ff810acb0b	a1ff810acb0b	2c94f6293cbf	a1ff810acb0b	
D-TAKE-V84	String	String.wz/MonsterBook.img	String.wz/MonsterBook.img/5250002	v84	OK-UNCHANGED	REAL	v84+his-additive	e0eec6cdc4bc	e0eec6cdc4bc	2aa17a21e372	fb44c6cb5d52	
D-TAKE-V84	String	String.wz/MonsterBook.img	String.wz/MonsterBook.img/5300000	v84	OK-UNCHANGED	REAL	v84+his-additive	d9d436bfd738	d9d436bfd738	80b4bad7370f	1de72eface10	
D-TAKE-V84	String	String.wz/MonsterBook.img	String.wz/MonsterBook.img/5300001	v84	OK-UNCHANGED	REAL	v84	02f5992ad607	02f5992ad607	69e2f8889ad5	02f5992ad607	
D-TAKE-V84	String	String.wz/MonsterBook.img	String.wz/MonsterBook.img/5300100	v84	OK-UNCHANGED	REAL	v84	0b4059907655	0b4059907655	bfec118ebafc	0b4059907655	
D-TAKE-V84	String	String.wz/MonsterBook.img	String.wz/MonsterBook.img/5400000	v84	OK-UNCHANGED	REAL	v84	b7975220d053	b7975220d053	fc876dbfb1aa	b7975220d053	
D-TAKE-V84	String	String.wz/MonsterBook.img	String.wz/MonsterBook.img/6110300	v84	OK-UNCHANGED	REAL	v84+his-additive	69fa071a3aa8	69fa071a3aa8	a36be9a05253	9cd5f94b93c4	
D-TAKE-V84	String	String.wz/MonsterBook.img	String.wz/MonsterBook.img/6110301	v84	OK-UNCHANGED	REAL	v84	919eea8b0f2d	919eea8b0f2d	a5e285ea79aa	919eea8b0f2d	
D-TAKE-V84	String	String.wz/MonsterBook.img	String.wz/MonsterBook.img/6130100	v84	OK-UNCHANGED	REAL	v84	aa0e33fe6c52	aa0e33fe6c52	17ae3e4d67ad	aa0e33fe6c52	
D-TAKE-V84	String	String.wz/MonsterBook.img	String.wz/MonsterBook.img/6130103	v84	OK-UNCHANGED	REAL	v84	7e394acc21e5	7e394acc21e5	383d3eabf854	7e394acc21e5	
D-TAKE-V84	String	String.wz/MonsterBook.img	String.wz/MonsterBook.img/6130200	v84	OK-UNCHANGED	REAL	v84+his-additive	58df60708446	58df60708446	8a7d6e8bc1a4	192bf644a593	
D-TAKE-V84	String	String.wz/MonsterBook.img	String.wz/MonsterBook.img/6130202	v84	OK-UNCHANGED	REAL	v84	9b0f0467834b	9b0f0467834b	0dfbc4a65c6a	9b0f0467834b	
D-TAKE-V84	String	String.wz/MonsterBook.img	String.wz/MonsterBook.img/6130203	v84	OK-UNCHANGED	REAL	v84	7f1c31de71db	7f1c31de71db	fa7245fe0338	7f1c31de71db	
D-TAKE-V84	String	String.wz/MonsterBook.img	String.wz/MonsterBook.img/6130204	v84	OK-UNCHANGED	REAL	v84	15a1a4e51e50	15a1a4e51e50	4651fe984c7a	15a1a4e51e50	
D-TAKE-V84	String	String.wz/MonsterBook.img	String.wz/MonsterBook.img/6130207	v84	OK-UNCHANGED	REAL	v84	c78f9226cb3d	c78f9226cb3d	37474627cd4a	c78f9226cb3d	
D-TAKE-V84	String	String.wz/MonsterBook.img	String.wz/MonsterBook.img/6130208	v84	OK-UNCHANGED	REAL	v84	b9abb59198b7	b9abb59198b7	bd57535493df	b9abb59198b7	
D-TAKE-V84	String	String.wz/MonsterBook.img	String.wz/MonsterBook.img/6130209	v84	OK-UNCHANGED	REAL	v84	49f73cb62a3e	49f73cb62a3e	1abfb9ee4982	49f73cb62a3e	
D-TAKE-V84	String	String.wz/MonsterBook.img	String.wz/MonsterBook.img/6230100	v84	OK-UNCHANGED	REAL	v84	01a425782b61	01a425782b61	c4951af504d4	01a425782b61	
D-TAKE-V84	String	String.wz/MonsterBook.img	String.wz/MonsterBook.img/6230200	v84	OK-UNCHANGED	REAL	v84	8ae877cfae15	8ae877cfae15	e3373c3e9045	8ae877cfae15	
D-TAKE-V84	String	String.wz/MonsterBook.img	String.wz/MonsterBook.img/6230300	v84	OK-UNCHANGED	REAL	v84	1e5694023baa	1e5694023baa	3c6b94256121	1e5694023baa	
D-TAKE-V84	String	String.wz/MonsterBook.img	String.wz/MonsterBook.img/6230400	v84	OK-UNCHANGED	REAL	v84+his-additive	0ceae4c7ab33	0ceae4c7ab33	0e7a3a7f466f	a5c88a324f35	
D-TAKE-V84	String	String.wz/MonsterBook.img	String.wz/MonsterBook.img/6230401	v84	OK-UNCHANGED	REAL	v84+his-additive	8ebd92cce122	8ebd92cce122	bb1c4efa3246	b70eb616e8d1	
D-TAKE-V84	String	String.wz/MonsterBook.img	String.wz/MonsterBook.img/6230500	v84	OK-UNCHANGED	REAL	v84	8234bdafc92f	8234bdafc92f	9feb2d05162b	8234bdafc92f	
D-TAKE-V84	String	String.wz/MonsterBook.img	String.wz/MonsterBook.img/6230600	v84	OK-UNCHANGED	REAL	v84	369555b08095	369555b08095	1acac67c3bfa	369555b08095	
D-TAKE-V84	String	String.wz/MonsterBook.img	String.wz/MonsterBook.img/6230601	v84	OK-UNCHANGED	REAL	v84	3db058bddef1	3db058bddef1	09f1df35c215	3db058bddef1	
D-TAKE-V84	String	String.wz/MonsterBook.img	String.wz/MonsterBook.img/6230602	v84	OK-UNCHANGED	REAL	v84	4183943c5d40	4183943c5d40	8a1bea7b776d	4183943c5d40	
D-TAKE-V84	String	String.wz/MonsterBook.img	String.wz/MonsterBook.img/6300000	v84	OK-UNCHANGED	REAL	v84	06653a1f407b	06653a1f407b	be04dfe5e961	06653a1f407b	
D-TAKE-V84	String	String.wz/MonsterBook.img	String.wz/MonsterBook.img/6300100	v84	OK-UNCHANGED	REAL	v84+his-additive	3882cebde855	3882cebde855	84b2969c8d0f	1da2efe7b486	
D-TAKE-V84	String	String.wz/MonsterBook.img	String.wz/MonsterBook.img/6400100	v84	OK-UNCHANGED	REAL	v84+his-additive	5f832152130a	5f832152130a	479ded92e21e	342c05ef48d0	
D-TAKE-V84	String	String.wz/MonsterBook.img	String.wz/MonsterBook.img/7110300	v84	OK-UNCHANGED	REAL	v84	7b0671ce834f	7b0671ce834f	07d488a1a756	7b0671ce834f	
D-TAKE-V84	String	String.wz/MonsterBook.img	String.wz/MonsterBook.img/7110301	v84	OK-UNCHANGED	REAL	v84	5efca16907d1	5efca16907d1	2b1b2728b6fb	5efca16907d1	
D-TAKE-V84	String	String.wz/MonsterBook.img	String.wz/MonsterBook.img/7130000	v84	OK-UNCHANGED	REAL	v84	4dedf4da8da9	4dedf4da8da9	da1c640a1d63	4dedf4da8da9	
D-TAKE-V84	String	String.wz/MonsterBook.img	String.wz/MonsterBook.img/7130001	v84	OK-UNCHANGED	REAL	v84	4185c25bce25	4185c25bce25	76a1a83e3800	4185c25bce25	
D-TAKE-V84	String	String.wz/MonsterBook.img	String.wz/MonsterBook.img/7130002	v84	OK-UNCHANGED	REAL	v84	c0eff19cfd34	c0eff19cfd34	bd48b1479945	c0eff19cfd34	
D-TAKE-V84	String	String.wz/MonsterBook.img	String.wz/MonsterBook.img/7130003	v84	OK-UNCHANGED	REAL	v84	1b53cc6df6e6	1b53cc6df6e6	c86080e907a8	1b53cc6df6e6	
D-TAKE-V84	String	String.wz/MonsterBook.img	String.wz/MonsterBook.img/7130010	v84	OK-UNCHANGED	REAL	v84+his-additive	356dffc96a7c	356dffc96a7c	fe0d339d1efb	d1710cf2c73d	
D-TAKE-V84	String	String.wz/MonsterBook.img	String.wz/MonsterBook.img/7130020	v84	OK-UNCHANGED	REAL	v84+his-additive	8c82fe6ff756	8c82fe6ff756	2a8df249c37d	5d668404327a	
D-TAKE-V84	String	String.wz/MonsterBook.img	String.wz/MonsterBook.img/7130100	v84	OK-UNCHANGED	REAL	v84	f29de5796e6f	f29de5796e6f	787f60c90424	f29de5796e6f	
D-TAKE-V84	String	String.wz/MonsterBook.img	String.wz/MonsterBook.img/7130101	v84	OK-UNCHANGED	REAL	v84	c7fe3b6c6c3b	c7fe3b6c6c3b	89575ec07bd5	c7fe3b6c6c3b	
D-TAKE-V84	String	String.wz/MonsterBook.img	String.wz/MonsterBook.img/7130102	v84	OK-UNCHANGED	REAL	v84	b98ac95d317f	b98ac95d317f	59c5257fe1d2	b98ac95d317f	
D-TAKE-V84	String	String.wz/MonsterBook.img	String.wz/MonsterBook.img/7130103	v84	OK-UNCHANGED	REAL	v84	510828ad2754	510828ad2754	9304220ce562	510828ad2754	
D-TAKE-V84	String	String.wz/MonsterBook.img	String.wz/MonsterBook.img/7130104	v84	OK-UNCHANGED	REAL	v84+his-additive	b68c38c1e060	b68c38c1e060	ca3a67d8e1f0	a31a1044caff	
D-TAKE-V84	String	String.wz/MonsterBook.img	String.wz/MonsterBook.img/7130200	v84	OK-UNCHANGED	REAL	v84	99eeebaca877	99eeebaca877	21c46c45ded2	99eeebaca877	
D-TAKE-V84	String	String.wz/MonsterBook.img	String.wz/MonsterBook.img/7130300	v84	OK-UNCHANGED	REAL	v84+his-additive	5d0d7033ce24	5d0d7033ce24	ce6c1f63a414	6a56d49400f5	
D-TAKE-V84	String	String.wz/MonsterBook.img	String.wz/MonsterBook.img/7130400	v84	OK-UNCHANGED	REAL	v84	d1fdf9549848	d1fdf9549848	637346ecc040	d1fdf9549848	
D-TAKE-V84	String	String.wz/MonsterBook.img	String.wz/MonsterBook.img/7130401	v84	OK-UNCHANGED	REAL	v84	3d0d9aafb0ab	3d0d9aafb0ab	b58bbf1e546e	3d0d9aafb0ab	
D-TAKE-V84	String	String.wz/MonsterBook.img	String.wz/MonsterBook.img/7130402	v84	OK-UNCHANGED	REAL	v84	86c02d61b82a	86c02d61b82a	295f56cae38d	86c02d61b82a	
D-TAKE-V84	String	String.wz/MonsterBook.img	String.wz/MonsterBook.img/7130500	v84	OK-UNCHANGED	REAL	v84	e4227f49277c	e4227f49277c	f90b32c985f8	e4227f49277c	
D-TAKE-V84	String	String.wz/MonsterBook.img	String.wz/MonsterBook.img/7130501	v84	OK-UNCHANGED	REAL	v84	9f2b01c27b67	9f2b01c27b67	7f0bd315dd57	9f2b01c27b67	
D-TAKE-V84	String	String.wz/MonsterBook.img	String.wz/MonsterBook.img/7130600	v84	OK-UNCHANGED	REAL	v84	301de52435df	301de52435df	e6d6e7d12bab	301de52435df	
D-TAKE-V84	String	String.wz/MonsterBook.img	String.wz/MonsterBook.img/7130601	v84	OK-UNCHANGED	REAL	v84	8740a8db603c	8740a8db603c	7c5f9dae53a6	8740a8db603c	
D-TAKE-V84	String	String.wz/MonsterBook.img	String.wz/MonsterBook.img/7140000	v84	OK-UNCHANGED	REAL	v84	cd951a624be6	cd951a624be6	f906f40197ad	cd951a624be6	
D-TAKE-V84	String	String.wz/MonsterBook.img	String.wz/MonsterBook.img/7160000	v84	OK-UNCHANGED	REAL	v84	08860c6cb3f0	08860c6cb3f0	c38b87633a5c	08860c6cb3f0	
D-TAKE-V84	String	String.wz/MonsterBook.img	String.wz/MonsterBook.img/8110300	v84	OK-UNCHANGED	REAL	v84+his-additive	43c85b0264d7	43c85b0264d7	9bbec034ec99	c00ec9c368b8	
D-TAKE-V84	String	String.wz/MonsterBook.img	String.wz/MonsterBook.img/8140000	v84	OK-UNCHANGED	REAL	v84+his-additive	43457aaafdc1	43457aaafdc1	9e7d0bd0113b	04a04e3724f9	
D-TAKE-V84	String	String.wz/MonsterBook.img	String.wz/MonsterBook.img/8140001	v84	OK-UNCHANGED	REAL	v84	927e2cca4f09	927e2cca4f09	fdef2834fe49	927e2cca4f09	
D-TAKE-V84	String	String.wz/MonsterBook.img	String.wz/MonsterBook.img/8140002	v84	OK-UNCHANGED	REAL	v84	9370a2364fd0	9370a2364fd0	f1c8246332d8	9370a2364fd0	
D-TAKE-V84	String	String.wz/MonsterBook.img	String.wz/MonsterBook.img/8140100	v84	OK-UNCHANGED	REAL	v84	431d1b585e6e	431d1b585e6e	d8beb96af297	431d1b585e6e	
D-TAKE-V84	String	String.wz/MonsterBook.img	String.wz/MonsterBook.img/8140101	v84	OK-UNCHANGED	REAL	v84	7f78713d39d1	7f78713d39d1	990178af99b6	7f78713d39d1	
D-TAKE-V84	String	String.wz/MonsterBook.img	String.wz/MonsterBook.img/8140102	v84	OK-UNCHANGED	REAL	v84+his-additive	7bee66fe0580	7bee66fe0580	28032bc2865c	53b5a3d7bcee	
D-TAKE-V84	String	String.wz/MonsterBook.img	String.wz/MonsterBook.img/8140103	v84	OK-UNCHANGED	REAL	v84+his-additive	6d0f7cf50495	6d0f7cf50495	b232ed11b5fa	fda8491d6af8	
D-TAKE-V84	String	String.wz/MonsterBook.img	String.wz/MonsterBook.img/8140111	v84	OK-UNCHANGED	REAL	v84+his-additive	360d73ce61da	360d73ce61da	b1a5037f2c0d	3b913cc1fbc2	
D-TAKE-V84	String	String.wz/MonsterBook.img	String.wz/MonsterBook.img/8140200	v84	OK-UNCHANGED	REAL	v84+his-additive	df1571f632d1	df1571f632d1	a8f46bd31d7c	228bda9d8981	
D-TAKE-V84	String	String.wz/MonsterBook.img	String.wz/MonsterBook.img/8140300	v84	OK-UNCHANGED	REAL	v84	dacadc55d43f	dacadc55d43f	3095aad3a932	dacadc55d43f	
D-TAKE-V84	String	String.wz/MonsterBook.img	String.wz/MonsterBook.img/8140500	v84	OK-UNCHANGED	REAL	v84	47ae7f9e4837	47ae7f9e4837	66b4555d4386	47ae7f9e4837	
D-TAKE-V84	String	String.wz/MonsterBook.img	String.wz/MonsterBook.img/8140600	v84	OK-UNCHANGED	REAL	v84	f0dfd8ddbd2e	f0dfd8ddbd2e	16b4c417ad5d	f0dfd8ddbd2e	
D-TAKE-V84	String	String.wz/MonsterBook.img	String.wz/MonsterBook.img/8140700	v84	OK-UNCHANGED	REAL	v84	ed609bd17a08	ed609bd17a08	99c63f641cde	ed609bd17a08	
D-TAKE-V84	String	String.wz/MonsterBook.img	String.wz/MonsterBook.img/8140701	v84	OK-UNCHANGED	REAL	v84	c876e8240a95	c876e8240a95	a3255a7894e2	c876e8240a95	
D-TAKE-V84	String	String.wz/MonsterBook.img	String.wz/MonsterBook.img/8140702	v84	OK-UNCHANGED	REAL	v84	cd08791c1739	cd08791c1739	7ab04eb0edaf	cd08791c1739	
D-TAKE-V84	String	String.wz/MonsterBook.img	String.wz/MonsterBook.img/8141000	v84	OK-UNCHANGED	REAL	v84	0037c3930b3d	0037c3930b3d	108dd88307ef	0037c3930b3d	
D-TAKE-V84	String	String.wz/MonsterBook.img	String.wz/MonsterBook.img/8141100	v84	OK-UNCHANGED	REAL	v84+his-additive	6d747fb68e82	6d747fb68e82	1611eb6b2c6f	577069764653	
D-TAKE-V84	String	String.wz/MonsterBook.img	String.wz/MonsterBook.img/8141300	v84	OK-UNCHANGED	REAL	v84	5bb07dfe0b5a	5bb07dfe0b5a	1ac3af3ca0bd	5bb07dfe0b5a	
D-TAKE-V84	String	String.wz/MonsterBook.img	String.wz/MonsterBook.img/8142000	v84	OK-UNCHANGED	REAL	v84+his-additive	2a36f350c04c	2a36f350c04c	8152a3d84f7f	f177eabecf76	
D-TAKE-V84	String	String.wz/MonsterBook.img	String.wz/MonsterBook.img/8142100	v84	OK-UNCHANGED	REAL	v84	81fc6a0df990	81fc6a0df990	65142be30506	81fc6a0df990	
D-TAKE-V84	String	String.wz/MonsterBook.img	String.wz/MonsterBook.img/8143000	v84	OK-UNCHANGED	REAL	v84+his-additive	5f2e15fba5b6	5f2e15fba5b6	c7b2af276b41	fa1ea9e8726d	
D-TAKE-V84	String	String.wz/MonsterBook.img	String.wz/MonsterBook.img/8150100	v84	OK-UNCHANGED	REAL	v84	989b6e63a93a	989b6e63a93a	a7bae7de24c3	989b6e63a93a	
D-TAKE-V84	String	String.wz/MonsterBook.img	String.wz/MonsterBook.img/8150101	v84	OK-UNCHANGED	REAL	v84	a721110630df	a721110630df	355c06823716	a721110630df	
D-TAKE-V84	String	String.wz/MonsterBook.img	String.wz/MonsterBook.img/8150200	v84	OK-UNCHANGED	REAL	v84	155bb325a333	155bb325a333	4142f3d3101a	155bb325a333	
D-TAKE-V84	String	String.wz/MonsterBook.img	String.wz/MonsterBook.img/8150201	v84	OK-UNCHANGED	REAL	v84	84f2295d35af	84f2295d35af	ec870848c6e5	84f2295d35af	
D-TAKE-V84	String	String.wz/MonsterBook.img	String.wz/MonsterBook.img/8150300	v84	OK-UNCHANGED	REAL	v84+his-additive	0cac056d8e49	0cac056d8e49	b818362f9a2c	eb56274c120c	
D-TAKE-V84	String	String.wz/MonsterBook.img	String.wz/MonsterBook.img/8150301	v84	OK-UNCHANGED	REAL	v84	e4a7e1f60364	e4a7e1f60364	8926e058b4d1	e4a7e1f60364	
D-TAKE-V84	String	String.wz/MonsterBook.img	String.wz/MonsterBook.img/8150302	v84	OK-UNCHANGED	REAL	v84	aa0079597641	aa0079597641	1ec620332bbb	aa0079597641	
D-TAKE-V84	String	String.wz/MonsterBook.img	String.wz/MonsterBook.img/8160000	v84	OK-UNCHANGED	REAL	v84	6a128d942090	6a128d942090	ba0ba6fe6075	6a128d942090	
D-TAKE-V84	String	String.wz/MonsterBook.img	String.wz/MonsterBook.img/8170000	v84	OK-UNCHANGED	REAL	v84	e22f9d49bda7	e22f9d49bda7	9adc2ee17020	e22f9d49bda7	
D-TAKE-V84	String	String.wz/MonsterBook.img	String.wz/MonsterBook.img/8180000	v84	OK-UNCHANGED	REAL	v84	76c4eb4d7432	76c4eb4d7432	9da0cdf7e44d	76c4eb4d7432	
D-TAKE-V84	String	String.wz/MonsterBook.img	String.wz/MonsterBook.img/8180001	v84	OK-UNCHANGED	REAL	v84	37f8c1321c24	37f8c1321c24	5121abb2ee4f	37f8c1321c24	
D-TAKE-V84	String	String.wz/MonsterBook.img	String.wz/MonsterBook.img/8190000	v84	OK-UNCHANGED	REAL	v84	038d13a392af	038d13a392af	b9ea3a55285d	038d13a392af	
D-TAKE-V84	String	String.wz/MonsterBook.img	String.wz/MonsterBook.img/8190002	v84	OK-UNCHANGED	REAL	v84	903a3057b909	903a3057b909	216a7e6441f8	903a3057b909	
D-TAKE-V84	String	String.wz/MonsterBook.img	String.wz/MonsterBook.img/8190003	v84	OK-UNCHANGED	REAL	v84	af9660ce8f83	af9660ce8f83	7f497e59637e	af9660ce8f83	
D-TAKE-V84	String	String.wz/MonsterBook.img	String.wz/MonsterBook.img/8190004	v84	OK-UNCHANGED	REAL	v84	46c36c586005	46c36c586005	98d8f1c53ff2	46c36c586005	
D-TAKE-V84	String	String.wz/MonsterBook.img	String.wz/MonsterBook.img/8200000	v84	OK-UNCHANGED	REAL	v84	5367056622f2	5367056622f2	73b3ac0c127f	5367056622f2	
D-TAKE-V84	String	String.wz/MonsterBook.img	String.wz/MonsterBook.img/8200001	v84	OK-UNCHANGED	REAL	v84+his-additive	d5b40e438692	d5b40e438692	c009d4b48cd9	6bfb117eef48	
D-TAKE-V84	String	String.wz/MonsterBook.img	String.wz/MonsterBook.img/8200002	v84	OK-UNCHANGED	REAL	v84	0e9ae79b277f	0e9ae79b277f	bef8d499804b	0e9ae79b277f	
D-TAKE-V84	String	String.wz/MonsterBook.img	String.wz/MonsterBook.img/8200003	v84	OK-UNCHANGED	REAL	v84	99e6c8e4e639	99e6c8e4e639	70fd0eeb5d26	99e6c8e4e639	
D-TAKE-V84	String	String.wz/MonsterBook.img	String.wz/MonsterBook.img/8200004	v84	OK-UNCHANGED	REAL	v84	5eda2e6ed81f	5eda2e6ed81f	46b952c09e5e	5eda2e6ed81f	
D-TAKE-V84	String	String.wz/MonsterBook.img	String.wz/MonsterBook.img/8200005	v84	OK-UNCHANGED	REAL	v84	7611f1268765	7611f1268765	525927fd96ec	7611f1268765	
D-TAKE-V84	String	String.wz/MonsterBook.img	String.wz/MonsterBook.img/8200006	v84	OK-UNCHANGED	REAL	v84	64a8d13c0d5f	64a8d13c0d5f	5b0a10258c5b	64a8d13c0d5f	
D-TAKE-V84	String	String.wz/MonsterBook.img	String.wz/MonsterBook.img/8200007	v84	OK-UNCHANGED	REAL	v84	5a17f866389c	5a17f866389c	d2c222df9d92	5a17f866389c	
D-TAKE-V84	String	String.wz/MonsterBook.img	String.wz/MonsterBook.img/8200008	v84	OK-UNCHANGED	REAL	v84	096836c5d59b	096836c5d59b	f4fd341cbbe2	096836c5d59b	
D-TAKE-V84	String	String.wz/MonsterBook.img	String.wz/MonsterBook.img/8200009	v84	OK-UNCHANGED	REAL	v84	76e5a42647d2	76e5a42647d2	d4a648abb4ac	76e5a42647d2	
D-TAKE-V84	String	String.wz/MonsterBook.img	String.wz/MonsterBook.img/8200010	v84	OK-UNCHANGED	REAL	v84	53f8b235cad8	53f8b235cad8	2cb32da5d518	53f8b235cad8	
D-TAKE-V84	String	String.wz/MonsterBook.img	String.wz/MonsterBook.img/8200011	v84	OK-UNCHANGED	REAL	v84+his-additive	5e7d27a84de1	5e7d27a84de1	e64c2e214ec7	044ccccc411a	
D-TAKE-V84	String	String.wz/MonsterBook.img	String.wz/MonsterBook.img/8200012	v84	OK-UNCHANGED	REAL	v84	5c03b233535d	5c03b233535d	f7d6fb396e4a	5c03b233535d	
D-TAKE-V84	String	String.wz/MonsterBook.img	String.wz/MonsterBook.img/8220003	v84	OK-UNCHANGED	REAL	v84+his-additive	af005d91c8a2	af005d91c8a2	b647acde79ad	1ad1fa0c9454	
D-TAKE-V84	String	String.wz/MonsterBook.img	String.wz/MonsterBook.img/8220004	v84	OK-UNCHANGED	REAL	v84	671d7224962c	671d7224962c	f59db8e0980c	671d7224962c	
D-TAKE-V84	String	String.wz/MonsterBook.img	String.wz/MonsterBook.img/8220005	v84	OK-UNCHANGED	REAL	v84	a3836d0d180a	a3836d0d180a	03d66850c85a	a3836d0d180a	
D-TAKE-V84	String	String.wz/MonsterBook.img	String.wz/MonsterBook.img/8220006	v84	OK-UNCHANGED	REAL	v84+his-additive	ade544483388	ade544483388	fe6460f0449d	a649fe898db7	
D-TAKE-V84	String	String.wz/MonsterBook.img	String.wz/MonsterBook.img/8500002	v84	OK-UNCHANGED	REAL	v84	478c4a17c66a	478c4a17c66a	e03c2774870c	478c4a17c66a	
D-TAKE-V84	String	String.wz/MonsterBook.img	String.wz/MonsterBook.img/8800002	v84	OK-UNCHANGED	REAL	v84+his-additive	a3b15b6c3e2e	a3b15b6c3e2e	beaf52bf570b	9429f9dff3bf	
D-TAKE-V84	String	String.wz/MonsterBook.img	String.wz/MonsterBook.img/8810018	v84	OK-UNCHANGED	REAL	v84	cb1517b7d6f9	cb1517b7d6f9	2b86a21d433c	cb1517b7d6f9	
D-TAKE-V84	String	String.wz/MonsterBook.img	String.wz/MonsterBook.img/8820000	v84	OK-UNCHANGED	REAL	v84+his-additive	c98128b29290	c98128b29290	409722acd405	de016f3c0340	
D-TAKE-V84	String	String.wz/Npc.img	String.wz/Npc.img/2112004	v84	OK-UNCHANGED	REAL	v84	b4e4ef0baf87	b4e4ef0baf87	7cc086fb9b68	b4e4ef0baf87	
D-TAKE-V84	String	String.wz/Npc.img	String.wz/Npc.img/9000021	v84	OK-UNCHANGED	REAL	v84+his-additive	04666ef2dc67	04666ef2dc67	fd566c98ae4e	74afa1c6c65c	
D-TAKE-V84	String	String.wz/Npc.img	String.wz/Npc.img/9110002	v84	OK-UNCHANGED	REAL	v84	8f991cecee6d	8f991cecee6d	7f5b14f49278	8f991cecee6d	
D-TAKE-V84	String	String.wz/Npc.img	String.wz/Npc.img/9901000	v84	OK-UNCHANGED	REAL	v84	d2108aacd649	d2108aacd649	8320cca910aa	d2108aacd649	
D-TAKE-V84	String	String.wz/Npc.img	String.wz/Npc.img/9901001	v84	OK-UNCHANGED	REAL	v84	5f32082d0bcb	5f32082d0bcb	897931d1cfba	5f32082d0bcb	
D-TAKE-V84	String	String.wz/Npc.img	String.wz/Npc.img/9901002	v84	OK-UNCHANGED	REAL	v84	b60194451463	b60194451463	1ef44f215909	b60194451463	
D-TAKE-V84	String	String.wz/Npc.img	String.wz/Npc.img/9901003	v84	OK-UNCHANGED	REAL	v84	e15a1f84235f	e15a1f84235f	08ea9b28ddb5	e15a1f84235f	
D-TAKE-V84	String	String.wz/Npc.img	String.wz/Npc.img/9901004	v84	OK-UNCHANGED	REAL	v84	46770ee3daf8	46770ee3daf8	be7f03d8751c	46770ee3daf8	
D-TAKE-V84	String	String.wz/Npc.img	String.wz/Npc.img/9901005	v84	OK-UNCHANGED	REAL	v84	77d4c820da9c	77d4c820da9c	818afe3b3edc	77d4c820da9c	
D-TAKE-V84	String	String.wz/Npc.img	String.wz/Npc.img/9901006	v84	OK-UNCHANGED	REAL	v84	d3de7dfb990e	d3de7dfb990e	a47e1ecf7c9f	d3de7dfb990e	
D-TAKE-V84	String	String.wz/Npc.img	String.wz/Npc.img/9901007	v84	OK-UNCHANGED	REAL	v84	fdd9ba530c90	fdd9ba530c90	b22ad32162e3	fdd9ba530c90	
D-TAKE-V84	String	String.wz/Npc.img	String.wz/Npc.img/9901008	v84	OK-UNCHANGED	REAL	v84	5bc52fd1501e	5bc52fd1501e	7e3e5c567a85	5bc52fd1501e	
D-TAKE-V84	String	String.wz/Npc.img	String.wz/Npc.img/9901009	v84	OK-UNCHANGED	REAL	v84	ed977ce50b8a	ed977ce50b8a	12196478435b	ed977ce50b8a	
D-TAKE-V84	String	String.wz/Npc.img	String.wz/Npc.img/9901010	v84	OK-UNCHANGED	REAL	v84	4f41131e2c3f	4f41131e2c3f	561d1d2bf1c4	4f41131e2c3f	
D-TAKE-V84	String	String.wz/Npc.img	String.wz/Npc.img/9901011	v84	OK-UNCHANGED	REAL	v84	18122e43eddb	18122e43eddb	e53d605021df	18122e43eddb	
D-TAKE-V84	String	String.wz/Npc.img	String.wz/Npc.img/9901012	v84	OK-UNCHANGED	REAL	v84	183d95049a7d	183d95049a7d	9af3ce83ab13	183d95049a7d	
D-TAKE-V84	String	String.wz/Npc.img	String.wz/Npc.img/9901013	v84	OK-UNCHANGED	REAL	v84	7acf69f9a00d	7acf69f9a00d	9b6b30e7f33f	7acf69f9a00d	
D-TAKE-V84	String	String.wz/Npc.img	String.wz/Npc.img/9901014	v84	OK-UNCHANGED	REAL	v84	754ab61d48e5	754ab61d48e5	cb1da49adb0e	754ab61d48e5	
D-TAKE-V84	String	String.wz/Npc.img	String.wz/Npc.img/9901015	v84	OK-UNCHANGED	REAL	v84	e0dcbbee04b5	e0dcbbee04b5	07ca4f2f9bea	e0dcbbee04b5	
D-TAKE-V84	String	String.wz/Npc.img	String.wz/Npc.img/9901016	v84	OK-UNCHANGED	REAL	v84	4fb1990a0e58	4fb1990a0e58	975d47b0401b	4fb1990a0e58	
D-TAKE-V84	String	String.wz/Npc.img	String.wz/Npc.img/9901017	v84	OK-UNCHANGED	REAL	v84	3885ad5385f9	3885ad5385f9	d51236ad8d5d	3885ad5385f9	
D-TAKE-V84	String	String.wz/Npc.img	String.wz/Npc.img/9901018	v84	OK-UNCHANGED	REAL	v84	23f67ddc8668	23f67ddc8668	d7b264b9c5bc	23f67ddc8668	
D-TAKE-V84	String	String.wz/Npc.img	String.wz/Npc.img/9901019	v84	OK-UNCHANGED	REAL	v84	178c9b4172fe	178c9b4172fe	8821f00b61e7	178c9b4172fe	
D-TAKE-V84	String	String.wz/Npc.img	String.wz/Npc.img/9901100	v84	OK-UNCHANGED	REAL	v84	5f0f2f63f380	5f0f2f63f380	2000614a7978	5f0f2f63f380	
D-TAKE-V84	String	String.wz/Npc.img	String.wz/Npc.img/9901101	v84	OK-UNCHANGED	REAL	v84	929a7cc5167c	929a7cc5167c	0850ccfbefd3	929a7cc5167c	
D-TAKE-V84	String	String.wz/Npc.img	String.wz/Npc.img/9901102	v84	OK-UNCHANGED	REAL	v84	33a49c84b882	33a49c84b882	5888b8a5efa3	33a49c84b882	
D-TAKE-V84	String	String.wz/Npc.img	String.wz/Npc.img/9901103	v84	OK-UNCHANGED	REAL	v84	ac18b38885dd	ac18b38885dd	14a51d28ae24	ac18b38885dd	
D-TAKE-V84	String	String.wz/Npc.img	String.wz/Npc.img/9901104	v84	OK-UNCHANGED	REAL	v84	0e171ac79fac	0e171ac79fac	7cd67097fe7e	0e171ac79fac	
D-TAKE-V84	String	String.wz/Npc.img	String.wz/Npc.img/9901105	v84	OK-UNCHANGED	REAL	v84	fe8e98c3a83c	fe8e98c3a83c	8363aebc6ed1	fe8e98c3a83c	
D-TAKE-V84	String	String.wz/Npc.img	String.wz/Npc.img/9901106	v84	OK-UNCHANGED	REAL	v84	c5625bdd0675	c5625bdd0675	a38efe3140fd	c5625bdd0675	
D-TAKE-V84	String	String.wz/Npc.img	String.wz/Npc.img/9901107	v84	OK-UNCHANGED	REAL	v84	200cd992bbb1	200cd992bbb1	d536322c06b9	200cd992bbb1	
D-TAKE-V84	String	String.wz/Npc.img	String.wz/Npc.img/9901108	v84	OK-UNCHANGED	REAL	v84	8ff7840538cc	8ff7840538cc	d6ae7bcd4b2a	8ff7840538cc	
D-TAKE-V84	String	String.wz/Npc.img	String.wz/Npc.img/9901109	v84	OK-UNCHANGED	REAL	v84	062caf7272b3	062caf7272b3	3180d34869cf	062caf7272b3	
D-TAKE-V84	String	String.wz/Npc.img	String.wz/Npc.img/9901110	v84	OK-UNCHANGED	REAL	v84	19468388b06f	19468388b06f	49a508a3b04e	19468388b06f	
D-TAKE-V84	String	String.wz/Npc.img	String.wz/Npc.img/9901111	v84	OK-UNCHANGED	REAL	v84	3224539ce260	3224539ce260	2a9f3e95e626	3224539ce260	
D-TAKE-V84	String	String.wz/Npc.img	String.wz/Npc.img/9901112	v84	OK-UNCHANGED	REAL	v84	b7c575db1952	b7c575db1952	e5c74024d8ae	b7c575db1952	
D-TAKE-V84	String	String.wz/Npc.img	String.wz/Npc.img/9901113	v84	OK-UNCHANGED	REAL	v84	d51a7a480a41	d51a7a480a41	10fbee530344	d51a7a480a41	
D-TAKE-V84	String	String.wz/Npc.img	String.wz/Npc.img/9901114	v84	OK-UNCHANGED	REAL	v84	4bdead7ebfaa	4bdead7ebfaa	2f0db4aa3613	4bdead7ebfaa	
D-TAKE-V84	String	String.wz/Npc.img	String.wz/Npc.img/9901115	v84	OK-UNCHANGED	REAL	v84	279123b6a1da	279123b6a1da	e0f418072bd0	279123b6a1da	
D-TAKE-V84	String	String.wz/Npc.img	String.wz/Npc.img/9901116	v84	OK-UNCHANGED	REAL	v84	8fd65b98d583	8fd65b98d583	e64fe1dfba73	8fd65b98d583	
D-TAKE-V84	String	String.wz/Npc.img	String.wz/Npc.img/9901117	v84	OK-UNCHANGED	REAL	v84	680d98bd6d28	680d98bd6d28	c57fde019179	680d98bd6d28	
D-TAKE-V84	String	String.wz/Npc.img	String.wz/Npc.img/9901118	v84	OK-UNCHANGED	REAL	v84	bc568787a7ec	bc568787a7ec	bc6fba3d13db	bc568787a7ec	
D-TAKE-V84	String	String.wz/Npc.img	String.wz/Npc.img/9901119	v84	OK-UNCHANGED	REAL	v84	26797b64fd31	26797b64fd31	dbf8d17f4522	26797b64fd31	
D-TAKE-V84	String	String.wz/Npc.img	String.wz/Npc.img/9901200	v84	OK-UNCHANGED	REAL	v84	8878f309c2f4	8878f309c2f4	662994985363	8878f309c2f4	
D-TAKE-V84	String	String.wz/Npc.img	String.wz/Npc.img/9901201	v84	OK-UNCHANGED	REAL	v84	c4d4caca358e	c4d4caca358e	7c53ef0597e4	c4d4caca358e	
D-TAKE-V84	String	String.wz/Npc.img	String.wz/Npc.img/9901202	v84	OK-UNCHANGED	REAL	v84	3177adfa5b47	3177adfa5b47	54bc95fd68c0	3177adfa5b47	
D-TAKE-V84	String	String.wz/Npc.img	String.wz/Npc.img/9901203	v84	OK-UNCHANGED	REAL	v84	87973abd3ac2	87973abd3ac2	feb21f884d3f	87973abd3ac2	
D-TAKE-V84	String	String.wz/Npc.img	String.wz/Npc.img/9901204	v84	OK-UNCHANGED	REAL	v84	63a7c424b142	63a7c424b142	937ef8354bc3	63a7c424b142	
D-TAKE-V84	String	String.wz/Npc.img	String.wz/Npc.img/9901205	v84	OK-UNCHANGED	REAL	v84	f24af7426510	f24af7426510	c5f71091e8f9	f24af7426510	
D-TAKE-V84	String	String.wz/Npc.img	String.wz/Npc.img/9901206	v84	OK-UNCHANGED	REAL	v84	6f21e6d0a789	6f21e6d0a789	1ca54747109d	6f21e6d0a789	
D-TAKE-V84	String	String.wz/Npc.img	String.wz/Npc.img/9901207	v84	OK-UNCHANGED	REAL	v84	bb0765c5aff1	bb0765c5aff1	74a54823d706	bb0765c5aff1	
D-TAKE-V84	String	String.wz/Npc.img	String.wz/Npc.img/9901208	v84	OK-UNCHANGED	REAL	v84	9a7d93c2df56	9a7d93c2df56	e65e1496d8f8	9a7d93c2df56	
D-TAKE-V84	String	String.wz/Npc.img	String.wz/Npc.img/9901209	v84	OK-UNCHANGED	REAL	v84	2c66aa47c140	2c66aa47c140	0133e2dbe828	2c66aa47c140	
D-TAKE-V84	String	String.wz/Npc.img	String.wz/Npc.img/9901210	v84	OK-UNCHANGED	REAL	v84	e8d24bb93b5e	e8d24bb93b5e	5e3954bc2792	e8d24bb93b5e	
D-TAKE-V84	String	String.wz/Npc.img	String.wz/Npc.img/9901211	v84	OK-UNCHANGED	REAL	v84	208d0a47e3e4	208d0a47e3e4	a9da89a41439	208d0a47e3e4	
D-TAKE-V84	String	String.wz/Npc.img	String.wz/Npc.img/9901212	v84	OK-UNCHANGED	REAL	v84	0a4e0b0c3c5e	0a4e0b0c3c5e	e5b4321aa1ad	0a4e0b0c3c5e	
D-TAKE-V84	String	String.wz/Npc.img	String.wz/Npc.img/9901213	v84	OK-UNCHANGED	REAL	v84	2361cbd0d5f2	2361cbd0d5f2	2f534ffc3039	2361cbd0d5f2	
D-TAKE-V84	String	String.wz/Npc.img	String.wz/Npc.img/9901214	v84	OK-UNCHANGED	REAL	v84	aeca4162b96e	aeca4162b96e	1864f540a492	aeca4162b96e	
D-TAKE-V84	String	String.wz/Npc.img	String.wz/Npc.img/9901215	v84	OK-UNCHANGED	REAL	v84	883de5330e40	883de5330e40	033769a4c61a	883de5330e40	
D-TAKE-V84	String	String.wz/Npc.img	String.wz/Npc.img/9901216	v84	OK-UNCHANGED	REAL	v84	a9891283d107	a9891283d107	7664b7afd9a6	a9891283d107	
D-TAKE-V84	String	String.wz/Npc.img	String.wz/Npc.img/9901217	v84	OK-UNCHANGED	REAL	v84	d0373defb370	d0373defb370	d419d2abb741	d0373defb370	
D-TAKE-V84	String	String.wz/Npc.img	String.wz/Npc.img/9901218	v84	OK-UNCHANGED	REAL	v84	a3f679dd2ad4	a3f679dd2ad4	6cebe5fc6745	a3f679dd2ad4	
D-TAKE-V84	String	String.wz/Npc.img	String.wz/Npc.img/9901219	v84	OK-UNCHANGED	REAL	v84	43e1f5d23e01	43e1f5d23e01	84852d0f977c	43e1f5d23e01	
D-TAKE-V84	String	String.wz/Npc.img	String.wz/Npc.img/9901300	v84	OK-UNCHANGED	REAL	v84	ae05bf2140c9	ae05bf2140c9	45d11aede540	ae05bf2140c9	
D-TAKE-V84	String	String.wz/Npc.img	String.wz/Npc.img/9901301	v84	OK-UNCHANGED	REAL	v84	634efcd044a3	634efcd044a3	8b44e78936b5	634efcd044a3	
D-TAKE-V84	String	String.wz/Npc.img	String.wz/Npc.img/9901302	v84	OK-UNCHANGED	REAL	v84	6a939b063204	6a939b063204	bfd24435fc7d	6a939b063204	
D-TAKE-V84	String	String.wz/Npc.img	String.wz/Npc.img/9901303	v84	OK-UNCHANGED	REAL	v84	d8fad53fbb7c	d8fad53fbb7c	8d2e09e75b56	d8fad53fbb7c	
D-TAKE-V84	String	String.wz/Npc.img	String.wz/Npc.img/9901304	v84	OK-UNCHANGED	REAL	v84	aa897fa4dd73	aa897fa4dd73	c28070c6f64b	aa897fa4dd73	
D-TAKE-V84	String	String.wz/Npc.img	String.wz/Npc.img/9901305	v84	OK-UNCHANGED	REAL	v84	c5aa5eb127ed	c5aa5eb127ed	d78d30496d48	c5aa5eb127ed	
D-TAKE-V84	String	String.wz/Npc.img	String.wz/Npc.img/9901306	v84	OK-UNCHANGED	REAL	v84	570d0c409deb	570d0c409deb	a5cfe9379d3c	570d0c409deb	
D-TAKE-V84	String	String.wz/Npc.img	String.wz/Npc.img/9901307	v84	OK-UNCHANGED	REAL	v84	f5784d0fe0b2	f5784d0fe0b2	4e857abdd21f	f5784d0fe0b2	
D-TAKE-V84	String	String.wz/Npc.img	String.wz/Npc.img/9901308	v84	OK-UNCHANGED	REAL	v84	54dd135559d0	54dd135559d0	5d72a8e88c55	54dd135559d0	
D-TAKE-V84	String	String.wz/Npc.img	String.wz/Npc.img/9901309	v84	OK-UNCHANGED	REAL	v84	cc73411249cc	cc73411249cc	95da779ef5ac	cc73411249cc	
D-TAKE-V84	String	String.wz/Npc.img	String.wz/Npc.img/9901310	v84	OK-UNCHANGED	REAL	v84	7b77b691d671	7b77b691d671	5f26192cbae3	7b77b691d671	
D-TAKE-V84	String	String.wz/Npc.img	String.wz/Npc.img/9901311	v84	OK-UNCHANGED	REAL	v84	4b42611d668b	4b42611d668b	cb63c96b5f92	4b42611d668b	
D-TAKE-V84	String	String.wz/Npc.img	String.wz/Npc.img/9901312	v84	OK-UNCHANGED	REAL	v84	81314d78dfb6	81314d78dfb6	4cce9b6b0476	81314d78dfb6	
D-TAKE-V84	String	String.wz/Npc.img	String.wz/Npc.img/9901313	v84	OK-UNCHANGED	REAL	v84	1c22a0e64728	1c22a0e64728	a9fc172a0bf3	1c22a0e64728	
D-TAKE-V84	String	String.wz/Npc.img	String.wz/Npc.img/9901314	v84	OK-UNCHANGED	REAL	v84	5208027cb6f3	5208027cb6f3	5dfacd69e434	5208027cb6f3	
D-TAKE-V84	String	String.wz/Npc.img	String.wz/Npc.img/9901315	v84	OK-UNCHANGED	REAL	v84	31c13e939d6b	31c13e939d6b	b100d74b3a9c	31c13e939d6b	
D-TAKE-V84	String	String.wz/Npc.img	String.wz/Npc.img/9901316	v84	OK-UNCHANGED	REAL	v84	bffe679502ea	bffe679502ea	d6e0cd1e0d7a	bffe679502ea	
D-TAKE-V84	String	String.wz/Npc.img	String.wz/Npc.img/9901317	v84	OK-UNCHANGED	REAL	v84	040bc7b15efd	040bc7b15efd	c987b8840eff	040bc7b15efd	
D-TAKE-V84	String	String.wz/Npc.img	String.wz/Npc.img/9901318	v84	OK-UNCHANGED	REAL	v84	a4efdf2c78ed	a4efdf2c78ed	b8382cb09875	a4efdf2c78ed	
D-TAKE-V84	String	String.wz/Npc.img	String.wz/Npc.img/9901319	v84	OK-UNCHANGED	REAL	v84	10bd487cf450	10bd487cf450	7ce88610d5a8	10bd487cf450	
D-TAKE-V84	String	String.wz/Npc.img	String.wz/Npc.img/9901500	v84	OK-UNCHANGED	REAL	v84+his-additive	3286cee40617	3286cee40617	8cdf0e45f105	3de2d52293e3	
D-TAKE-V84	String	String.wz/Npc.img	String.wz/Npc.img/9901501	v84	OK-UNCHANGED	REAL	v84+his-additive	3436b5299b6b	3436b5299b6b	c269e15e45a5	e498850782c0	
D-TAKE-V84	String	String.wz/Npc.img	String.wz/Npc.img/9901502	v84	OK-UNCHANGED	REAL	v84+his-additive	98f2ae908ac2	98f2ae908ac2	fe43854ee0a4	b0fa1eef3d73	
D-TAKE-V84	String	String.wz/Npc.img	String.wz/Npc.img/9901503	v84	OK-UNCHANGED	REAL	v84+his-additive	d5fc56908336	d5fc56908336	ceff38e50b5c	1414dae5b91d	
D-TAKE-V84	String	String.wz/Npc.img	String.wz/Npc.img/9901504	v84	OK-UNCHANGED	REAL	v84+his-additive	08da05a5d854	08da05a5d854	e42a7488f1e9	4a04e369f42e	
D-TAKE-V84	String	String.wz/Npc.img	String.wz/Npc.img/9901505	v84	OK-UNCHANGED	REAL	v84+his-additive	8b09bcaf72f9	8b09bcaf72f9	de71ac81cb32	4fec031c1d12	
D-TAKE-V84	String	String.wz/Npc.img	String.wz/Npc.img/9901506	v84	OK-UNCHANGED	REAL	v84+his-additive	3eb054b68c52	3eb054b68c52	f2673914a09d	867c27286bbf	
D-TAKE-V84	String	String.wz/Npc.img	String.wz/Npc.img/9901507	v84	OK-UNCHANGED	REAL	v84+his-additive	07c118d1f2c5	07c118d1f2c5	be71c70ed50a	20b3405fa64b	
D-TAKE-V84	String	String.wz/Npc.img	String.wz/Npc.img/9901508	v84	OK-UNCHANGED	REAL	v84+his-additive	7e4b4f4692f2	7e4b4f4692f2	bd8266bec423	c7f46255ae62	
D-TAKE-V84	String	String.wz/Npc.img	String.wz/Npc.img/9901509	v84	OK-UNCHANGED	REAL	v84+his-additive	5c72307a50a4	5c72307a50a4	86bf7d42fead	858d2dfa551c	
D-TAKE-V84	String	String.wz/Npc.img	String.wz/Npc.img/9901510	v84	OK-UNCHANGED	REAL	v84+his-additive	c4430dcd3394	c4430dcd3394	c5563d682f8b	4dadb4b355a3	
D-TAKE-V84	String	String.wz/Npc.img	String.wz/Npc.img/9901511	v84	OK-UNCHANGED	REAL	v84+his-additive	d0142cc605e1	d0142cc605e1	31d1d858cb6b	d57aa23232a3	
D-TAKE-V84	String	String.wz/Npc.img	String.wz/Npc.img/9901512	v84	OK-UNCHANGED	REAL	v84+his-additive	a726cff37eca	a726cff37eca	0229a64adbb4	7609590350c7	
D-TAKE-V84	String	String.wz/Npc.img	String.wz/Npc.img/9901513	v84	OK-UNCHANGED	REAL	v84+his-additive	bc8d9eebc8a2	bc8d9eebc8a2	e0fce5d37810	7f44ca849aee	
D-TAKE-V84	String	String.wz/Npc.img	String.wz/Npc.img/9901514	v84	OK-UNCHANGED	REAL	v84+his-additive	d3df37439ae8	d3df37439ae8	82be206d4cdf	8f549af8d822	
D-TAKE-V84	String	String.wz/Npc.img	String.wz/Npc.img/9901515	v84	OK-UNCHANGED	REAL	v84+his-additive	674ad664cd59	674ad664cd59	2db3442bb2f3	1f0353957633	
D-TAKE-V84	String	String.wz/Npc.img	String.wz/Npc.img/9901516	v84	OK-UNCHANGED	REAL	v84+his-additive	1219de0e449d	1219de0e449d	718aa99605a0	ee525cc9af22	
D-TAKE-V84	String	String.wz/Npc.img	String.wz/Npc.img/9901517	v84	OK-UNCHANGED	REAL	v84+his-additive	5235060cbf8e	5235060cbf8e	edd39f76a8ab	9ad57a3a67c6	
D-TAKE-V84	String	String.wz/Npc.img	String.wz/Npc.img/9901518	v84	OK-UNCHANGED	REAL	v84+his-additive	e86ebabec851	e86ebabec851	67b803f5025a	93b2439f5000	
D-TAKE-V84	String	String.wz/Npc.img	String.wz/Npc.img/9901519	v84	OK-UNCHANGED	REAL	v84+his-additive	9d4dd5d91b94	9d4dd5d91b94	1c51a2b5fa27	e0d0157d437c	
D-TAKE-V84	String	String.wz/Npc.img	String.wz/Npc.img/9901520	v84	OK-UNCHANGED	REAL	v84+his-additive	cdc6fa20c12c	cdc6fa20c12c	32c92c3d4082	58921ea7ed2c	
D-TAKE-V84	String	String.wz/Npc.img	String.wz/Npc.img/9901521	v84	OK-UNCHANGED	REAL	v84+his-additive	8a5acbde3e63	8a5acbde3e63	8bdf57a1ea76	b506732274b7	
D-TAKE-V84	String	String.wz/Npc.img	String.wz/Npc.img/9901522	v84	OK-UNCHANGED	REAL	v84+his-additive	80ff613ee690	80ff613ee690	eb2f71b097e6	29a93b01fdf5	
D-TAKE-V84	String	String.wz/Npc.img	String.wz/Npc.img/9901523	v84	OK-UNCHANGED	REAL	v84+his-additive	6168494ae7d3	6168494ae7d3	a2d1abfc9fbe	e809d15ed593	
D-TAKE-V84	String	String.wz/Npc.img	String.wz/Npc.img/9901524	v84	OK-UNCHANGED	REAL	v84+his-additive	426f33709231	426f33709231	cdbe6253211a	d770a1797333	
D-TAKE-V84	String	String.wz/Npc.img	String.wz/Npc.img/9901525	v84	OK-UNCHANGED	REAL	v84+his-additive	3a59c77c25f7	3a59c77c25f7	53971ab221fc	b15b76a69826	
D-TAKE-V84	String	String.wz/Npc.img	String.wz/Npc.img/9901526	v84	OK-UNCHANGED	REAL	v84+his-additive	efabb5cc550e	efabb5cc550e	90b466e7450a	531fbef807c3	
D-TAKE-V84	String	String.wz/Npc.img	String.wz/Npc.img/9901527	v84	OK-UNCHANGED	REAL	v84+his-additive	c2f5d6d7a90b	c2f5d6d7a90b	d1343748a397	7cbc8f9f9d3a	
D-TAKE-V84	String	String.wz/Npc.img	String.wz/Npc.img/9901528	v84	OK-UNCHANGED	REAL	v84+his-additive	3b84c2f7d8ab	3b84c2f7d8ab	b541fc57b96c	47fe522553ae	
D-TAKE-V84	String	String.wz/Npc.img	String.wz/Npc.img/9901529	v84	OK-UNCHANGED	REAL	v84+his-additive	e3cb8157bce4	e3cb8157bce4	e895e6b61a58	2614da7a73dc	
D-TAKE-V84	String	String.wz/Npc.img	String.wz/Npc.img/9901530	v84	OK-UNCHANGED	REAL	v84+his-additive	aa30197962a9	aa30197962a9	1037d8f412a4	cbc97f6c2541	
D-TAKE-V84	String	String.wz/Npc.img	String.wz/Npc.img/9901531	v84	OK-UNCHANGED	REAL	v84+his-additive	b5d777e466a6	b5d777e466a6	38ab9be4dd7f	4df84b40363f	
D-TAKE-V84	String	String.wz/Npc.img	String.wz/Npc.img/9901532	v84	OK-UNCHANGED	REAL	v84+his-additive	2533fca30609	2533fca30609	c49bb105a128	a29b8fb39b0e	
D-TAKE-V84	String	String.wz/Npc.img	String.wz/Npc.img/9901533	v84	OK-UNCHANGED	REAL	v84+his-additive	0300c6a718c5	0300c6a718c5	6395ec068c26	dad9ce9a5354	
D-TAKE-V84	String	String.wz/Npc.img	String.wz/Npc.img/9901534	v84	OK-UNCHANGED	REAL	v84+his-additive	695d7bed2670	695d7bed2670	08c60d7b5eb9	079e680281b4	
D-TAKE-V84	String	String.wz/Npc.img	String.wz/Npc.img/9901535	v84	OK-UNCHANGED	REAL	v84+his-additive	b9f037144e1b	b9f037144e1b	da5a444bd08a	a8759c09e077	
D-TAKE-V84	String	String.wz/Npc.img	String.wz/Npc.img/9901536	v84	OK-UNCHANGED	REAL	v84+his-additive	b0745e368e36	b0745e368e36	c91eca7f6985	dd39010bbcd4	
D-TAKE-V84	String	String.wz/Npc.img	String.wz/Npc.img/9901537	v84	OK-UNCHANGED	REAL	v84+his-additive	19d2a47d462f	19d2a47d462f	8b16bbf2e734	63b8bab32bba	
D-TAKE-V84	String	String.wz/Npc.img	String.wz/Npc.img/9901538	v84	OK-UNCHANGED	REAL	v84+his-additive	065063f46c09	065063f46c09	f0ba4b448b74	b3ff246b00a2	
D-TAKE-V84	String	String.wz/Npc.img	String.wz/Npc.img/9901539	v84	OK-UNCHANGED	REAL	v84+his-additive	ac54406fa8dd	ac54406fa8dd	beaa4779bb9e	2687dfed65ef	
D-TAKE-V84	String	String.wz/Npc.img	String.wz/Npc.img/9901540	v84	OK-UNCHANGED	REAL	v84+his-additive	8a00f99dfdf5	8a00f99dfdf5	3bbb71811146	1296d08d882b	
D-TAKE-V84	String	String.wz/Npc.img	String.wz/Npc.img/9901541	v84	OK-UNCHANGED	REAL	v84+his-additive	6e51db9d416e	6e51db9d416e	63e0ced798eb	88ddd8539dec	
D-TAKE-V84	String	String.wz/Npc.img	String.wz/Npc.img/9901542	v84	OK-UNCHANGED	REAL	v84+his-additive	6e9867da4ee8	6e9867da4ee8	d6ec0dbb7dc8	285c2ba1d8d8	
D-TAKE-V84	String	String.wz/Npc.img	String.wz/Npc.img/9901543	v84	OK-UNCHANGED	REAL	v84+his-additive	6fbf0ad5cc01	6fbf0ad5cc01	34f69c868a2a	20a0ffef7b86	
D-TAKE-V84	String	String.wz/Npc.img	String.wz/Npc.img/9901544	v84	OK-UNCHANGED	REAL	v84+his-additive	4e4f1cbbc10e	4e4f1cbbc10e	242796b84f40	5d65873c6d18	
D-TAKE-V84	String	String.wz/Npc.img	String.wz/Npc.img/9901545	v84	OK-UNCHANGED	REAL	v84+his-additive	7084dd6f69a0	7084dd6f69a0	74970876e30e	d06c2d382e99	
D-TAKE-V84	String	String.wz/Npc.img	String.wz/Npc.img/9901546	v84	OK-UNCHANGED	REAL	v84+his-additive	1bebb0f22f41	1bebb0f22f41	fe1cb428ed54	50228374f545	
D-TAKE-V84	String	String.wz/Npc.img	String.wz/Npc.img/9901547	v84	OK-UNCHANGED	REAL	v84+his-additive	cdb7d93eb08c	cdb7d93eb08c	35f317b73c3e	4cfd3c1296c0	
D-TAKE-V84	String	String.wz/Npc.img	String.wz/Npc.img/9901548	v84	OK-UNCHANGED	REAL	v84+his-additive	16a5559a8ae7	16a5559a8ae7	d4c85b391534	82c7f3b3bfb2	
D-TAKE-V84	String	String.wz/Npc.img	String.wz/Npc.img/9901549	v84	OK-UNCHANGED	REAL	v84+his-additive	f7b3f6cf3488	f7b3f6cf3488	c6a77ba58f2c	317c5a0b374e	
D-TAKE-V84	String	String.wz/Npc.img	String.wz/Npc.img/9901550	v84	OK-UNCHANGED	REAL	v84+his-additive	f2205a2eb228	f2205a2eb228	e6a96fec1ebf	a286661e6cb8	
D-TAKE-V84	String	String.wz/Npc.img	String.wz/Npc.img/9901551	v84	OK-UNCHANGED	REAL	v84+his-additive	4bd3ee7e78de	4bd3ee7e78de	942bb12378dd	0b32481da6b6	
D-TAKE-V84	String	String.wz/Npc.img	String.wz/Npc.img/9901910	v84	OK-UNCHANGED	REAL	v84+his-additive	6a089c2d69fa	6a089c2d69fa	f6aa4aeeba10	fa91cba56841	
D-TAKE-V84	String	String.wz/Npc.img	String.wz/Npc.img/9901911	v84	OK-UNCHANGED	REAL	v84+his-additive	881608ea1bd6	881608ea1bd6	5ff1654fcac7	ba2ae146cf5e	
D-TAKE-V84	String	String.wz/Npc.img	String.wz/Npc.img/9901912	v84	OK-UNCHANGED	REAL	v84+his-additive	94f45b7c37be	94f45b7c37be	90f62532a747	be674236e532	
D-TAKE-V84	String	String.wz/Npc.img	String.wz/Npc.img/9901913	v84	OK-UNCHANGED	REAL	v84+his-additive	7305aca55bb5	7305aca55bb5	3f5fc417eee2	bec17f32fd09	
D-TAKE-V84	String	String.wz/Npc.img	String.wz/Npc.img/9901914	v84	OK-UNCHANGED	REAL	v84+his-additive	c1cc2b988b89	c1cc2b988b89	7bf7d6176439	2ddca08e67ba	
D-TAKE-V84	String	String.wz/Npc.img	String.wz/Npc.img/9901915	v84	OK-UNCHANGED	REAL	v84+his-additive	82aea49a4604	82aea49a4604	82aa4f8a6f47	b708de7b41df	
D-TAKE-V84	String	String.wz/Npc.img	String.wz/Npc.img/9901916	v84	OK-UNCHANGED	REAL	v84+his-additive	0189f87f835f	0189f87f835f	043170e99088	92b38cf31f50	
D-TAKE-V84	String	String.wz/Npc.img	String.wz/Npc.img/9901917	v84	OK-UNCHANGED	REAL	v84+his-additive	b1fa44266d4a	b1fa44266d4a	b2af94df155a	af87e85c1745	
D-TAKE-V84	String	String.wz/Npc.img	String.wz/Npc.img/9901918	v84	OK-UNCHANGED	REAL	v84+his-additive	3c0d0ad5dcd8	3c0d0ad5dcd8	8009ec86d521	d59b1c969dea	
D-TAKE-V84	String	String.wz/Npc.img	String.wz/Npc.img/9901919	v84	OK-UNCHANGED	REAL	v84+his-additive	ad89ea64b852	ad89ea64b852	a6eb8697a05b	7db906423320	
D-TAKE-V84	String	String.wz/Skill.img	String.wz/Skill.img/2001	v84	OK-UNCHANGED-VACUOUS	VACUOUS	v84	1df4383a0a87	1df4383a0a87	1df4383a0a87	1df4383a0a87	
D-TAKE-V84	String	String.wz/Skill.img	String.wz/Skill.img/20010012	v84	OK-UNCHANGED-VACUOUS	VACUOUS	v84	475bb2c3fdb9	475bb2c3fdb9	475bb2c3fdb9	475bb2c3fdb9	
D-TAKE-V84	String	String.wz/Skill.img	String.wz/Skill.img/20011000	v84	OK-UNCHANGED-VACUOUS	VACUOUS	v84	5b91418797fd	5b91418797fd	5b91418797fd	5b91418797fd	
D-TAKE-V84	String	String.wz/Skill.img	String.wz/Skill.img/20011001	v84	OK-UNCHANGED-VACUOUS	VACUOUS	v84	d85aa8752e25	d85aa8752e25	d85aa8752e25	d85aa8752e25	
D-TAKE-V84	String	String.wz/Skill.img	String.wz/Skill.img/20011002	v84	OK-UNCHANGED-VACUOUS	VACUOUS	v84	5ede82be6a85	5ede82be6a85	5ede82be6a85	5ede82be6a85	
D-TAKE-V84	String	String.wz/Skill.img	String.wz/Skill.img/20011003	v84	OK-UNCHANGED-VACUOUS	VACUOUS	v84	588b438f0e5b	588b438f0e5b	588b438f0e5b	588b438f0e5b	
D-TAKE-V84	String	String.wz/Skill.img	String.wz/Skill.img/20011004	v84	OK-UNCHANGED-VACUOUS	VACUOUS	v84	aa041912b011	aa041912b011	aa041912b011	aa041912b011	
D-TAKE-V84	String	String.wz/Skill.img	String.wz/Skill.img/20011005	v84	OK-UNCHANGED-VACUOUS	VACUOUS	v84	3b0c31680d52	3b0c31680d52	3b0c31680d52	3b0c31680d52	
D-TAKE-V84	String	String.wz/Skill.img	String.wz/Skill.img/20011006	v84	OK-UNCHANGED-VACUOUS	VACUOUS	v84	719ae9be8459	719ae9be8459	719ae9be8459	719ae9be8459	
D-TAKE-V84	String	String.wz/Skill.img	String.wz/Skill.img/20011007	v84	OK-UNCHANGED-VACUOUS	VACUOUS	v84	48a44ee971ab	48a44ee971ab	48a44ee971ab	48a44ee971ab	
D-TAKE-V84	String	String.wz/Skill.img	String.wz/Skill.img/20011009	v84	OK-UNCHANGED-VACUOUS	VACUOUS	v84	cb6fd8d5c28f	cb6fd8d5c28f	cb6fd8d5c28f	cb6fd8d5c28f	
D-TAKE-V84	String	String.wz/Skill.img	String.wz/Skill.img/20011010	v84	OK-UNCHANGED-VACUOUS	VACUOUS	v84	787a6837f5e6	787a6837f5e6	787a6837f5e6	787a6837f5e6	
D-TAKE-V84	String	String.wz/Skill.img	String.wz/Skill.img/20011011	v84	OK-UNCHANGED-VACUOUS	VACUOUS	v84	8f90a9e93391	8f90a9e93391	8f90a9e93391	8f90a9e93391	
D-TAKE-V84	String	String.wz/Skill.img	String.wz/Skill.img/20011018	v84	OK-UNCHANGED-VACUOUS	VACUOUS	v84	68c3bad6807c	68c3bad6807c	68c3bad6807c	68c3bad6807c	
D-TAKE-V84	String	String.wz/Skill.img	String.wz/Skill.img/20011019	v84	OK-UNCHANGED-VACUOUS	VACUOUS	v84	2c353cfed979	2c353cfed979	2c353cfed979	2c353cfed979	
D-TAKE-V84	String	String.wz/Skill.img	String.wz/Skill.img/20011020	v84	OK-UNCHANGED-VACUOUS	VACUOUS	v84	41508afdc1cb	41508afdc1cb	41508afdc1cb	41508afdc1cb	
D-TAKE-V84	String	String.wz/Skill.img	String.wz/Skill.img/20011025	v84	OK-UNCHANGED-VACUOUS	VACUOUS	v84	055469a9b0b6	055469a9b0b6	055469a9b0b6	055469a9b0b6	
D-TAKE-V84	String	String.wz/Skill.img	String.wz/Skill.img/20011026	v84	OK-UNCHANGED-VACUOUS	VACUOUS	v84	7ab9f79221b4	7ab9f79221b4	7ab9f79221b4	7ab9f79221b4	
D-TAKE-V84	String	String.wz/Skill.img	String.wz/Skill.img/20011027	v84	OK-UNCHANGED-VACUOUS	VACUOUS	v84	2e12a3c35246	2e12a3c35246	2e12a3c35246	2e12a3c35246	
D-TAKE-V84	String	String.wz/Skill.img	String.wz/Skill.img/20011028	v84	OK-UNCHANGED-VACUOUS	VACUOUS	v84	b73460e2e18a	b73460e2e18a	b73460e2e18a	b73460e2e18a	
D-TAKE-V84	String	String.wz/Skill.img	String.wz/Skill.img/20011029	v84	OK-UNCHANGED-VACUOUS	VACUOUS	v84	5b00dab81964	5b00dab81964	5b00dab81964	5b00dab81964	
D-TAKE-V84	String	String.wz/Skill.img	String.wz/Skill.img/20011030	v84	OK-UNCHANGED-VACUOUS	VACUOUS	v84	900a9dc32112	900a9dc32112	900a9dc32112	900a9dc32112	
D-TAKE-V84	String	String.wz/Skill.img	String.wz/Skill.img/20011031	v84	OK-UNCHANGED-VACUOUS	VACUOUS	v84	15207c5183de	15207c5183de	15207c5183de	15207c5183de	
D-TAKE-V84	String	String.wz/Skill.img	String.wz/Skill.img/20011037	v84	OK-UNCHANGED-VACUOUS	VACUOUS	v84	af5788a35d94	af5788a35d94	af5788a35d94	af5788a35d94	
D-TAKE-V84	String	String.wz/Skill.img	String.wz/Skill.img/20011038	v84	OK-UNCHANGED-VACUOUS	VACUOUS	v84	3fb63fd25e31	3fb63fd25e31	3fb63fd25e31	3fb63fd25e31	
D-TAKE-V84	String	String.wz/Skill.img	String.wz/Skill.img/20011039	v84	OK-UNCHANGED-VACUOUS	VACUOUS	v84	a787138ab98e	a787138ab98e	a787138ab98e	a787138ab98e	
D-TAKE-V84	String	String.wz/Skill.img	String.wz/Skill.img/20019000	v84	OK-UNCHANGED-VACUOUS	VACUOUS	v84	cfc30c6c76c0	cfc30c6c76c0	cfc30c6c76c0	cfc30c6c76c0	
D-TAKE-V84	String	String.wz/Skill.img	String.wz/Skill.img/20019001	v84	OK-UNCHANGED-VACUOUS	VACUOUS	v84	636510e72c46	636510e72c46	636510e72c46	636510e72c46	
D-TAKE-V84	String	String.wz/Skill.img	String.wz/Skill.img/20019002	v84	OK-UNCHANGED-VACUOUS	VACUOUS	v84	522e6a0d5c16	522e6a0d5c16	522e6a0d5c16	522e6a0d5c16	
D-TAKE-V84	String	String.wz/Skill.img	String.wz/Skill.img/2200	v84	OK-UNCHANGED-VACUOUS	VACUOUS	v84	8b5b1e517398	8b5b1e517398	8b5b1e517398	8b5b1e517398	
D-TAKE-V84	String	String.wz/Skill.img	String.wz/Skill.img/22000000	v84	OK-UNCHANGED-VACUOUS	VACUOUS	v84	7b5561f203c9	7b5561f203c9	7b5561f203c9	7b5561f203c9	
D-TAKE-V84	String	String.wz/Skill.img	String.wz/Skill.img/22001001	v84	OK-UNCHANGED-VACUOUS	VACUOUS	v84	f20ecefdd3eb	f20ecefdd3eb	f20ecefdd3eb	f20ecefdd3eb	
D-TAKE-V84	String	String.wz/Skill.img	String.wz/Skill.img/2210	v84	OK-UNCHANGED-VACUOUS	VACUOUS	v84	cf7b13415c1e	cf7b13415c1e	cf7b13415c1e	cf7b13415c1e	
D-TAKE-V84	String	String.wz/Skill.img	String.wz/Skill.img/22101000	v84	OK-UNCHANGED-VACUOUS	VACUOUS	v84	2856174a5995	2856174a5995	2856174a5995	2856174a5995	
D-TAKE-V84	String	String.wz/Skill.img	String.wz/Skill.img/22101001	v84	OK-UNCHANGED-VACUOUS	VACUOUS	v84	62109bece6b9	62109bece6b9	62109bece6b9	62109bece6b9	
D-TAKE-V84	String	String.wz/Skill.img	String.wz/Skill.img/2211	v84	OK-UNCHANGED-VACUOUS	VACUOUS	v84	1298bc9badc6	1298bc9badc6	1298bc9badc6	1298bc9badc6	
D-TAKE-V84	String	String.wz/Skill.img	String.wz/Skill.img/22111000	v84	OK-UNCHANGED-VACUOUS	VACUOUS	v84	f99c17d687ce	f99c17d687ce	f99c17d687ce	f99c17d687ce	
D-TAKE-V84	String	String.wz/Skill.img	String.wz/Skill.img/22111001	v84	OK-UNCHANGED-VACUOUS	VACUOUS	v84	3ac3b836c4d9	3ac3b836c4d9	3ac3b836c4d9	3ac3b836c4d9	
D-TAKE-V84	String	String.wz/Skill.img	String.wz/Skill.img/2212	v84	OK-UNCHANGED-VACUOUS	VACUOUS	v84	a494821a05a0	a494821a05a0	a494821a05a0	a494821a05a0	
D-TAKE-V84	String	String.wz/Skill.img	String.wz/Skill.img/22121000	v84	OK-UNCHANGED-VACUOUS	VACUOUS	v84	3a64a3395013	3a64a3395013	3a64a3395013	3a64a3395013	
D-TAKE-V84	String	String.wz/Skill.img	String.wz/Skill.img/22121001	v84	OK-UNCHANGED-VACUOUS	VACUOUS	v84	a21b147abd95	a21b147abd95	a21b147abd95	a21b147abd95	
D-TAKE-V84	String	String.wz/Skill.img	String.wz/Skill.img/2213	v84	OK-UNCHANGED-VACUOUS	VACUOUS	v84	d0070f77f2a7	d0070f77f2a7	d0070f77f2a7	d0070f77f2a7	
D-TAKE-V84	String	String.wz/Skill.img	String.wz/Skill.img/22131000	v84	OK-UNCHANGED-VACUOUS	VACUOUS	v84	0865bc85fc0a	0865bc85fc0a	0865bc85fc0a	0865bc85fc0a	
D-TAKE-V84	String	String.wz/Skill.img	String.wz/Skill.img/22131001	v84	OK-UNCHANGED-VACUOUS	VACUOUS	v84	7b1c94c0660e	7b1c94c0660e	7b1c94c0660e	7b1c94c0660e	
D-TAKE-V84	String	String.wz/Skill.img	String.wz/Skill.img/2214	v84	OK-UNCHANGED-VACUOUS	VACUOUS	v84	a92e7be69d90	a92e7be69d90	a92e7be69d90	a92e7be69d90	
D-TAKE-V84	String	String.wz/Skill.img	String.wz/Skill.img/22140000	v84	OK-UNCHANGED-VACUOUS	VACUOUS	v84	a83a34b3b02f	a83a34b3b02f	a83a34b3b02f	a83a34b3b02f	
D-TAKE-V84	String	String.wz/Skill.img	String.wz/Skill.img/22141001	v84	OK-UNCHANGED-VACUOUS	VACUOUS	v84	3225b15ecf2b	3225b15ecf2b	3225b15ecf2b	3225b15ecf2b	
D-TAKE-V84	String	String.wz/Skill.img	String.wz/Skill.img/22141002	v84	OK-UNCHANGED-VACUOUS	VACUOUS	v84	b6cf0fdf7ee0	b6cf0fdf7ee0	b6cf0fdf7ee0	b6cf0fdf7ee0	
D-TAKE-V84	String	String.wz/Skill.img	String.wz/Skill.img/22141003	v84	OK-UNCHANGED-VACUOUS	VACUOUS	v84	f4b28c78d306	f4b28c78d306	f4b28c78d306	f4b28c78d306	
D-TAKE-V84	String	String.wz/Skill.img	String.wz/Skill.img/2215	v84	OK-UNCHANGED-VACUOUS	VACUOUS	v84	90eaa60a82c3	90eaa60a82c3	90eaa60a82c3	90eaa60a82c3	
D-TAKE-V84	String	String.wz/Skill.img	String.wz/Skill.img/22150000	v84	OK-UNCHANGED-VACUOUS	VACUOUS	v84	815ebb6a737d	815ebb6a737d	815ebb6a737d	815ebb6a737d	
D-TAKE-V84	String	String.wz/Skill.img	String.wz/Skill.img/22151001	v84	OK-UNCHANGED-VACUOUS	VACUOUS	v84	9df328f7ffed	9df328f7ffed	9df328f7ffed	9df328f7ffed	
D-TAKE-V84	String	String.wz/Skill.img	String.wz/Skill.img/22151002	v84	OK-UNCHANGED-VACUOUS	VACUOUS	v84	f54e13f00dda	f54e13f00dda	f54e13f00dda	f54e13f00dda	
D-TAKE-V84	String	String.wz/Skill.img	String.wz/Skill.img/22151003	v84	OK-UNCHANGED-VACUOUS	VACUOUS	v84	a286666ac112	a286666ac112	a286666ac112	a286666ac112	
D-TAKE-V84	String	String.wz/Skill.img	String.wz/Skill.img/2216	v84	OK-UNCHANGED-VACUOUS	VACUOUS	v84	912cdfa247df	912cdfa247df	912cdfa247df	912cdfa247df	
D-TAKE-V84	String	String.wz/Skill.img	String.wz/Skill.img/22160000	v84	OK-UNCHANGED-VACUOUS	VACUOUS	v84	74e0900fb7b2	74e0900fb7b2	74e0900fb7b2	74e0900fb7b2	
D-TAKE-V84	String	String.wz/Skill.img	String.wz/Skill.img/22161001	v84	OK-UNCHANGED-VACUOUS	VACUOUS	v84	52131d5ddc7b	52131d5ddc7b	52131d5ddc7b	52131d5ddc7b	
D-TAKE-V84	String	String.wz/Skill.img	String.wz/Skill.img/22161002	v84	OK-UNCHANGED-VACUOUS	VACUOUS	v84	71e47e4a2899	71e47e4a2899	71e47e4a2899	71e47e4a2899	
D-TAKE-V84	String	String.wz/Skill.img	String.wz/Skill.img/22161003	v84	OK-UNCHANGED-VACUOUS	VACUOUS	v84	93425576480f	93425576480f	93425576480f	93425576480f	
D-TAKE-V84	String	String.wz/Skill.img	String.wz/Skill.img/2217	v84	OK-UNCHANGED-VACUOUS	VACUOUS	v84	dbc63b7689f5	dbc63b7689f5	dbc63b7689f5	dbc63b7689f5	
D-TAKE-V84	String	String.wz/Skill.img	String.wz/Skill.img/22170001	v84	OK-UNCHANGED-VACUOUS	VACUOUS	v84	ca5be5108583	ca5be5108583	ca5be5108583	ca5be5108583	
D-TAKE-V84	String	String.wz/Skill.img	String.wz/Skill.img/22171000	v84	OK-UNCHANGED-VACUOUS	VACUOUS	v84	4d99683653df	4d99683653df	4d99683653df	4d99683653df	
D-TAKE-V84	String	String.wz/Skill.img	String.wz/Skill.img/22171002	v84	OK-UNCHANGED-VACUOUS	VACUOUS	v84	a3e043c84d2b	a3e043c84d2b	a3e043c84d2b	a3e043c84d2b	
D-TAKE-V84	String	String.wz/Skill.img	String.wz/Skill.img/22171003	v84	OK-UNCHANGED-VACUOUS	VACUOUS	v84	9fc9c2e0cf17	9fc9c2e0cf17	9fc9c2e0cf17	9fc9c2e0cf17	
D-TAKE-V84	String	String.wz/Skill.img	String.wz/Skill.img/22171004	v84	OK-UNCHANGED-VACUOUS	VACUOUS	v84	4f9fc11a097f	4f9fc11a097f	4f9fc11a097f	4f9fc11a097f	
D-TAKE-V84	String	String.wz/Skill.img	String.wz/Skill.img/2218	v84	OK-UNCHANGED-VACUOUS	VACUOUS	v84	1409a8354847	1409a8354847	1409a8354847	1409a8354847	
D-TAKE-V84	String	String.wz/Skill.img	String.wz/Skill.img/22181000	v84	OK-UNCHANGED-VACUOUS	VACUOUS	v84	4f3ffdff56c1	4f3ffdff56c1	4f3ffdff56c1	4f3ffdff56c1	
D-TAKE-V84	String	String.wz/Skill.img	String.wz/Skill.img/22181001	v84	OK-UNCHANGED-VACUOUS	VACUOUS	v84	166840cc8f5d	166840cc8f5d	166840cc8f5d	166840cc8f5d	
D-TAKE-V84	String	String.wz/Skill.img	String.wz/Skill.img/22181002	v84	OK-UNCHANGED-VACUOUS	VACUOUS	v84	dae8cf26d646	dae8cf26d646	dae8cf26d646	dae8cf26d646	
D-TAKE-V84	String	String.wz/Skill.img	String.wz/Skill.img/22181003	v84	OK-UNCHANGED-VACUOUS	VACUOUS	v84	2055e3aa1589	2055e3aa1589	2055e3aa1589	2055e3aa1589	
D-TAKE-V84	String	String.wz/Skill.img	String.wz/Skill.img/5101005	v84	OK-UNCHANGED	REAL	v84	9268f3b250b2	9268f3b250b2	7258c7e94da0	9268f3b250b2	
D-TAKE-V84	UI	UI.wz/UIWindow.img	UI.wz/UIWindow.img/Equip	v84	OK-UNCHANGED-VACUOUS	VACUOUS	v84	27185ed4ac7e	27185ed4ac7e	27185ed4ac7e	27185ed4ac7e	
D-TAKE-V84	UI	UI.wz/UIWindow.img	UI.wz/UIWindow.img/FadeYesNo	v84	OK-UNCHANGED	REAL	v84+his-additive	da4b42fba335	da4b42fba335	05f1ade20aec	e69ae49cebe3	
D-TAKE-V84	UI	UI.wz/UIWindow.img	UI.wz/UIWindow.img/GachaCopy	v84	OK-UNCHANGED-VACUOUS	VACUOUS	v84	2a5322c2b095	2a5322c2b095	2a5322c2b095	2a5322c2b095	
D-TAKE-V84	UI	UI.wz/UIWindow.img	UI.wz/UIWindow.img/ImageFrame	v84	OK-UNCHANGED-VACUOUS	VACUOUS	v84	ec3cf75e5dc9	ec3cf75e5dc9	ec3cf75e5dc9	ec3cf75e5dc9	
D-TAKE-V84	UI	UI.wz/UIWindow.img	UI.wz/UIWindow.img/KeyConfig	v84	OK-UNCHANGED-VACUOUS	VACUOUS	v84	ba8d2442733c	ba8d2442733c	ba8d2442733c	ba8d2442733c	
D-TAKE-V84	UI	UI.wz/UIWindow.img	UI.wz/UIWindow.img/MobGage	v84	OK-UNCHANGED	REAL	v84+his-additive	ce88a1c2d0b7	ce88a1c2d0b7	eecbc3bd9cc6	ff7366ce44d6	
D-TAKE-V84	UI	UI.wz/UIWindow.img	UI.wz/UIWindow.img/PartySearch2	v84	OK-UNCHANGED-VACUOUS	VACUOUS	v84	4b40ea353dc3	4b40ea353dc3	4b40ea353dc3	4b40ea353dc3	
D-TAKE-V84	UI	UI.wz/UIWindow.img	UI.wz/UIWindow.img/QuestIcon	v84	OK-UNCHANGED-VACUOUS	VACUOUS	v84	d57fd5412d43	d57fd5412d43	d57fd5412d43	d57fd5412d43	
D-TAKE-V84	UI	UI.wz/UIWindow.img	UI.wz/UIWindow.img/Repair	v84	OK-UNCHANGED-VACUOUS	VACUOUS	v84	bfd8abad7f14	bfd8abad7f14	bfd8abad7f14	bfd8abad7f14	
D-TAKE-V84	UI	UI.wz/UIWindow.img	UI.wz/UIWindow.img/SkillEx	v84	OK-UNCHANGED-VACUOUS	VACUOUS	v84	62e42cffb40a	62e42cffb40a	62e42cffb40a	62e42cffb40a	
D-TAKE-V84	UI	UI.wz/UIWindow.img	UI.wz/UIWindow.img/SkillMacroEx	v84	OK-UNCHANGED-VACUOUS	VACUOUS	v84	c41ca5bdab12	c41ca5bdab12	c41ca5bdab12	c41ca5bdab12	
D-TAKE-V84	UI	UI.wz/UIWindow.img	UI.wz/UIWindow.img/Stat	v84	OK-UNCHANGED	REAL	v84	462e83250af2	462e83250af2	7ffa72434fec	462e83250af2	
D-TAKE-V84	UI	UI.wz/UIWindow.img	UI.wz/UIWindow.img/UserList	v84	OK-UNCHANGED-VACUOUS	VACUOUS	v84	f50010729a51	f50010729a51	f50010729a51	f50010729a51	
